lineNumber,shotId,recordType,plateType,family,capacityMl,neckFinish,geometryOrAuthorityKey,appearance,materialEvidence,sourceIdentity,sourceReferenceUrls,catalogSkuCount,cohortKeys,status,priority,authorityStatus,compatibilityStatus,nextGate,existingAssetPaths,existingAssetSha256,notes
1,shot__body__cylinder__9ml__70x20x20.0__7795014140__amber,body-appearance,body,Cylinder,9,17-415,body__cylinder__9ml__70x20x20.0__7795014140,Amber,Glass,,https://www.bestbottles.com/images/store/enlarged_pics/GBCylAmb9MtlRollBlkDot.gif | https://www.bestbottles.com/images/store/enlarged_pics/GBCylAmb9MtlRollMattCu.gif | https://www.bestbottles.com/images/store/enlarged_pics/GBCylAmb9MtlRollMattGl.gif | https://www.bestbottles.com/images/store/enlarged_pics/GBCylAmb9MtlRollMattSl.gif | https://www.bestbottles.com/images/store/enlarged_pics/GBCylAmb9MtlRollPnkDot.gif | https://www.bestbottles.com/images/store/enlarged_pics/GBCylAmb9MtlRollShBlk.gif | https://www.bestbottles.com/images/store/enlarged_pics/GBCylAmb9MtlRollShnGl.gif | https://www.bestbottles.com/images/store/enlarged_pics/GBCylAmb9MtlRollShnSl.gif | https://www.bestbottles.com/images/store/enlarged_pics/GBCylAmb9MtlRollSlDot.gif | https://www.bestbottles.com/images/store/enlarged_pics/GBCylAmb9MtlRollWht.gif | https://www.bestbottles.com/images/store/enlarged_pics/GBCylAmb9RollBlkDot.gif | https://www.bestbottles.com/images/store/enlarged_pics/GBCylAmb9SpryBlk.gif | https://www.bestbottles.com/images/store/enlarged_pics/GBCylAmb9SpryGl.gif | https://www.bestbottles.com/images/store/enlarged_pics/GBCylAmb9SpryMattSl.gif | https://www.bestbottles.com/images/store/enlarged_pics/GBCylAmb9SpryRd.gif | https://www.bestbottles.com/images/store/enlarged_pics/GBCylAmb9SpryShSl.gif | https://www.bestbottles.com/images/store/enlarged_pics/GBCylAmb9SpryTur.gif | https://www.bestbottles.com/images/store/enlarged_pics/LBCylAmb9LtnBlk.gif | https://www.bestbottles.com/images/store/enlarged_pics/LBCylAmb9LtnGl.gif | https://www.bestbottles.com/images/store/enlarged_pics/LBCylAmb9LtnMtSl.gif,20,CYL-9ML-17-415,locked-existing,P0-VERIFY,locked-local-body-authority,measured-body-geometry-only,Preserve SHA-pinned body plate and verify catalog geometry crosswalk.,assets/paper-doll/body-plates/body__cylinder__9ml__amber__70.0x20.0mm.png,c84db213449da4ef6afbcb67fad0da5811ae937c3c9c1234be801cb473ea31c3,
2,shot__body__cylinder__9ml__70x20x20.0__7795014140__clear,body-appearance,body,Cylinder,9,17-415,body__cylinder__9ml__70x20x20.0__7795014140,Clear,Glass,,https://www.bestbottles.com/images/store/enlarged_pics/GBCyl9MtlRollBlkDot.gif | https://www.bestbottles.com/images/store/enlarged_pics/GBCyl9MtlRollMattCu.gif | https://www.bestbottles.com/images/store/enlarged_pics/GBCyl9MtlRollMattGl.gif | https://www.bestbottles.com/images/store/enlarged_pics/GBCyl9MtlRollMattSl.gif | https://www.bestbottles.com/images/store/enlarged_pics/GBCyl9MtlRollPnkDot.gif | https://www.bestbottles.com/images/store/enlarged_pics/GBCyl9MtlRollShBlk.gif | https://www.bestbottles.com/images/store/enlarged_pics/GBCyl9MtlRollShnGl.gif | https://www.bestbottles.com/images/store/enlarged_pics/GBCyl9MtlRollShnSl.gif | https://www.bestbottles.com/images/store/enlarged_pics/GBCyl9MtlRollSlDot.gif | https://www.bestbottles.com/images/store/enlarged_pics/GBCyl9MtlRollWht.gif | https://www.bestbottles.com/images/store/enlarged_pics/GBCyl9RollBlkDot.gif | https://www.bestbottles.com/images/store/enlarged_pics/GBCyl9SpryBlk.gif | https://www.bestbottles.com/images/store/enlarged_pics/GBCyl9SpryGl.gif | https://www.bestbottles.com/images/store/enlarged_pics/GBCyl9SpryMattSl.gif | https://www.bestbottles.com/images/store/enlarged_pics/GBCyl9SpryRd.gif | https://www.bestbottles.com/images/store/enlarged_pics/GBCyl9SpryShSl.gif | https://www.bestbottles.com/images/store/enlarged_pics/GBCyl9SpryTur.gif | https://www.bestbottles.com/images/store/enlarged_pics/LBCyl9LtnBlk.gif | https://www.bestbottles.com/images/store/enlarged_pics/LBCyl9LtnGl.gif | https://www.bestbottles.com/images/store/enlarged_pics/LBCyl9LtnMtSl.gif,20,CYL-9ML-17-415,locked-existing,P0-VERIFY,locked-local-body-authority,measured-body-geometry-only,Preserve SHA-pinned body plate and verify catalog geometry crosswalk.,assets/paper-doll/body-plates/body__cylinder__9ml__clear__70.0x20.0mm.png,97cfe967a4ab02ba4de51c07416c80df54244adf8dfab95406a36f4fe90e933f,
3,shot__body__cylinder__9ml__70x20x20.0__7795014140__cobalt-blue,body-appearance,body,Cylinder,9,17-415,body__cylinder__9ml__70x20x20.0__7795014140,Cobalt Blue,Glass,,https://www.bestbottles.com/images/store/enlarged_pics/GBCylBlu9MtlRollBlkDot.gif | https://www.bestbottles.com/images/store/enlarged_pics/GBCylBlu9MtlRollMattCu.gif | https://www.bestbottles.com/images/store/enlarged_pics/GBCylBlu9MtlRollMattGl.gif | https://www.bestbottles.com/images/store/enlarged_pics/GBCylBlu9MtlRollMattSl.gif | https://www.bestbottles.com/images/store/enlarged_pics/GBCylBlu9MtlRollPnkDot.gif | https://www.bestbottles.com/images/store/enlarged_pics/GBCylBlu9MtlRollShBlk.gif | https://www.bestbottles.com/images/store/enlarged_pics/GBCylBlu9MtlRollShnGl.gif | https://www.bestbottles.com/images/store/enlarged_pics/GBCylBlu9MtlRollShnSl.gif | https://www.bestbottles.com/images/store/enlarged_pics/GBCylBlu9MtlRollSlDot.gif | https://www.bestbottles.com/images/store/enlarged_pics/GBCylBlu9MtlRollWht.gif | https://www.bestbottles.com/images/store/enlarged_pics/GBCylBlu9RollBlkDot.gif | https://www.bestbottles.com/images/store/enlarged_pics/GBCylBlu9SpryBlk.gif | https://www.bestbottles.com/images/store/enlarged_pics/GBCylBlu9SpryGl.gif | https://www.bestbottles.com/images/store/enlarged_pics/GBCylBlu9SpryMattSl.gif | https://www.bestbottles.com/images/store/enlarged_pics/GBCylBlu9SpryRd.gif | https://www.bestbottles.com/images/store/enlarged_pics/GBCylBlu9SpryShSl.gif | https://www.bestbottles.com/images/store/enlarged_pics/GBCylBlu9SpryTur.gif | https://www.bestbottles.com/images/store/enlarged_pics/LBCylBlu9LtnBlk.gif | https://www.bestbottles.com/images/store/enlarged_pics/LBCylBlu9LtnGl.gif | https://www.bestbottles.com/images/store/enlarged_pics/LBCylBlu9LtnMattSl.gif,20,CYL-9ML-17-415,locked-existing,P0-VERIFY,locked-local-body-authority,measured-body-geometry-only,Preserve SHA-pinned body plate and verify catalog geometry crosswalk.,assets/paper-doll/body-plates/body__cylinder__9ml__cobalt__70.0x20.0mm.png,87804d45a242795aaecf10d677ad469b22803e2f2476421ffbce5d4d944f148c,
4,shot__supplemental__body__cyl9__frosted,supplemental-existing,body,CYL-9ML local pilot,9,17-415,body__cylinder__9ml__frosted__70.0x20.0mm@c844fb9f3a6f,Frosted,glass,,,,CYL-9ML-17-415,locked-existing,P0-TRUTH,locked-local-body-authority,catalog-geometry-crosswalk-review-required,Preserve locked pixels and resolve the canonical geometry alias before source-backed coverage is claimed.,assets/paper-doll/body-plates/body__cylinder__9ml__frosted__70.0x20.0mm.png,c844fb9f3a6ffb467daa02d17cb2378b659fc2e0be166f13073bb7b4f8422956,Locked Frosted/Swirl plate has no exact 70×20 source appearance row in the current canonical geometry snapshot.
5,shot__supplemental__body__cyl9__swirl,supplemental-existing,body,CYL-9ML local pilot,9,17-415,body__cylinder__9ml__swirl__70.0x20.0mm@c2b67ee9151d,Swirl,glass,,,,CYL-9ML-17-415,locked-existing,P0-TRUTH,locked-local-body-authority,catalog-geometry-crosswalk-review-required,Preserve locked pixels and resolve the canonical geometry alias before source-backed coverage is claimed.,assets/paper-doll/body-plates/body__cylinder__9ml__swirl__70.0x20.0mm.png,c2b67ee9151dc89d44d3a8d65a112b908bb84a2c833ba0bcf643b16586371e68,Locked Frosted/Swirl plate has no exact 70×20 source appearance row in the current canonical geometry snapshot.
6,shot__component__cap__17-415__cproll17-415blkdot__49f92c60,component-source,cap,Roll-On Cap,,17-415,component__cap__17-415__cproll17-415blkdot__49f92c60,Black · Plastic Roller Ball · Roll-On,Component (see capStyle/applicator),CpRoll17-415BlkDot,https://www.bestbottles.com/images/store/enlarged_pics/CpRoll17-415BlkDot.gif,,,authority-existing-local,P0-VERIFY,local-pilot-authority-exists,unverified,Approve material pixels and family fit through the production lifecycle.,assets/paper-doll/authority-masks/cyl9/closure__17-415__rollon-overcap__v2__mask.png | outputs/paper-doll-plates/cap-regen-sources/CpRoll17-415BlkDot.png,46c5d1690912fcd01982d7adc36bf1f40057050a4274dadae2c97f6ca21ff1be | f71cc4fb0ac78883574949fd8d932b7c5ec7fcf4417a7821e41378a8aff6ae0a,
7,shot__component__cap__17-415__cproll17-415cu__5dee651b,component-source,cap,Roll-On Cap,,17-415,component__cap__17-415__cproll17-415cu__5dee651b,Copper · Plastic Roller Ball · Roll-On,Component (see capStyle/applicator),CpRoll17-415Cu,https://www.bestbottles.com/images/store/enlarged_pics/CpRoll17-415Cu.gif,,,authority-existing-local,P0-VERIFY,local-pilot-authority-exists,unverified,Approve material pixels and family fit through the production lifecycle.,assets/paper-doll/authority-masks/cyl9/closure__17-415__rollon-overcap__v2__mask.png | outputs/paper-doll-plates/cap-regen-sources/CpRoll17-415Cu.png,46c5d1690912fcd01982d7adc36bf1f40057050a4274dadae2c97f6ca21ff1be | da3f178ef7f864030b3377e342c24078c0db185c1312b493df2b7b658aabddeb,
8,shot__component__cap__17-415__cproll17-415mattgl__84801476,component-source,cap,Roll-On Cap,,17-415,component__cap__17-415__cproll17-415mattgl__84801476,Matte Gold · Plastic Roller Ball · Roll-On,Component (see capStyle/applicator),CpRoll17-415MattGl,https://www.bestbottles.com/images/store/enlarged_pics/CpRoll17-415MattGl.gif,,,authority-existing-local,P0-VERIFY,local-pilot-authority-exists,unverified,Approve material pixels and family fit through the production lifecycle.,assets/paper-doll/authority-masks/cyl9/closure__17-415__rollon-overcap__v2__mask.png | outputs/paper-doll-plates/cap-regen-sources/CpRoll17-415MattGl.png,46c5d1690912fcd01982d7adc36bf1f40057050a4274dadae2c97f6ca21ff1be | c923d7433aa3db4fa12ddde24a14e87133dc5f76c7b48c4a7d8911dcb0cf1d41,
9,shot__component__cap__17-415__cproll17-415mattsl__e2a4e77d,component-source,cap,Roll-On Cap,,17-415,component__cap__17-415__cproll17-415mattsl__e2a4e77d,Matte Silver · Plastic Roller Ball · Roll-On,Component (see capStyle/applicator),CpRoll17-415MattSl,https://www.bestbottles.com/images/store/enlarged_pics/CpRoll17-415MattSl.gif,,,authority-existing-local,P0-VERIFY,local-pilot-authority-exists,unverified,Approve material pixels and family fit through the production lifecycle.,assets/paper-doll/authority-masks/cyl9/closure__17-415__rollon-overcap__v2__mask.png | outputs/paper-doll-plates/cap-regen-sources/CpRoll17-415MattSl.png,46c5d1690912fcd01982d7adc36bf1f40057050a4274dadae2c97f6ca21ff1be | 5de4add9da33fcd4ab11352bbebdd0dfa7011aec76c1b7f5806f264420245592,
10,shot__component__cap__17-415__cproll17-415pnkdot__ee412132,component-source,cap,Roll-On Cap,,17-415,component__cap__17-415__cproll17-415pnkdot__ee412132,Pink · Plastic Roller Ball · Roll-On,Component (see capStyle/applicator),CpRoll17-415PnkDot,https://www.bestbottles.com/images/store/enlarged_pics/CpRoll17-415PnkDot.gif,,,authority-existing-local,P0-VERIFY,local-pilot-authority-exists,unverified,Approve material pixels and family fit through the production lifecycle.,assets/paper-doll/authority-masks/cyl9/closure__17-415__rollon-overcap__v2__mask.png | outputs/paper-doll-plates/cap-regen-sources/CpRoll17-415PnkDot.png,46c5d1690912fcd01982d7adc36bf1f40057050a4274dadae2c97f6ca21ff1be | 88e8a8d47953d36a562ce8ab91feac38e261f7ef4c57f29ff0119fa66619d33c,
11,shot__component__cap__17-415__cproll17-415shnblk__2bd8fa64,component-source,cap,Roll-On Cap,,17-415,component__cap__17-415__cproll17-415shnblk__2bd8fa64,Plastic Roller Ball · Roll-On · Shiny Black,Component (see capStyle/applicator),CpRoll17-415ShnBlk,https://www.bestbottles.com/images/store/enlarged_pics/CpRoll17-415ShnBlk.gif,,,authority-existing-local,P0-VERIFY,local-pilot-authority-exists,unverified,Approve material pixels and family fit through the production lifecycle.,assets/paper-doll/authority-masks/cyl9/closure__17-415__rollon-overcap__v2__mask.png | outputs/paper-doll-plates/cap-regen-sources/CpRoll17-415ShnBlk.png,371e59fa7400223900a82121dd2508176bf20e34e699bc44cf2e280e51a82e43 | 46c5d1690912fcd01982d7adc36bf1f40057050a4274dadae2c97f6ca21ff1be,
12,shot__component__cap__17-415__cproll17-415shngl__55ef4abc,component-source,cap,Roll-On Cap,,17-415,component__cap__17-415__cproll17-415shngl__55ef4abc,Plastic Roller Ball · Roll-On · Shiny Gold,Component (see capStyle/applicator),CpRoll17-415ShnGl,https://www.bestbottles.com/images/store/enlarged_pics/CpRoll17-415ShnGl.gif,,,authority-existing-local,P0-VERIFY,local-pilot-authority-exists,unverified,Approve material pixels and family fit through the production lifecycle.,assets/paper-doll/authority-masks/cyl9/closure__17-415__rollon-overcap__v2__mask.png | outputs/paper-doll-plates/cap-regen-sources/CpRoll17-415ShnGl.png,0105445b1a6e978a8cfcdb6de66e7eca2c90ae1f4e5677a463f0fc8a045c7992 | 46c5d1690912fcd01982d7adc36bf1f40057050a4274dadae2c97f6ca21ff1be,
13,shot__component__cap__17-415__cproll17-415shnsl__576019c5,component-source,cap,Roll-On Cap,,17-415,component__cap__17-415__cproll17-415shnsl__576019c5,Plastic Roller Ball · Roll-On · Shiny Silver,Component (see capStyle/applicator),CpRoll17-415ShnSl,https://www.bestbottles.com/images/store/enlarged_pics/CpRoll17-415ShnSl.gif,,,authority-existing-local,P0-VERIFY,local-pilot-authority-exists,unverified,Approve material pixels and family fit through the production lifecycle.,assets/paper-doll/authority-masks/cyl9/closure__17-415__rollon-overcap__v2__mask.png | outputs/paper-doll-plates/cap-regen-sources/CpRoll17-415ShnSl.png,023227623dacac68bc3cf8951ba5834af03d6a3539a39486d7d83fd3845a9220 | 46c5d1690912fcd01982d7adc36bf1f40057050a4274dadae2c97f6ca21ff1be,
14,shot__component__cap__17-415__cproll17-415sldot__6a4ba828,component-source,cap,Roll-On Cap,,17-415,component__cap__17-415__cproll17-415sldot__6a4ba828,Plastic Roller Ball · Roll-On · Silver,Component (see capStyle/applicator),CpRoll17-415SlDot,https://www.bestbottles.com/images/store/enlarged_pics/CpRoll17-415SlDot.gif,,,authority-existing-local,P0-VERIFY,local-pilot-authority-exists,unverified,Approve material pixels and family fit through the production lifecycle.,assets/paper-doll/authority-masks/cyl9/closure__17-415__rollon-overcap__v2__mask.png | outputs/paper-doll-plates/cap-regen-sources/CpRoll17-415SlDot.png,1ecde0caa9f33792b010d6ba876c1b98e59cd821a65d2263a24008d5fef458e2 | 46c5d1690912fcd01982d7adc36bf1f40057050a4274dadae2c97f6ca21ff1be,
15,shot__component__cap__17-415__cproll17-415white__20a5400a,component-source,cap,Roll-On Cap,,17-415,component__cap__17-415__cproll17-415white__20a5400a,Plastic Roller Ball · Roll-On · White,Component (see capStyle/applicator),CpRoll17-415White,https://www.bestbottles.com/images/store/enlarged_pics/CpRoll17-415White.gif,,,authority-existing-local,P0-VERIFY,local-pilot-authority-exists,unverified,Approve material pixels and family fit through the production lifecycle.,assets/paper-doll/authority-masks/cyl9/closure__17-415__rollon-overcap__v2__mask.png | outputs/paper-doll-plates/cap-regen-sources/CpRoll17-415White.png,46c5d1690912fcd01982d7adc36bf1f40057050a4274dadae2c97f6ca21ff1be | 47f7377150209b401e013ad640610feaeb529ac13054deee388420eeeb8ebd6d,
16,shot__component__pump__17-415__ltn17-415blk__ccca00d1,component-source,pump,Roll-On Cap,,17-415,component__pump__17-415__ltn17-415blk__ccca00d1,Black · Pump,Component (see capStyle/applicator),Ltn17-415Blk,https://www.bestbottles.com/images/store/enlarged_pics/Ltn17-415Blk.gif,,,authority-existing-local,P0-VERIFY,local-pilot-authority-exists,unverified,Approve material pixels and family fit through the production lifecycle.,assets/paper-doll/authority-masks/cyl9/pump__17-415__BLK__v1__mask.png | outputs/paper-doll-plates/cap-regen-sources/Ltn17-415Blk.png,67c467bb0cb91f6f50e16742c02aaf1a621562c7fe534635a5d0be4155341553 | c543dce2d771a63605b9c64a502e07bdb7a0360fea72894dc8f52bf6ee8f2a10,
17,shot__component__pump__17-415__ltn17-415mattsl__a9b5e97c,component-source,pump,Roll-On Cap,,17-415,component__pump__17-415__ltn17-415mattsl__a9b5e97c,Matte Silver · Pump,Component (see capStyle/applicator),Ltn17-415MattSl,https://www.bestbottles.com/images/store/enlarged_pics/Ltn17-415MattSl.gif,,,authority-existing-local,P0-VERIFY,local-pilot-authority-exists,unverified,Approve material pixels and family fit through the production lifecycle.,assets/paper-doll/authority-masks/cyl9/pump__17-415__MSLV__v1__mask.png | outputs/paper-doll-plates/cap-regen-sources/Ltn17-415MattSl.png,52c046c8c292506f81819c951b81b9038625a1a6c9420f0b14b1d8c2fb09e687 | a93d64fa7aabec45b17dc27a0d4a86988fef29e12bd028c2ca8a88f725082ca0,
18,shot__component__pump__17-415__ltn17-415gl__d57ebb10,component-source,pump,Roll-On Cap,,17-415,component__pump__17-415__ltn17-415gl__d57ebb10,Pump · Shiny Gold,Component (see capStyle/applicator),Ltn17-415Gl,https://www.bestbottles.com/images/store/enlarged_pics/Ltn17-415Gl.gif,,,authority-existing-local,P0-VERIFY,local-pilot-authority-exists,unverified,Approve material pixels and family fit through the production lifecycle.,assets/paper-doll/authority-masks/cyl9/pump__17-415__GLD__v1__mask.png | outputs/paper-doll-plates/cap-regen-sources/Ltn17-415Gl.png,3977798c8268fbbadb8f5b3034ca4c3e726c1f606f69fd0e1156baa526104402 | 96b91ce40b5baac460fd9aa6a331bb418f012c41055e6311b068acceaa17db0a,
19,shot__component__sprayer__17-415__spry17-415blk__24fc6c13,component-source,sprayer,Sprayer,,17-415,component__sprayer__17-415__spry17-415blk__24fc6c13,Black · Fine Mist Sprayer · Spray,Component (see capStyle/applicator),Spry17-415Blk,https://www.bestbottles.com/images/store/enlarged_pics/Spry17-415Blk.gif,,,authority-existing-local,P0-VERIFY,local-pilot-authority-exists,unverified,Approve material pixels and family fit through the production lifecycle.,assets/paper-doll/authority-masks/cyl9/sprayer__17-415__BLK__v1__mask.png | outputs/paper-doll-plates/cap-regen-sources/Spry17-415Blk.png,67c467bb0cb91f6f50e16742c02aaf1a621562c7fe534635a5d0be4155341553 | cb5f3b0859321744fc8d4ac36e98f7b93b978ef1562f3e466bb7b754df5c3e21,
20,shot__component__sprayer__17-415__spry17-415mattsl__e023a319,component-source,sprayer,Sprayer,,17-415,component__sprayer__17-415__spry17-415mattsl__e023a319,Fine Mist Sprayer · Matte Silver · Spray,Component (see capStyle/applicator),Spry17-415MattSl,https://www.bestbottles.com/images/store/enlarged_pics/Spry17-415MattSl.gif,,,authority-existing-local,P0-VERIFY,local-pilot-authority-exists,unverified,Approve material pixels and family fit through the production lifecycle.,assets/paper-doll/authority-masks/cyl9/sprayer__17-415__MSLV__v1__mask.png | outputs/paper-doll-plates/cap-regen-sources/Spry17-415MattSl.png,52c046c8c292506f81819c951b81b9038625a1a6c9420f0b14b1d8c2fb09e687 | a1d4328aea3d3f5aa75e6008b652e8c1e4c38c3e43492b7d3f9e00b7b604d8bb,
21,shot__component__sprayer__17-415__spry17-415red__0838df8e,component-source,sprayer,Sprayer,,17-415,component__sprayer__17-415__spry17-415red__0838df8e,Fine Mist Sprayer · Red · Spray,Component (see capStyle/applicator),Spry17-415Red,https://www.bestbottles.com/images/store/enlarged_pics/Spry17-415Red.gif,,,authority-existing-local,P0-VERIFY,local-pilot-authority-exists,unverified,Approve material pixels and family fit through the production lifecycle.,assets/paper-doll/authority-masks/cyl9/sprayer__17-415__RED__v1__mask.png | outputs/paper-doll-plates/cap-regen-sources/Spry17-415Red.png,2d49558a6719439312542fa7093987c28c348a544db9a6650a8fe7d14bc84da9 | d41143f9dcaaaa2784a99631e1eec0f74aac939433a6a2d1be698fdca37c4819,
22,shot__component__sprayer__17-415__spry17-415tur__6eec082c,component-source,sprayer,Sprayer,,17-415,component__sprayer__17-415__spry17-415tur__6eec082c,Fine Mist Sprayer · Shiny · Spray,Component (see capStyle/applicator),Spry17-415Tur,https://www.bestbottles.com/images/store/enlarged_pics/Spry17-415Tur.gif,,,authority-existing-local,P0-VERIFY,local-pilot-authority-exists,unverified,Approve material pixels and family fit through the production lifecycle.,assets/paper-doll/authority-masks/cyl9/sprayer__17-415__TUR__v1__mask.png | outputs/paper-doll-plates/cap-regen-sources/Spry17-415Tur.png,2dfbb5b81ff3d32f57fa3989909b5a334597723eba16da79e1d4f9d6d0d07160 | 8389128411835efd64cf70b2d303bc33fc65ddfde9fb189455a21ba739f4e9ba,
23,shot__component__sprayer__17-415__spry17-415gl__d7d8886d,component-source,sprayer,Sprayer,,17-415,component__sprayer__17-415__spry17-415gl__d7d8886d,Fine Mist Sprayer · Shiny Gold · Spray,Component (see capStyle/applicator),Spry17-415Gl,https://www.bestbottles.com/images/store/enlarged_pics/Spry17-415Gl.gif,,,authority-existing-local,P0-VERIFY,local-pilot-authority-exists,unverified,Approve material pixels and family fit through the production lifecycle.,assets/paper-doll/authority-masks/cyl9/sprayer__17-415__GLD__v1__mask.png | outputs/paper-doll-plates/cap-regen-sources/Spry17-415Gl.png,3977798c8268fbbadb8f5b3034ca4c3e726c1f606f69fd0e1156baa526104402 | 6a38f9a617fb299e031ee50ba5fbc4352c5f8bfa338d276396f1ad86b6df2574,
24,shot__component__sprayer__17-415__spry17-415shnsl__0617217c,component-source,sprayer,Sprayer,,17-415,component__sprayer__17-415__spry17-415shnsl__0617217c,Fine Mist Sprayer · Shiny Silver · Spray,Component (see capStyle/applicator),Spry17-415ShnSl,https://www.bestbottles.com/images/store/enlarged_pics/Spry17-415ShnSl.gif,,,authority-existing-local,P0-VERIFY,local-pilot-authority-exists,unverified,Approve material pixels and family fit through the production lifecycle.,assets/paper-doll/authority-masks/cyl9/sprayer__17-415__SSLV__v1__mask.png | outputs/paper-doll-plates/cap-regen-sources/Spry17-415ShnSl.png,3349fdc0b740905fcb6193499d92eff913479116faf5b981a64d03fb5f1df042 | 624e60c8f927ba1da00db3ff254b7cbcd2eb7e7ffe40daa3ab5ed41fcd9a884e,
25,shot__supplemental__overcap-17-415-lotion-trns__lotion-trns,supplemental-existing,overcap,CYL-9ML local pilot,9,17-415,overcap__17-415__lotion-translucent__v1,lotion-translucent,translucent,,,,CYL-9ML-17-415,authority-existing-local,P0-VERIFY,approved,local-pilot-only,Retain local authority; establish exact catalog source/compatibility identity before cross-family reuse.,assets/paper-doll/authority-masks/cyl9/overcap__17-415__lotion-translucent__v1__mask.png | outputs/paper-doll-plates/cap-regen-sources/OverCap17-415-Lotion-Translucent.png,1b5980d6e673e9defe20c16721c694dc5c3ee99614dcf128d0c11f83a5ed05ce | ed1a5c17d4fada850e3a41bee36a01ad8829b6adeeb13b29d26306dddca69470,Local functional plate has no independent canonical component-source row.
26,shot__supplemental__overcap-17-415-spray-trns__spray-trns,supplemental-existing,overcap,CYL-9ML local pilot,9,17-415,overcap__17-415__spray-translucent__v1,spray-translucent,translucent,,,,CYL-9ML-17-415,authority-existing-local,P0-VERIFY,approved,local-pilot-only,Retain local authority; establish exact catalog source/compatibility identity before cross-family reuse.,assets/paper-doll/authority-masks/cyl9/overcap__17-415__spray-translucent__v1__mask.png | outputs/paper-doll-plates/cap-regen-sources/OverCap17-415-Spray-Translucent.png,4aeb97ec447c8db30721da98ff6058f3ac1268303d1d864f8d1519fa926a85ba | da32c09f468e80be9d5f9410f4e69b403a82d011757e9ea60a6127e66de46e12,Local functional plate has no independent canonical component-source row.
27,shot__supplemental__roller-17-415-metal__metal,supplemental-existing,roller,CYL-9ML local pilot,9,17-415,roller__17-415__shared__v1,mirror-chrome-ball,roller-steel-ball,,,,CYL-9ML-17-415,authority-existing-local,P0-VERIFY,approved,local-pilot-only,Retain local authority; establish exact catalog source/compatibility identity before cross-family reuse.,assets/paper-doll/authority-masks/cyl9/roller__17-415__shared__v1__mask.png | outputs/paper-doll-plates/cap-regen-sources/RollerBall17-415-Metal.png,b02b1d26a2dff724a4d19b5edce062073cc19a703cbc62a22ad782605739af41 | d81c15b7658d3e410994123b709f63f99e0fc3339a9ded1c8e11cb118f400034,Local functional plate has no independent canonical component-source row.
28,shot__supplemental__roller-17-415-plastic__plastic,supplemental-existing,roller,CYL-9ML local pilot,9,17-415,roller__17-415__shared__v1,natural-plastic,roller-plastic,,,,CYL-9ML-17-415,authority-existing-local,P0-VERIFY,approved,local-pilot-only,Retain local authority; establish exact catalog source/compatibility identity before cross-family reuse.,assets/paper-doll/authority-masks/cyl9/roller__17-415__shared__v1__mask.png | outputs/paper-doll-plates/cap-regen-sources/RollerBall17-415-Plastic.png,8930a975f0013ecf539e282926d57e79222c3e698906c975e092a847b92855a9 | b02b1d26a2dff724a4d19b5edce062073cc19a703cbc62a22ad782605739af41,Local functional plate has no independent canonical component-source row.
29,shot__body__aluminum-bottle__65ml__94x36x36.0__385555e6ac__clear,body-appearance,body,Aluminum Bottle,65,20-410,body__aluminum-bottle__65ml__94x36x36.0__385555e6ac,Clear,Aluminum (brushed),,https://www.bestbottles.com/images/store/enlarged_pics/Alu65mlLotionPumpBlack.gif,1,ALUMINUM-BOTTLE-65ML-20-410,manual-review-required,P0-TRUTH,missing,measured-body-geometry-only,Resolve catalog geometry/body-color truth before authority creation.,,,convex_height_corrected_by_site(was=105.0)×1 | convex_widthaxis_corrected_by_site(was=40.0)×1
30,shot__body__aluminum-bottle__65ml__94x36x36.0__385555e6ac__white,body-appearance,body,Aluminum Bottle,65,20-410,body__aluminum-bottle__65ml__94x36x36.0__385555e6ac,White,Aluminum (brushed),,https://www.bestbottles.com/images/store/enlarged_pics/Alu65mlLotionPumpWhite.gif,1,ALUMINUM-BOTTLE-65ML-20-410,manual-review-required,P0-TRUTH,missing,measured-body-geometry-only,Resolve catalog geometry/body-color truth before authority creation.,,,convex_height_corrected_by_site(was=105.0)×1 | convex_widthaxis_corrected_by_site(was=40.0)×1
31,shot__body__aluminum-bottle__250ml__128x60x60.0__e8297c0518__clear,body-appearance,body,Aluminum Bottle,250,20-410,body__aluminum-bottle__250ml__128x60x60.0__e8297c0518,Clear,Aluminum (brushed),,https://cdn.shopify.com/s/files/1/0739/9420/7524/files/1779263753602-a62a4b27-dd0f-4fe9-99ee-aa4c1661a3c1_50e823bc-3c02-443d-b26b-a7b27b3a696a.png?v=1781510385,1,ALUMINUM-BOTTLE-250ML-20-410,manual-review-required,P0-TRUTH,missing,measured-body-geometry-only,Resolve catalog geometry/body-color truth before authority creation.,,,d:override_applied×1 | h:override_applied×1
32,shot__body__bell__10ml__55x27x27.0__3cf7b29787__clear,body-appearance,body,Bell,10,13-415,body__bell__10ml__55x27x27.0__3cf7b29787,Clear,Glass,,https://cdn.shopify.com/s/files/1/0739/9420/7524/files/master_corrected_1779585406639_0wb6yh.png?v=1779588183 | https://cdn.shopify.com/s/files/1/0739/9420/7524/files/master_corrected_1781857434439_h6p8jw.png?v=1781857590 | https://www.bestbottles.com/images/store/enlarged_pics/GBBell10BlkShSht.gif | https://www.bestbottles.com/images/store/enlarged_pics/GBBell10MtlRollBlkDot.gif | https://www.bestbottles.com/images/store/enlarged_pics/GBBell10RollBlkDot.gif | https://www.bestbottles.com/images/store/enlarged_pics/GBBell10SpryBlkSh.gif,4,BELL-10ML-13-415,manual-review-required,P0-TRUTH,missing,measured-body-geometry-only,Resolve catalog geometry/body-color truth before authority creation.,,,d:override_applied×3 | h:override_applied×3
33,shot__body__boston-round__15ml__68x25x25.0__a715257e0b__amber,body-appearance,body,Boston Round,15,18-400,body__boston-round__15ml__68x25x25.0__a715257e0b,Amber,Glass,,https://www.bestbottles.com/images/store/enlarged_pics/GBBstnAmb15mlBlkCapSht.gif | https://www.bestbottles.com/images/store/enlarged_pics/GBBstnAmb15mlBlkDropper.gif | https://www.bestbottles.com/images/store/enlarged_pics/GBBstnAmb15mlBlkDropperGlTrim.gif | https://www.bestbottles.com/images/store/enlarged_pics/GBBstnAmb15mlBlkDropperSlTrim.gif | https://www.bestbottles.com/images/store/enlarged_pics/GBBstnAmb15mlWhtDropper.gif | https://www.bestbottles.com/images/store/enlarged_pics/GBBstnAmb15mlWhtDropperGlTrim.gif | https://www.bestbottles.com/images/store/enlarged_pics/GBBstnAmb15mlWhtDropperSlTrim.gif,7,BOSTON-ROUND-15ML-18-400,manual-review-required,P0-TRUTH,missing,measured-body-geometry-only,Resolve catalog geometry/body-color truth before authority creation.,,,d:override_applied×1 | h:override_applied×1
34,shot__body__boston-round__15ml__68x25x25.0__a715257e0b__clear,body-appearance,body,Boston Round,15,18-400,body__boston-round__15ml__68x25x25.0__a715257e0b,Clear,Glass,,https://cdn.shopify.com/s/files/1/0739/9420/7524/files/GB-BSR-CLR-15ML-DRP-BLK__GBBstn15BlkDrp__pdp-main__v001.png?v=1781252198 | https://www.bestbottles.com/images/store/depthview/GBBstn15BlkCapSht.gif | https://www.bestbottles.com/images/store/depthview/GBBstn15BlkDrp.gif | https://www.bestbottles.com/images/store/enlarged_pics/GBBstn15BlkCapSht.gif,2,BOSTON-ROUND-15ML-18-400,manual-review-required,P0-TRUTH,missing,measured-body-geometry-only,Resolve catalog geometry/body-color truth before authority creation.,,,d:override_applied×1 | h:override_applied×1
35,shot__body__boston-round__15ml__68x25x25.0__a715257e0b__cobalt-blue,body-appearance,body,Boston Round,15,18-400,body__boston-round__15ml__68x25x25.0__a715257e0b,Cobalt Blue,Glass,,https://www.bestbottles.com/images/store/enlarged_pics/GBBstnBlu15BlkCapSht.gif | https://www.bestbottles.com/images/store/enlarged_pics/GBBstnBlu15BlkDrp.gif | https://www.bestbottles.com/images/store/enlarged_pics/GBBstnBlu15BlkDrpGlTrim.gif | https://www.bestbottles.com/images/store/enlarged_pics/GBBstnBlu15WhtDrp.gif | https://www.bestbottles.com/images/store/enlarged_pics/GBBstnBlu15WhtDrpGlTrim.gif | https://www.bestbottles.com/images/store/enlarged_pics/GBBstnBlu15WhtDrpSlTrim.gif | https://www.bestbottles.com/images/store/enlarged_pics/GBBstnBlu15mlBlkDropperSlTrim.gif,7,BOSTON-ROUND-15ML-18-400,manual-review-required,P0-TRUTH,missing,measured-body-geometry-only,Resolve catalog geometry/body-color truth before authority creation.,,,d:override_applied×1 | h:override_applied×1
36,shot__body__boston-round__30ml__78x33x33.0__931b5f7ec5__amber,body-appearance,body,Boston Round,30,20-400,body__boston-round__30ml__78x33x33.0__931b5f7ec5,Amber,Glass,,https://www.bestbottles.com/images/store/enlarged_pics/GBBstnAmb1ozBlkCapSht.gif | https://www.bestbottles.com/images/store/enlarged_pics/GBBstnAmb1ozBlkDropper.gif | https://www.bestbottles.com/images/store/enlarged_pics/GBBstnAmb1ozBlkDropperShnGlTrim.gif | https://www.bestbottles.com/images/store/enlarged_pics/GBBstnAmb1ozMtlRollonGl.gif | https://www.bestbottles.com/images/store/enlarged_pics/GBBstnAmb1ozMtlRollonMattBlk.gif | https://www.bestbottles.com/images/store/enlarged_pics/GBBstnAmb1ozMtlRollonMattGl.gif | https://www.bestbottles.com/images/store/enlarged_pics/GBBstnAmb1ozMtlRollonMattSl.gif | https://www.bestbottles.com/images/store/enlarged_pics/GBBstnAmb1ozMtlRollonShnBlk.gif | https://www.bestbottles.com/images/store/enlarged_pics/GBBstnAmb1ozMtlRollonShnSl.gif | https://www.bestbottles.com/images/store/enlarged_pics/GBBstnAmb1ozRollonGl.gif | https://www.bestbottles.com/images/store/enlarged_pics/GBBstnAmb1ozRollonMattBlk.gif | https://www.bestbottles.com/images/store/enlarged_pics/GBBstnAmb1ozRollonMattGl.gif | https://www.bestbottles.com/images/store/enlarged_pics/GBBstnAmb1ozRollonMattSl.gif | https://www.bestbottles.com/images/store/enlarged_pics/GBBstnAmb1ozRollonShnBlk.gif | https://www.bestbottles.com/images/store/enlarged_pics/GBBstnAmb1ozRollonShnSl.gif | https://www.bestbottles.com/images/store/enlarged_pics/GBBstnAmb1ozWhtDropper.gif | https://www.bestbottles.com/images/store/enlarged_pics/GBBstnAmb1ozWhtDropperShnGlTrim.gif | https://www.bestbottles.com/images/store/enlarged_pics/GBBstnAmb1ozWhtDropperShnSlTrim.gif,18,BOSTON-ROUND-30ML-20-400,manual-review-required,P0-TRUTH,missing,measured-body-geometry-only,Resolve catalog geometry/body-color truth before authority creation.,,,site_depth_semantics_suspect(round-family)×52 | d:dup_lineage_stale_value×1 | h:dup_lineage_stale_value×1
37,shot__body__boston-round__30ml__68x33x33.0__0ccee9434c__clear,body-appearance,body,Boston Round,30,20-400,body__boston-round__30ml__68x33x33.0__0ccee9434c,Clear,Glass,,https://www.bestbottles.com/images/store/enlarged_pics/GBBstn1ozBlkCapSht.gif,1,BOSTON-ROUND-30ML-20-400,manual-review-required,P0-TRUTH,missing,measured-body-geometry-only,Resolve catalog geometry/body-color truth before authority creation.,,,site_depth_semantics_suspect(round-family)×1
38,shot__body__boston-round__30ml__78x33x33.0__931b5f7ec5__clear,body-appearance,body,Boston Round,30,20-400,body__boston-round__30ml__78x33x33.0__931b5f7ec5,Clear,Glass,,https://www.bestbottles.com/images/store/depthview/GBBstn1ozBlkDrp.gif | https://www.bestbottles.com/images/store/depthview/GBBstn1ozBlkDrpShnGlTrim.gif | https://www.bestbottles.com/images/store/depthview/GBBstn1ozWhtDrp.gif | https://www.bestbottles.com/images/store/depthview/GBBstn1ozWhtDrpShnGlTrim.gif | https://www.bestbottles.com/images/store/depthview/GBBstn1ozWhtDrpShnSlTrim.gif | https://www.bestbottles.com/images/store/enlarged_pics/GBBstn1ozBlkDrp.gif | https://www.bestbottles.com/images/store/enlarged_pics/GBBstn1ozBlkDrpShnGlTrim.gif | https://www.bestbottles.com/images/store/enlarged_pics/GBBstn1ozMtlRollonBlk.gif | https://www.bestbottles.com/images/store/enlarged_pics/GBBstn1ozMtlRollonGl.gif | https://www.bestbottles.com/images/store/enlarged_pics/GBBstn1ozMtlRollonMattBlk.gif | https://www.bestbottles.com/images/store/enlarged_pics/GBBstn1ozMtlRollonMattGl.gif | https://www.bestbottles.com/images/store/enlarged_pics/GBBstn1ozMtlRollonMattSl.gif | https://www.bestbottles.com/images/store/enlarged_pics/GBBstn1ozMtlRollonShnSl.gif | https://www.bestbottles.com/images/store/enlarged_pics/GBBstn1ozRollMattBlk.gif | https://www.bestbottles.com/images/store/enlarged_pics/GBBstn1ozRollMattGl.gif | https://www.bestbottles.com/images/store/enlarged_pics/GBBstn1ozRollMattSl.gif | https://www.bestbottles.com/images/store/enlarged_pics/GBBstn1ozRollShBlk.gif | https://www.bestbottles.com/images/store/enlarged_pics/GBBstn1ozRollShGl.gif | https://www.bestbottles.com/images/store/enlarged_pics/GBBstn1ozRollShnSl.gif | https://www.bestbottles.com/images/store/enlarged_pics/GBBstn1ozWhtDrp.gif | https://www.bestbottles.com/images/store/enlarged_pics/GBBstn1ozWhtDrpShnGlTrim.gif | https://www.bestbottles.com/images/store/enlarged_pics/GBBstn1ozWhtDrpShnSlTrim.gif,17,BOSTON-ROUND-30ML-20-400,manual-review-required,P0-TRUTH,missing,measured-body-geometry-only,Resolve catalog geometry/body-color truth before authority creation.,,,site_depth_semantics_suspect(round-family)×52 | d:dup_lineage_stale_value×1 | h:dup_lineage_stale_value×1
39,shot__body__boston-round__30ml__78x33x33.0__931b5f7ec5__cobalt-blue,body-appearance,body,Boston Round,30,20-400,body__boston-round__30ml__78x33x33.0__931b5f7ec5,Cobalt Blue,Glass,,https://www.bestbottles.com/images/store/enlarged_pics/GBBstnBlu1ozBlkCapSht.gif | https://www.bestbottles.com/images/store/enlarged_pics/GBBstnBlu1ozBlkDropper.gif | https://www.bestbottles.com/images/store/enlarged_pics/GBBstnBlu1ozBlkDropperShnGlTrim.gif | https://www.bestbottles.com/images/store/enlarged_pics/GBBstnBlu1ozMtlRollonGl.gif | https://www.bestbottles.com/images/store/enlarged_pics/GBBstnBlu1ozMtlRollonMattBlk.gif | https://www.bestbottles.com/images/store/enlarged_pics/GBBstnBlu1ozMtlRollonMattGl.gif | https://www.bestbottles.com/images/store/enlarged_pics/GBBstnBlu1ozMtlRollonMattSl.gif | https://www.bestbottles.com/images/store/enlarged_pics/GBBstnBlu1ozMtlRollonShnSl.gif | https://www.bestbottles.com/images/store/enlarged_pics/GBBstnBlu1ozRollonGl.gif | https://www.bestbottles.com/images/store/enlarged_pics/GBBstnBlu1ozRollonMattBlk.gif | https://www.bestbottles.com/images/store/enlarged_pics/GBBstnBlu1ozRollonMattGl.gif | https://www.bestbottles.com/images/store/enlarged_pics/GBBstnBlu1ozRollonMattSl.gif | https://www.bestbottles.com/images/store/enlarged_pics/GBBstnBlu1ozRollonShnBlk.gif | https://www.bestbottles.com/images/store/enlarged_pics/GBBstnBlu1ozRollonShnSl.gif | https://www.bestbottles.com/images/store/enlarged_pics/GBBstnBlu1ozWhtDropper.gif | https://www.bestbottles.com/images/store/enlarged_pics/GBBstnBlu1ozWhtDropperShnGlTrim.gif | https://www.bestbottles.com/images/store/enlarged_pics/GBBstnBlu1ozWhtDropperShnSlTrim.gif,17,BOSTON-ROUND-30ML-20-400,manual-review-required,P0-TRUTH,missing,measured-body-geometry-only,Resolve catalog geometry/body-color truth before authority creation.,,,site_depth_semantics_suspect(round-family)×52 | d:dup_lineage_stale_value×1 | h:dup_lineage_stale_value×1
40,shot__body__boston-round__60ml__94x39x39.0__d83ceabb5f__amber,body-appearance,body,Boston Round,60,20-400,body__boston-round__60ml__94x39x39.0__d83ceabb5f,Amber,Glass,,https://www.bestbottles.com/images/store/enlarged_pics/GBBstnAmb2ozBlkCapSht.gif | https://www.bestbottles.com/images/store/enlarged_pics/GBBstnAmb2ozBlkDropper.gif | https://www.bestbottles.com/images/store/enlarged_pics/GBBstnAmb2ozBlkDropperShnGlTrim.gif | https://www.bestbottles.com/images/store/enlarged_pics/GBBstnAmb2ozBlkDropperShnSlTrim.gif | https://www.bestbottles.com/images/store/enlarged_pics/GBBstnAmb2ozMtlRollonGl.gif | https://www.bestbottles.com/images/store/enlarged_pics/GBBstnAmb2ozMtlRollonMattBlk.gif | https://www.bestbottles.com/images/store/enlarged_pics/GBBstnAmb2ozMtlRollonMattGl.gif | https://www.bestbottles.com/images/store/enlarged_pics/GBBstnAmb2ozMtlRollonMattSl.gif | https://www.bestbottles.com/images/store/enlarged_pics/GBBstnAmb2ozMtlRollonShnSl.gif | https://www.bestbottles.com/images/store/enlarged_pics/GBBstnAmb2ozRollonGl.gif | https://www.bestbottles.com/images/store/enlarged_pics/GBBstnAmb2ozRollonMattBlk.gif | https://www.bestbottles.com/images/store/enlarged_pics/GBBstnAmb2ozRollonMattGl.gif | https://www.bestbottles.com/images/store/enlarged_pics/GBBstnAmb2ozRollonMattSl.gif | https://www.bestbottles.com/images/store/enlarged_pics/GBBstnAmb2ozRollonShnBlk.gif | https://www.bestbottles.com/images/store/enlarged_pics/GBBstnAmb2ozRollonShnSl.gif | https://www.bestbottles.com/images/store/enlarged_pics/GBBstnAmb2ozWhtDropper.gif | https://www.bestbottles.com/images/store/enlarged_pics/GBBstnAmb2ozWhtDropperShnGlTrim.gif | https://www.bestbottles.com/images/store/enlarged_pics/GBBstnAmb2ozWhtDropperShnSlTrim.gif,18,BOSTON-ROUND-60ML-20-400,manual-review-required,P0-TRUTH,missing,measured-body-geometry-only,Resolve catalog geometry/body-color truth before authority creation.,,,site_depth_semantics_suspect(round-family)×54
41,shot__body__boston-round__60ml__94x39x39.0__d83ceabb5f__clear,body-appearance,body,Boston Round,60,20-400,body__boston-round__60ml__94x39x39.0__d83ceabb5f,Clear,Glass,,https://www.bestbottles.com/images/store/depthview/GBBstn2ozBlkDropperShnGlTrim.gif | https://www.bestbottles.com/images/store/depthview/GBBstn2ozBlkDropperShnSlTrim.gif | https://www.bestbottles.com/images/store/depthview/GBBstn2ozBlkDrp.gif | https://www.bestbottles.com/images/store/depthview/GBBstn2ozWhtDropper.gif | https://www.bestbottles.com/images/store/depthview/GBBstn2ozWhtDropperShnGlTrim.gif | https://www.bestbottles.com/images/store/depthview/GBBstn2ozWhtDropperShnSlTrim.gif | https://www.bestbottles.com/images/store/enlarged_pics/GBBstn2ozBlkCapSht.gif | https://www.bestbottles.com/images/store/enlarged_pics/GBBstn2ozBlkDropperShnGlTrim.gif | https://www.bestbottles.com/images/store/enlarged_pics/GBBstn2ozBlkDropperShnSlTrim.gif | https://www.bestbottles.com/images/store/enlarged_pics/GBBstn2ozBlkDrp.gif | https://www.bestbottles.com/images/store/enlarged_pics/GBBstn2ozMtlRollonBlk.gif | https://www.bestbottles.com/images/store/enlarged_pics/GBBstn2ozMtlRollonGl.gif | https://www.bestbottles.com/images/store/enlarged_pics/GBBstn2ozMtlRollonMattBlk.gif | https://www.bestbottles.com/images/store/enlarged_pics/GBBstn2ozMtlRollonMattGl.gif | https://www.bestbottles.com/images/store/enlarged_pics/GBBstn2ozMtlRollonMattSl.gif | https://www.bestbottles.com/images/store/enlarged_pics/GBBstn2ozMtlRollonShnSl.gif | https://www.bestbottles.com/images/store/enlarged_pics/GBBstn2ozRollonGl.gif | https://www.bestbottles.com/images/store/enlarged_pics/GBBstn2ozRollonMattBlk.gif | https://www.bestbottles.com/images/store/enlarged_pics/GBBstn2ozRollonMattGl.gif | https://www.bestbottles.com/images/store/enlarged_pics/GBBstn2ozRollonMattSl.gif | https://www.bestbottles.com/images/store/enlarged_pics/GBBstn2ozRollonShnBlk.gif | https://www.bestbottles.com/images/store/enlarged_pics/GBBstn2ozRollonShnSl.gif | https://www.bestbottles.com/images/store/enlarged_pics/GBBstn2ozWhtDropper.gif | https://www.bestbottles.com/images/store/enlarged_pics/GBBstn2ozWhtDropperShnGlTrim.gif | https://www.bestbottles.com/images/store/enlarged_pics/GBBstn2ozWhtDropperShnSlTrim.gif,19,BOSTON-ROUND-60ML-20-400,manual-review-required,P0-TRUTH,missing,measured-body-geometry-only,Resolve catalog geometry/body-color truth before authority creation.,,,site_depth_semantics_suspect(round-family)×54
42,shot__body__boston-round__60ml__94x39x39.0__d83ceabb5f__cobalt-blue,body-appearance,body,Boston Round,60,20-400,body__boston-round__60ml__94x39x39.0__d83ceabb5f,Cobalt Blue,Glass,,https://www.bestbottles.com/images/store/enlarged_pics/GBBstnBlu2ozBlkCapSht.gif | https://www.bestbottles.com/images/store/enlarged_pics/GBBstnBlu2ozBlkDropper.gif | https://www.bestbottles.com/images/store/enlarged_pics/GBBstnBlu2ozBlkDropperShnGlTrim.gif | https://www.bestbottles.com/images/store/enlarged_pics/GBBstnBlu2ozMtlRollonGl.gif | https://www.bestbottles.com/images/store/enlarged_pics/GBBstnBlu2ozMtlRollonMattBlk.gif | https://www.bestbottles.com/images/store/enlarged_pics/GBBstnBlu2ozMtlRollonMattGl.gif | https://www.bestbottles.com/images/store/enlarged_pics/GBBstnBlu2ozMtlRollonMattSl.gif | https://www.bestbottles.com/images/store/enlarged_pics/GBBstnBlu2ozMtlRollonShnSl.gif | https://www.bestbottles.com/images/store/enlarged_pics/GBBstnBlu2ozRollonGl.gif | https://www.bestbottles.com/images/store/enlarged_pics/GBBstnBlu2ozRollonMattBlk.gif | https://www.bestbottles.com/images/store/enlarged_pics/GBBstnBlu2ozRollonMattGl.gif | https://www.bestbottles.com/images/store/enlarged_pics/GBBstnBlu2ozRollonMattSl.gif | https://www.bestbottles.com/images/store/enlarged_pics/GBBstnBlu2ozRollonShnBlk.gif | https://www.bestbottles.com/images/store/enlarged_pics/GBBstnBlu2ozRollonShnSl.gif | https://www.bestbottles.com/images/store/enlarged_pics/GBBstnBlu2ozWhtDropper.gif | https://www.bestbottles.com/images/store/enlarged_pics/GBBstnBlu2ozWhtDropperShnGlTrim.gif | https://www.bestbottles.com/images/store/enlarged_pics/GBBstnBlu2ozWhtDropperShnSlTrim.gif,17,BOSTON-ROUND-60ML-20-400,manual-review-required,P0-TRUTH,missing,measured-body-geometry-only,Resolve catalog geometry/body-color truth before authority creation.,,,site_depth_semantics_suspect(round-family)×54
43,shot__body__circle__30ml__74x60x20.0__cb505856ba__clear,body-appearance,body,Circle,30,15-415,body__circle__30ml__74x60x20.0__cb505856ba,Clear,Glass,,https://www.bestbottles.com/images/store/depthview/GBCrcl30GlCap.gif | https://www.bestbottles.com/images/store/depthview/GBCrcl30SlCap.gif | https://www.bestbottles.com/images/store/depthview/GBCrcl30SpryBlk.gif | https://www.bestbottles.com/images/store/depthview/GBCrcl30SpryMattGl.gif | https://www.bestbottles.com/images/store/depthview/GBCrcl30SpryMattSl.gif | https://www.bestbottles.com/images/store/depthview/GBCrcl30SpryShSl.gif | https://www.bestbottles.com/images/store/depthview/GBCrcl30SpryShnGl.gif | https://www.bestbottles.com/images/store/enlarged_pics/GBCrcl30GlCap.gif | https://www.bestbottles.com/images/store/enlarged_pics/GBCrcl30SlCap.gif | https://www.bestbottles.com/images/store/enlarged_pics/GBCrcl30SpryBlk.gif | https://www.bestbottles.com/images/store/enlarged_pics/GBCrcl30SpryMattGl.gif | https://www.bestbottles.com/images/store/enlarged_pics/GBCrcl30SpryMattSl.gif | https://www.bestbottles.com/images/store/enlarged_pics/GBCrcl30SpryShSl.gif | https://www.bestbottles.com/images/store/enlarged_pics/GBCrcl30SpryShnGl.gif | https://www.bestbottles.com/images/store/measured/GBCrcl30GlCap.gif | https://www.bestbottles.com/images/store/measured/GBCrcl30SlCap.gif | https://www.bestbottles.com/images/store/measured/GBCrcl30SpryBlk.gif | https://www.bestbottles.com/images/store/measured/GBCrcl30SpryMattGl.gif | https://www.bestbottles.com/images/store/measured/GBCrcl30SpryMattSl.gif | https://www.bestbottles.com/images/store/measured/GBCrcl30SpryShSl.gif | https://www.bestbottles.com/images/store/measured/GBCrcl30SpryShnGl.gif,7,CIRCLE-30ML-15-415,manual-review-required,P0-TRUTH,missing,measured-body-geometry-only,Resolve catalog geometry/body-color truth before authority creation.,,,convex_widthaxis_corrected_by_site(was=37.0)×7
44,shot__body__circle__100ml__105x89x29.0__1c7782b00b__clear,body-appearance,body,Circle,100,18-415,body__circle__100ml__105x89x29.0__1c7782b00b,Clear,Glass,,https://cdn.shopify.com/s/files/1/0739/9420/7524/files/master_corrected_1779404922940_funqun.png?v=1779405336 | https://www.bestbottles.com/images/store/depthview/GBCrcl100AnSpBlk.gif | https://www.bestbottles.com/images/store/depthview/GBCrcl100AnSpGl.gif | https://www.bestbottles.com/images/store/depthview/GBCrcl100AnSpIvyGl.gif | https://www.bestbottles.com/images/store/depthview/GBCrcl100AnSpIvySl.gif | https://www.bestbottles.com/images/store/depthview/GBCrcl100AnSpLvn.gif | https://www.bestbottles.com/images/store/depthview/GBCrcl100AnSpMtSl.gif | https://www.bestbottles.com/images/store/depthview/GBCrcl100AnSpPnk.gif | https://www.bestbottles.com/images/store/depthview/GBCrcl100AnSpRed.gif | https://www.bestbottles.com/images/store/depthview/GBCrcl100AnSpTslBlk.gif | https://www.bestbottles.com/images/store/depthview/GBCrcl100AnSpTslGl.gif | https://www.bestbottles.com/images/store/depthview/GBCrcl100AnSpTslIvyGl.gif | https://www.bestbottles.com/images/store/depthview/GBCrcl100AnSpTslIvySl.gif | https://www.bestbottles.com/images/store/depthview/GBCrcl100AnSpTslLvn.gif | https://www.bestbottles.com/images/store/depthview/GBCrcl100AnSpTslMtSl.gif | https://www.bestbottles.com/images/store/depthview/GBCrcl100AnSpTslPnk.gif | https://www.bestbottles.com/images/store/depthview/GBCrcl100AnSpTslRed.gif | https://www.bestbottles.com/images/store/depthview/GBCrcl100AnSpTslWht.gif | https://www.bestbottles.com/images/store/depthview/GBCrcl100AnSpWht.gif | https://www.bestbottles.com/images/store/depthview/GBCrcl100RdcrBlkLthr.gif | https://www.bestbottles.com/images/store/depthview/GBCrcl100RdcrBrwnLthr.gif | https://www.bestbottles.com/images/store/depthview/GBCrcl100RdcrIvyLthr.gif | https://www.bestbottles.com/images/store/depthview/GBCrcl100RdcrLBrwnLthr.gif | https://www.bestbottles.com/images/store/depthview/GBCrcl100RdcrMtSl.gif | https://www.bestbottles.com/images/store/depthview/GBCrcl100RdcrMtSlTall.gif | https://www.bestbottles.com/images/store/depthview/GBCrcl100RdcrPnkLthr.gif | https://www.bestbottles.com/images/store/depthview/GBCrcl100RdcrShnBlk.gif | https://www.bestbottles.com/images/store/depthview/GBCrcl100RdcrShnBlkTall.gif | https://www.bestbottles.com/images/store/depthview/GBCrcl100RdcrShnGl.gif | https://www.bestbottles.com/images/store/depthview/GBCrcl100RdcrShnSl.gif | https://www.bestbottles.com/images/store/depthview/GBCrcl100RdcrWht.gif | https://www.bestbottles.com/images/store/depthview/GBCrcl100SpryCu.gif | https://www.bestbottles.com/images/store/depthview/GBCrcl100SpryMtGl.gif | https://www.bestbottles.com/images/store/depthview/GBCrcl100SpryMtSl.gif | https://www.bestbottles.com/images/store/depthview/GBCrcl100SpryShnBlk.gif | https://www.bestbottles.com/images/store/depthview/GBCrcl100SpryShnGl.gif | https://www.bestbottles.com/images/store/depthview/GBCrcl100SpryShnSl.gif | https://www.bestbottles.com/images/store/depthview/LBCrcl100LtnClOvrCap.gif | https://www.bestbottles.com/images/store/depthview/LBCrcl100LtnCu.gif | https://www.bestbottles.com/images/store/depthview/LBCrcl100LtnMtGl.gif | https://www.bestbottles.com/images/store/depthview/LBCrcl100LtnMtSl.gif | https://www.bestbottles.com/images/store/depthview/LBCrcl100LtnShnBlk.gif | https://www.bestbottles.com/images/store/depthview/LBCrcl100LtnShnGl.gif | https://www.bestbottles.com/images/store/depthview/LBCrcl100LtnShnSl.gif | https://www.bestbottles.com/images/store/enlarged_pics/GBCrcl100AnSpBlk.gif | https://www.bestbottles.com/images/store/enlarged_pics/GBCrcl100AnSpGl.gif | https://www.bestbottles.com/images/store/enlarged_pics/GBCrcl100AnSpIvyGl.gif | https://www.bestbottles.com/images/store/enlarged_pics/GBCrcl100AnSpIvySl.gif | https://www.bestbottles.com/images/store/enlarged_pics/GBCrcl100AnSpLvn.gif | https://www.bestbottles.com/images/store/enlarged_pics/GBCrcl100AnSpMtSl.gif | https://www.bestbottles.com/images/store/enlarged_pics/GBCrcl100AnSpPnk.gif | https://www.bestbottles.com/images/store/enlarged_pics/GBCrcl100AnSpRed.gif | https://www.bestbottles.com/images/store/enlarged_pics/GBCrcl100AnSpTslBlk.gif | https://www.bestbottles.com/images/store/enlarged_pics/GBCrcl100AnSpTslGl.gif | https://www.bestbottles.com/images/store/enlarged_pics/GBCrcl100AnSpTslIvyGl.gif | https://www.bestbottles.com/images/store/enlarged_pics/GBCrcl100AnSpTslIvySl.gif | https://www.bestbottles.com/images/store/enlarged_pics/GBCrcl100AnSpTslLvn.gif | https://www.bestbottles.com/images/store/enlarged_pics/GBCrcl100AnSpTslMtSl.gif | https://www.bestbottles.com/images/store/enlarged_pics/GBCrcl100AnSpTslPnk.gif | https://www.bestbottles.com/images/store/enlarged_pics/GBCrcl100AnSpTslRed.gif | https://www.bestbottles.com/images/store/enlarged_pics/GBCrcl100AnSpTslWht.gif | https://www.bestbottles.com/images/store/enlarged_pics/GBCrcl100AnSpWht.gif | https://www.bestbottles.com/images/store/enlarged_pics/GBCrcl100RdcrBlkLthr.gif | https://www.bestbottles.com/images/store/enlarged_pics/GBCrcl100RdcrBrwnLthr.gif | https://www.bestbottles.com/images/store/enlarged_pics/GBCrcl100RdcrIvyLthr.gif | https://www.bestbottles.com/images/store/enlarged_pics/GBCrcl100RdcrLBrwnLthr.gif | https://www.bestbottles.com/images/store/enlarged_pics/GBCrcl100RdcrMtSl.gif | https://www.bestbottles.com/images/store/enlarged_pics/GBCrcl100RdcrMtSlTall.gif | https://www.bestbottles.com/images/store/enlarged_pics/GBCrcl100RdcrPnkLthr.gif | https://www.bestbottles.com/images/store/enlarged_pics/GBCrcl100RdcrShnBlk.gif | https://www.bestbottles.com/images/store/enlarged_pics/GBCrcl100RdcrShnBlkTall.gif | https://www.bestbottles.com/images/store/enlarged_pics/GBCrcl100RdcrShnGl.gif | https://www.bestbottles.com/images/store/enlarged_pics/GBCrcl100RdcrShnSl.gif | https://www.bestbottles.com/images/store/enlarged_pics/GBCrcl100RdcrWht.gif | https://www.bestbottles.com/images/store/enlarged_pics/GBCrcl100SpryCu.gif | https://www.bestbottles.com/images/store/enlarged_pics/GBCrcl100SpryMtGl.gif | https://www.bestbottles.com/images/store/enlarged_pics/GBCrcl100SpryMtSl.gif | https://www.bestbottles.com/images/store/enlarged_pics/GBCrcl100SpryShnBlk.gif | https://www.bestbottles.com/images/store/enlarged_pics/GBCrcl100SpryShnGl.gif | https://www.bestbottles.com/images/store/enlarged_pics/GBCrcl100SpryShnSl.gif | https://www.bestbottles.com/images/store/enlarged_pics/LBCrcl100LtnClOvrCap.gif | https://www.bestbottles.com/images/store/enlarged_pics/LBCrcl100LtnCu.gif | https://www.bestbottles.com/images/store/enlarged_pics/LBCrcl100LtnMtGl.gif | https://www.bestbottles.com/images/store/enlarged_pics/LBCrcl100LtnMtSl.gif | https://www.bestbottles.com/images/store/enlarged_pics/LBCrcl100LtnShnBlk.gif | https://www.bestbottles.com/images/store/enlarged_pics/LBCrcl100LtnShnGl.gif | https://www.bestbottles.com/images/store/enlarged_pics/LBCrcl100LtnShnSl.gif | https://www.bestbottles.com/images/store/measured/GBCrcl100AnSpBlk.gif | https://www.bestbottles.com/images/store/measured/GBCrcl100AnSpGl.gif | https://www.bestbottles.com/images/store/measured/GBCrcl100AnSpIvyGl.gif | https://www.bestbottles.com/images/store/measured/GBCrcl100AnSpIvySl.gif | https://www.bestbottles.com/images/store/measured/GBCrcl100AnSpLvn.gif | https://www.bestbottles.com/images/store/measured/GBCrcl100AnSpMtSl.gif | https://www.bestbottles.com/images/store/measured/GBCrcl100AnSpPnk.gif | https://www.bestbottles.com/images/store/measured/GBCrcl100AnSpRed.gif | https://www.bestbottles.com/images/store/measured/GBCrcl100AnSpTslBlk.gif | https://www.bestbottles.com/images/store/measured/GBCrcl100AnSpTslGl.gif | https://www.bestbottles.com/images/store/measured/GBCrcl100AnSpTslIvyGl.gif | https://www.bestbottles.com/images/store/measured/GBCrcl100AnSpTslIvySl.gif | https://www.bestbottles.com/images/store/measured/GBCrcl100AnSpTslLvn.gif | https://www.bestbottles.com/images/store/measured/GBCrcl100AnSpTslMtSl.gif | https://www.bestbottles.com/images/store/measured/GBCrcl100AnSpTslPnk.gif | https://www.bestbottles.com/images/store/measured/GBCrcl100AnSpTslRed.gif | https://www.bestbottles.com/images/store/measured/GBCrcl100AnSpTslWht.gif | https://www.bestbottles.com/images/store/measured/GBCrcl100AnSpWht.gif | https://www.bestbottles.com/images/store/measured/GBCrcl100RdcrBlkLthr.gif | https://www.bestbottles.com/images/store/measured/GBCrcl100RdcrBrwnLthr.gif | https://www.bestbottles.com/images/store/measured/GBCrcl100RdcrIvyLthr.gif | https://www.bestbottles.com/images/store/measured/GBCrcl100RdcrLBrwnLthr.gif | https://www.bestbottles.com/images/store/measured/GBCrcl100RdcrMtSl.gif | https://www.bestbottles.com/images/store/measured/GBCrcl100RdcrMtSlTall.gif | https://www.bestbottles.com/images/store/measured/GBCrcl100RdcrPnkLthr.gif | https://www.bestbottles.com/images/store/measured/GBCrcl100RdcrShnBlk.gif | https://www.bestbottles.com/images/store/measured/GBCrcl100RdcrShnBlkTall.gif | https://www.bestbottles.com/images/store/measured/GBCrcl100RdcrShnGl.gif | https://www.bestbottles.com/images/store/measured/GBCrcl100RdcrShnSl.gif | https://www.bestbottles.com/images/store/measured/GBCrcl100RdcrWht.gif | https://www.bestbottles.com/images/store/measured/GBCrcl100SpryCu.gif | https://www.bestbottles.com/images/store/measured/GBCrcl100SpryMtGl.gif | https://www.bestbottles.com/images/store/measured/GBCrcl100SpryMtSl.gif | https://www.bestbottles.com/images/store/measured/GBCrcl100SpryShnBlk.gif | https://www.bestbottles.com/images/store/measured/GBCrcl100SpryShnGl.gif | https://www.bestbottles.com/images/store/measured/GBCrcl100SpryShnSl.gif | https://www.bestbottles.com/images/store/measured/LBCrcl100LtnClOvrCap.gif | https://www.bestbottles.com/images/store/measured/LBCrcl100LtnCu.gif | https://www.bestbottles.com/images/store/measured/LBCrcl100LtnMtGl.gif | https://www.bestbottles.com/images/store/measured/LBCrcl100LtnMtSl.gif | https://www.bestbottles.com/images/store/measured/LBCrcl100LtnShnBlk.gif | https://www.bestbottles.com/images/store/measured/LBCrcl100LtnShnGl.gif | https://www.bestbottles.com/images/store/measured/LBCrcl100LtnShnSl.gif,43,CIRCLE-100ML-18-415,manual-review-required,P0-TRUTH,missing,measured-body-geometry-only,Resolve catalog geometry/body-color truth before authority creation.,,,convex_widthaxis_corrected_by_site(was=78.0)×73 | convex_widthaxis_corrected_by_site(was=35.0)×14 | convex_height_corrected_by_site(was=100.0)×10 | h:group_outlier_unresolved×5 | h:dup_lineage_stale_value×1
45,shot__body__circle__100ml__105x89x29.0__1c7782b00b__frosted,body-appearance,body,Circle,100,18-415,body__circle__100ml__105x89x29.0__1c7782b00b,Frosted,Glass,,https://www.bestbottles.com/images/store/depthview/GBCrclFrst100AnSpBlk.gif | https://www.bestbottles.com/images/store/depthview/GBCrclFrst100AnSpGl.gif | https://www.bestbottles.com/images/store/depthview/GBCrclFrst100AnSpIvyGl.gif | https://www.bestbottles.com/images/store/depthview/GBCrclFrst100AnSpIvySl.gif | https://www.bestbottles.com/images/store/depthview/GBCrclFrst100AnSpLvn.gif | https://www.bestbottles.com/images/store/depthview/GBCrclFrst100AnSpMtSl.gif | https://www.bestbottles.com/images/store/depthview/GBCrclFrst100AnSpPnk.gif | https://www.bestbottles.com/images/store/depthview/GBCrclFrst100AnSpRed.gif | https://www.bestbottles.com/images/store/depthview/GBCrclFrst100AnSpTslBlk.gif | https://www.bestbottles.com/images/store/depthview/GBCrclFrst100AnSpTslGl.gif | https://www.bestbottles.com/images/store/depthview/GBCrclFrst100AnSpTslIvyGl.gif | https://www.bestbottles.com/images/store/depthview/GBCrclFrst100AnSpTslIvySl.gif | https://www.bestbottles.com/images/store/depthview/GBCrclFrst100AnSpTslLvn.gif | https://www.bestbottles.com/images/store/depthview/GBCrclFrst100AnSpTslMtSl.gif | https://www.bestbottles.com/images/store/depthview/GBCrclFrst100AnSpTslPnk.gif | https://www.bestbottles.com/images/store/depthview/GBCrclFrst100AnSpTslRed.gif | https://www.bestbottles.com/images/store/depthview/GBCrclFrst100AnSpTslWht.gif | https://www.bestbottles.com/images/store/depthview/GBCrclFrst100AnSpWht.gif | https://www.bestbottles.com/images/store/depthview/GBCrclFrst100RdcrBlkLthr.gif | https://www.bestbottles.com/images/store/depthview/GBCrclFrst100RdcrBrwnLthr.gif | https://www.bestbottles.com/images/store/depthview/GBCrclFrst100RdcrIvyLthr.gif | https://www.bestbottles.com/images/store/depthview/GBCrclFrst100RdcrLBrwnLthr.gif | https://www.bestbottles.com/images/store/depthview/GBCrclFrst100RdcrMtSl.gif | https://www.bestbottles.com/images/store/depthview/GBCrclFrst100RdcrMtSlTall.gif | https://www.bestbottles.com/images/store/depthview/GBCrclFrst100RdcrPnkLthr.gif | https://www.bestbottles.com/images/store/depthview/GBCrclFrst100RdcrShnBlk.gif | https://www.bestbottles.com/images/store/depthview/GBCrclFrst100RdcrShnBlkTall.gif | https://www.bestbottles.com/images/store/depthview/GBCrclFrst100RdcrShnGl.gif | https://www.bestbottles.com/images/store/depthview/GBCrclFrst100RdcrShnSl.gif | https://www.bestbottles.com/images/store/depthview/GBCrclFrst100RdcrWht.gif | https://www.bestbottles.com/images/store/depthview/GBCrclFrst100SpryCu.gif | https://www.bestbottles.com/images/store/depthview/GBCrclFrst100SpryMtGl.gif | https://www.bestbottles.com/images/store/depthview/GBCrclFrst100SpryMtSl.gif | https://www.bestbottles.com/images/store/depthview/GBCrclFrst100SpryShnBlk.gif | https://www.bestbottles.com/images/store/depthview/GBCrclFrst100SpryShnGl.gif | https://www.bestbottles.com/images/store/depthview/GBCrclFrst100SpryShnSl.gif | https://www.bestbottles.com/images/store/depthview/LBCrclFrst100LtnClOvrCap.gif | https://www.bestbottles.com/images/store/depthview/LBCrclFrst100LtnCu.gif | https://www.bestbottles.com/images/store/depthview/LBCrclFrst100LtnMtGl.gif | https://www.bestbottles.com/images/store/depthview/LBCrclFrst100LtnMtSl.gif | https://www.bestbottles.com/images/store/depthview/LBCrclFrst100LtnShnBlk.gif | https://www.bestbottles.com/images/store/depthview/LBCrclFrst100LtnShnGl.gif | https://www.bestbottles.com/images/store/depthview/LBCrclFrst100LtnShnSl.gif | https://www.bestbottles.com/images/store/enlarged_pics/GBCrclFrst100AnSpBlk.gif | https://www.bestbottles.com/images/store/enlarged_pics/GBCrclFrst100AnSpGl.gif | https://www.bestbottles.com/images/store/enlarged_pics/GBCrclFrst100AnSpIvyGl.gif | https://www.bestbottles.com/images/store/enlarged_pics/GBCrclFrst100AnSpIvySl.gif | https://www.bestbottles.com/images/store/enlarged_pics/GBCrclFrst100AnSpLvn.gif | https://www.bestbottles.com/images/store/enlarged_pics/GBCrclFrst100AnSpMtSl.gif | https://www.bestbottles.com/images/store/enlarged_pics/GBCrclFrst100AnSpPnk.gif | https://www.bestbottles.com/images/store/enlarged_pics/GBCrclFrst100AnSpRed.gif | https://www.bestbottles.com/images/store/enlarged_pics/GBCrclFrst100AnSpTslBlk.gif | https://www.bestbottles.com/images/store/enlarged_pics/GBCrclFrst100AnSpTslGl.gif | https://www.bestbottles.com/images/store/enlarged_pics/GBCrclFrst100AnSpTslIvyGl.gif | https://www.bestbottles.com/images/store/enlarged_pics/GBCrclFrst100AnSpTslIvySl.gif | https://www.bestbottles.com/images/store/enlarged_pics/GBCrclFrst100AnSpTslLvn.gif | https://www.bestbottles.com/images/store/enlarged_pics/GBCrclFrst100AnSpTslMtSl.gif | https://www.bestbottles.com/images/store/enlarged_pics/GBCrclFrst100AnSpTslPnk.gif | https://www.bestbottles.com/images/store/enlarged_pics/GBCrclFrst100AnSpTslRed.gif | https://www.bestbottles.com/images/store/enlarged_pics/GBCrclFrst100AnSpTslWht.gif | https://www.bestbottles.com/images/store/enlarged_pics/GBCrclFrst100AnSpWht.gif | https://www.bestbottles.com/images/store/enlarged_pics/GBCrclFrst100RdcrBlkLthr.gif | https://www.bestbottles.com/images/store/enlarged_pics/GBCrclFrst100RdcrBrwnLthr.gif | https://www.bestbottles.com/images/store/enlarged_pics/GBCrclFrst100RdcrIvyLthr.gif | https://www.bestbottles.com/images/store/enlarged_pics/GBCrclFrst100RdcrLBrwnLthr.gif | https://www.bestbottles.com/images/store/enlarged_pics/GBCrclFrst100RdcrMtSl.gif | https://www.bestbottles.com/images/store/enlarged_pics/GBCrclFrst100RdcrMtSlTall.gif | https://www.bestbottles.com/images/store/enlarged_pics/GBCrclFrst100RdcrPnkLthr.gif | https://www.bestbottles.com/images/store/enlarged_pics/GBCrclFrst100RdcrShnBlk.gif | https://www.bestbottles.com/images/store/enlarged_pics/GBCrclFrst100RdcrShnBlkTall.gif | https://www.bestbottles.com/images/store/enlarged_pics/GBCrclFrst100RdcrShnGl.gif | https://www.bestbottles.com/images/store/enlarged_pics/GBCrclFrst100RdcrShnSl.gif | https://www.bestbottles.com/images/store/enlarged_pics/GBCrclFrst100RdcrWht.gif | https://www.bestbottles.com/images/store/enlarged_pics/GBCrclFrst100SpryCu.gif | https://www.bestbottles.com/images/store/enlarged_pics/GBCrclFrst100SpryMtGl.gif | https://www.bestbottles.com/images/store/enlarged_pics/GBCrclFrst100SpryMtSl.gif | https://www.bestbottles.com/images/store/enlarged_pics/GBCrclFrst100SpryShnBlk.gif | https://www.bestbottles.com/images/store/enlarged_pics/GBCrclFrst100SpryShnGl.gif | https://www.bestbottles.com/images/store/enlarged_pics/GBCrclFrst100SpryShnSl.gif | https://www.bestbottles.com/images/store/enlarged_pics/LBCrclFrst100LtnClOvrCap.gif | https://www.bestbottles.com/images/store/enlarged_pics/LBCrclFrst100LtnCu.gif | https://www.bestbottles.com/images/store/enlarged_pics/LBCrclFrst100LtnMtGl.gif | https://www.bestbottles.com/images/store/enlarged_pics/LBCrclFrst100LtnMtSl.gif | https://www.bestbottles.com/images/store/enlarged_pics/LBCrclFrst100LtnShnBlk.gif | https://www.bestbottles.com/images/store/enlarged_pics/LBCrclFrst100LtnShnGl.gif | https://www.bestbottles.com/images/store/enlarged_pics/LBCrclFrst100LtnShnSl.gif | https://www.bestbottles.com/images/store/measured/GBCrclFrst100AnSpBlk.gif | https://www.bestbottles.com/images/store/measured/GBCrclFrst100AnSpGl.gif | https://www.bestbottles.com/images/store/measured/GBCrclFrst100AnSpIvyGl.gif | https://www.bestbottles.com/images/store/measured/GBCrclFrst100AnSpIvySl.gif | https://www.bestbottles.com/images/store/measured/GBCrclFrst100AnSpLvn.gif | https://www.bestbottles.com/images/store/measured/GBCrclFrst100AnSpMtSl.gif | https://www.bestbottles.com/images/store/measured/GBCrclFrst100AnSpPnk.gif | https://www.bestbottles.com/images/store/measured/GBCrclFrst100AnSpRed.gif | https://www.bestbottles.com/images/store/measured/GBCrclFrst100AnSpTslBlk.gif | https://www.bestbottles.com/images/store/measured/GBCrclFrst100AnSpTslGl.gif | https://www.bestbottles.com/images/store/measured/GBCrclFrst100AnSpTslIvyGl.gif | https://www.bestbottles.com/images/store/measured/GBCrclFrst100AnSpTslIvySl.gif | https://www.bestbottles.com/images/store/measured/GBCrclFrst100AnSpTslLvn.gif | https://www.bestbottles.com/images/store/measured/GBCrclFrst100AnSpTslMtSl.gif | https://www.bestbottles.com/images/store/measured/GBCrclFrst100AnSpTslPnk.gif | https://www.bestbottles.com/images/store/measured/GBCrclFrst100AnSpTslRed.gif | https://www.bestbottles.com/images/store/measured/GBCrclFrst100AnSpTslWht.gif | https://www.bestbottles.com/images/store/measured/GBCrclFrst100AnSpWht.gif | https://www.bestbottles.com/images/store/measured/GBCrclFrst100RdcrBlkLthr.gif | https://www.bestbottles.com/images/store/measured/GBCrclFrst100RdcrBrwnLthr.gif | https://www.bestbottles.com/images/store/measured/GBCrclFrst100RdcrIvyLthr.gif | https://www.bestbottles.com/images/store/measured/GBCrclFrst100RdcrLBrwnLthr.gif | https://www.bestbottles.com/images/store/measured/GBCrclFrst100RdcrMtSl.gif | https://www.bestbottles.com/images/store/measured/GBCrclFrst100RdcrMtSlTall.gif | https://www.bestbottles.com/images/store/measured/GBCrclFrst100RdcrPnkLthr.gif | https://www.bestbottles.com/images/store/measured/GBCrclFrst100RdcrShnBlk.gif | https://www.bestbottles.com/images/store/measured/GBCrclFrst100RdcrShnBlkTall.gif | https://www.bestbottles.com/images/store/measured/GBCrclFrst100RdcrShnGl.gif | https://www.bestbottles.com/images/store/measured/GBCrclFrst100RdcrShnSl.gif | https://www.bestbottles.com/images/store/measured/GBCrclFrst100RdcrWht.gif | https://www.bestbottles.com/images/store/measured/GBCrclFrst100SpryCu.gif | https://www.bestbottles.com/images/store/measured/GBCrclFrst100SpryMtGl.gif | https://www.bestbottles.com/images/store/measured/GBCrclFrst100SpryMtSl.gif | https://www.bestbottles.com/images/store/measured/GBCrclFrst100SpryShnBlk.gif | https://www.bestbottles.com/images/store/measured/GBCrclFrst100SpryShnGl.gif | https://www.bestbottles.com/images/store/measured/GBCrclFrst100SpryShnSl.gif | https://www.bestbottles.com/images/store/measured/LBCrclFrst100LtnClOvrCap.gif | https://www.bestbottles.com/images/store/measured/LBCrclFrst100LtnCu.gif | https://www.bestbottles.com/images/store/measured/LBCrclFrst100LtnMtGl.gif | https://www.bestbottles.com/images/store/measured/LBCrclFrst100LtnMtSl.gif | https://www.bestbottles.com/images/store/measured/LBCrclFrst100LtnShnBlk.gif | https://www.bestbottles.com/images/store/measured/LBCrclFrst100LtnShnGl.gif | https://www.bestbottles.com/images/store/measured/LBCrclFrst100LtnShnSl.gif,43,CIRCLE-100ML-18-415,manual-review-required,P0-TRUTH,missing,measured-body-geometry-only,Resolve catalog geometry/body-color truth before authority creation.,,,convex_widthaxis_corrected_by_site(was=78.0)×73 | convex_widthaxis_corrected_by_site(was=35.0)×14 | convex_height_corrected_by_site(was=100.0)×10 | h:group_outlier_unresolved×5 | h:dup_lineage_stale_value×1
46,shot__body__cream-jar__3ml__18x35x35.0__48727979e2__cobalt-blue,body-appearance,body,Cream Jar,3,20mm,body__cream-jar__3ml__18x35x35.0__48727979e2,Cobalt Blue,Glass or PP plastic (see itemName),,https://www.bestbottles.com/images/store/enlarged_pics/CJBlu3.gif,1,CREAM-JAR-3ML-20MM,manual-review-required,P0-TRUTH,missing,measured-body-geometry-only,Resolve catalog geometry/body-color truth before authority creation.,,,convex_height_corrected_by_site(was=40.0)×1 | convex_widthaxis_corrected_by_site(was=25.0)×1
47,shot__body__cream-jar__5ml__24x31x31.0__2247fdb049__amber,body-appearance,body,Cream Jar,5,27mm | 37mm | PRESS-FIT,body__cream-jar__5ml__24x31x31.0__2247fdb049,Amber,Glass,,https://cdn.shopify.com/s/files/1/0739/9420/7524/files/master_corrected_1779532915220_ls9jno.png?v=1781252654 | https://www.bestbottles.com/images/store/enlarged_pics/CJAmb5mlBlkCap.gif | https://www.bestbottles.com/images/store/enlarged_pics/CJAmb5mlSlCap.gif,3,CREAM-JAR-5ML-27MM | CREAM-JAR-5ML-37MM | CREAM-JAR-5ML-PRESS-FIT,manual-review-required,P0-TRUTH,missing,measured-body-geometry-only,Resolve catalog geometry/body-color truth before authority creation.,,,d:missing×1 | h:missing×1 | d:override_applied×1 | h:override_applied×1
48,shot__body__cream-jar__20ml__34x55x55.0__9423f2d410__white,body-appearance,body,Cream Jar,20,40mm,body__cream-jar__20ml__34x55x55.0__9423f2d410,White,Glass or PP plastic (see itemName),,https://www.bestbottles.com/images/store/enlarged_pics/CJWhite20.gif,1,CREAM-JAR-20ML-40MM,manual-review-required,P0-TRUTH,missing,measured-body-geometry-only,Resolve catalog geometry/body-color truth before authority creation.,,,
49,shot__body__cream-jar__63ml__51x59x59.0__215273a516__white,body-appearance,body,Cream Jar,63,58mm,body__cream-jar__63ml__51x59x59.0__215273a516,White,Glass or PP plastic (see itemName),,https://www.bestbottles.com/images/store/enlarged_pics/CJWhitePlsSlFr2oz.gif,1,CREAM-JAR-63ML-58MM,manual-review-required,P0-TRUTH,missing,measured-body-geometry-only,Resolve catalog geometry/body-color truth before authority creation.,,,
50,shot__body__cylinder__5ml__53x18x18.0__49d0915777__cobalt-blue,body-appearance,body,Cylinder,5,13-415,body__cylinder__5ml__53x18x18.0__49d0915777,Cobalt Blue,Glass,,https://www.bestbottles.com/images/store/enlarged_pics/GBCylBlu5WhtSht.gif,1,CYL-5ML-13-415,manual-review-required,P0-TRUTH,missing,measured-body-geometry-only,Resolve catalog geometry/body-color truth before authority creation.,,,h:dup_lineage_stale_value×1 | h:missing_filled_from_group×1
51,shot__body__cylinder__9ml__70x21x21.0__fc23539b78__amber,body-appearance,body,Cylinder,9,17-415,body__cylinder__9ml__70x21x21.0__fc23539b78,Amber,Glass,,https://www.bestbottles.com/images/store/enlarged_pics/GBCylAmb9RollMattCu.gif | https://www.bestbottles.com/images/store/enlarged_pics/GBCylAmb9RollMattGl.gif | https://www.bestbottles.com/images/store/enlarged_pics/GBCylAmb9RollMattSl.gif | https://www.bestbottles.com/images/store/enlarged_pics/GBCylAmb9RollPnkDot.gif | https://www.bestbottles.com/images/store/enlarged_pics/GBCylAmb9RollShBlk.gif | https://www.bestbottles.com/images/store/enlarged_pics/GBCylAmb9RollShnGl.gif | https://www.bestbottles.com/images/store/enlarged_pics/GBCylAmb9RollShnSl.gif | https://www.bestbottles.com/images/store/enlarged_pics/GBCylAmb9RollSlDot.gif | https://www.bestbottles.com/images/store/enlarged_pics/GBCylAmb9RollWht.gif,9,CYL-9ML-17-415,manual-review-required,P0-TRUTH,missing,measured-body-geometry-only,Resolve catalog geometry/body-color truth before authority creation.,,,h:group_outlier_unresolved×27 | convex_height_corrected_by_site(was=63.0)×27
52,shot__body__cylinder__9ml__106x18x18.0__fca612c530__clear,body-appearance,body,Cylinder,9,13-415,body__cylinder__9ml__106x18x18.0__fca612c530,Clear,Glass,,https://cdn.shopify.com/s/files/1/0739/9420/7524/files/GB-CYL-WHT-9ML-WHT-S__GBTallCyl9WhtSht__pdp-main__v001.png?v=1781252649 | https://cdn.shopify.com/s/files/1/0739/9420/7524/files/GB-CYL-WHT-9ML-WHT-S__GBTallCyl9WhtSht__pdp-main__v001_e6564141-2877-465b-b43b-3fc18fdb1e00.png?v=1781252679 | https://www.bestbottles.com/images/store/enlarged_pics/GBTallCyl9BlkSht.gif | https://www.bestbottles.com/images/store/enlarged_pics/GBTallCyl9Gl.gif | https://www.bestbottles.com/images/store/enlarged_pics/GBTallCyl9MtlRollBlkDot.gif | https://www.bestbottles.com/images/store/enlarged_pics/GBTallCyl9MtlRollBlkSh.gif | https://www.bestbottles.com/images/store/enlarged_pics/GBTallCyl9MtlRollCuMatt.gif | https://www.bestbottles.com/images/store/enlarged_pics/GBTallCyl9MtlRollGlMatt.gif | https://www.bestbottles.com/images/store/enlarged_pics/GBTallCyl9MtlRollGlSh.gif | https://www.bestbottles.com/images/store/enlarged_pics/GBTallCyl9MtlRollPinkDot.gif | https://www.bestbottles.com/images/store/enlarged_pics/GBTallCyl9MtlRollSlDot.gif | https://www.bestbottles.com/images/store/enlarged_pics/GBTallCyl9MtlRollSlMatt.gif | https://www.bestbottles.com/images/store/enlarged_pics/GBTallCyl9MtlRollSlSh.gif | https://www.bestbottles.com/images/store/enlarged_pics/GBTallCyl9RollBlkDot.gif | https://www.bestbottles.com/images/store/enlarged_pics/GBTallCyl9RollBlkSh.gif | https://www.bestbottles.com/images/store/enlarged_pics/GBTallCyl9RollCuMatt.gif | https://www.bestbottles.com/images/store/enlarged_pics/GBTallCyl9RollGlMatt.gif | https://www.bestbottles.com/images/store/enlarged_pics/GBTallCyl9RollGlSh.gif | https://www.bestbottles.com/images/store/enlarged_pics/GBTallCyl9RollPinkDot.gif | https://www.bestbottles.com/images/store/enlarged_pics/GBTallCyl9RollSlDot.gif | https://www.bestbottles.com/images/store/enlarged_pics/GBTallCyl9RollSlMatt.gif | https://www.bestbottles.com/images/store/enlarged_pics/GBTallCyl9RollSlSh.gif | https://www.bestbottles.com/images/store/enlarged_pics/GBTallCyl9Sl.gif | https://www.bestbottles.com/images/store/enlarged_pics/GBTallCyl9SpryBlkMatt.gif | https://www.bestbottles.com/images/store/enlarged_pics/GBTallCyl9SpryBlkSh.gif | https://www.bestbottles.com/images/store/enlarged_pics/GBTallCyl9SpryBluMatt.gif | https://www.bestbottles.com/images/store/enlarged_pics/GBTallCyl9SpryCuMatt.gif | https://www.bestbottles.com/images/store/enlarged_pics/GBTallCyl9SpryGlMatt.gif | https://www.bestbottles.com/images/store/enlarged_pics/GBTallCyl9SpryGlSh.gif | https://www.bestbottles.com/images/store/enlarged_pics/GBTallCyl9SprySlMatt.gif | https://www.bestbottles.com/images/store/enlarged_pics/GBTallCyl9SprySlSh.gif | https://www.bestbottles.com/images/store/measured/GBTallCyl9BlkSht.gif | https://www.bestbottles.com/images/store/measured/GBTallCyl9Gl.gif | https://www.bestbottles.com/images/store/measured/GBTallCyl9MtlRollBlkDot.gif | https://www.bestbottles.com/images/store/measured/GBTallCyl9MtlRollBlkSh.gif | https://www.bestbottles.com/images/store/measured/GBTallCyl9MtlRollCuMatt.gif | https://www.bestbottles.com/images/store/measured/GBTallCyl9MtlRollGlMatt.gif | https://www.bestbottles.com/images/store/measured/GBTallCyl9MtlRollGlSh.gif | https://www.bestbottles.com/images/store/measured/GBTallCyl9MtlRollPinkDot.gif | https://www.bestbottles.com/images/store/measured/GBTallCyl9MtlRollSlDot.gif | https://www.bestbottles.com/images/store/measured/GBTallCyl9MtlRollSlMatt.gif | https://www.bestbottles.com/images/store/measured/GBTallCyl9MtlRollSlSh.gif | https://www.bestbottles.com/images/store/measured/GBTallCyl9RollBlkDot.gif | https://www.bestbottles.com/images/store/measured/GBTallCyl9RollBlkSh.gif | https://www.bestbottles.com/images/store/measured/GBTallCyl9RollCuMatt.gif | https://www.bestbottles.com/images/store/measured/GBTallCyl9RollGlMatt.gif | https://www.bestbottles.com/images/store/measured/GBTallCyl9RollGlSh.gif | https://www.bestbottles.com/images/store/measured/GBTallCyl9RollPinkDot.gif | https://www.bestbottles.com/images/store/measured/GBTallCyl9RollSlDot.gif | https://www.bestbottles.com/images/store/measured/GBTallCyl9RollSlMatt.gif | https://www.bestbottles.com/images/store/measured/GBTallCyl9RollSlSh.gif | https://www.bestbottles.com/images/store/measured/GBTallCyl9Sl.gif | https://www.bestbottles.com/images/store/measured/GBTallCyl9SpryBlkMatt.gif | https://www.bestbottles.com/images/store/measured/GBTallCyl9SpryBlkSh.gif | https://www.bestbottles.com/images/store/measured/GBTallCyl9SpryBluMatt.gif | https://www.bestbottles.com/images/store/measured/GBTallCyl9SpryCuMatt.gif | https://www.bestbottles.com/images/store/measured/GBTallCyl9SpryGlMatt.gif | https://www.bestbottles.com/images/store/measured/GBTallCyl9SpryGlSh.gif | https://www.bestbottles.com/images/store/measured/GBTallCyl9SprySlMatt.gif | https://www.bestbottles.com/images/store/measured/GBTallCyl9SprySlSh.gif | https://www.bestbottles.com/images/store/measured/GBTallCyl9WhtSht.gif,30,CYL-9ML-13-415,manual-review-required,P0-TRUTH,missing,measured-body-geometry-only,Resolve catalog geometry/body-color truth before authority creation.,,,h:dup_lineage_stale_value×2 | h:group_outlier_unresolved×1 | convex_height_corrected_by_site(was=76.0)×1
53,shot__body__cylinder__9ml__70x21x21.0__fc23539b78__clear,body-appearance,body,Cylinder,9,17-415,body__cylinder__9ml__70x21x21.0__fc23539b78,Clear,Glass,,https://www.bestbottles.com/images/store/enlarged_pics/GBCyl9RollMattCu.gif | https://www.bestbottles.com/images/store/enlarged_pics/GBCyl9RollMattGl.gif | https://www.bestbottles.com/images/store/enlarged_pics/GBCyl9RollMattSl.gif | https://www.bestbottles.com/images/store/enlarged_pics/GBCyl9RollPnkDot.gif | https://www.bestbottles.com/images/store/enlarged_pics/GBCyl9RollShBlk.gif | https://www.bestbottles.com/images/store/enlarged_pics/GBCyl9RollShnGl.gif | https://www.bestbottles.com/images/store/enlarged_pics/GBCyl9RollShnSl.gif | https://www.bestbottles.com/images/store/enlarged_pics/GBCyl9RollSlDot.gif | https://www.bestbottles.com/images/store/enlarged_pics/GBCyl9RollWht.gif,9,CYL-9ML-17-415,manual-review-required,P0-TRUTH,missing,measured-body-geometry-only,Resolve catalog geometry/body-color truth before authority creation.,,,h:group_outlier_unresolved×27 | convex_height_corrected_by_site(was=63.0)×27
54,shot__body__cylinder__9ml__74x21x21.0__c3c136fd9e__clear,body-appearance,body,Cylinder,9,17-415,body__cylinder__9ml__74x21x21.0__c3c136fd9e,Clear,Glass,,https://cdn.shopify.com/s/files/1/0739/9420/7524/files/GB-CYL-WHT-9ML-MRL-WHT__GBCylSwrl9MtlRollWht__pdp-main__v001.png?v=1781252676 | https://cdn.shopify.com/s/files/1/0739/9420/7524/files/GB-CYL-WHT-9ML-ROL-WHT__GBCylSwrl9RollWht__pdp-main__v001.png?v=1781252676 | https://cdn.shopify.com/s/files/1/0739/9420/7524/files/master_corrected_1780303626373_2ykdcr.png?v=1781252644 | https://cdn.shopify.com/s/files/1/0739/9420/7524/files/master_corrected_1780303701203_uiiad7.png?v=1781252644,2,CYL-9ML-17-415,manual-review-required,P0-TRUTH,missing,measured-body-geometry-only,Resolve catalog geometry/body-color truth before authority creation.,,,convex_height_corrected_by_site(was=63.0)×10 | h:group_outlier_unresolved×9 | h:dup_lineage_stale_value×6
55,shot__body__cylinder__9ml__79x20x20.0__f539ea8c04__clear,body-appearance,body,Cylinder,9,18-400,body__cylinder__9ml__79x20x20.0__f539ea8c04,Clear,Glass,,https://www.bestbottles.com/images/store/enlarged_pics/GB09BlackCapApp.gif,1,CYL-9ML-18-400,manual-review-required,P0-TRUTH,missing,measured-body-geometry-only,Resolve catalog geometry/body-color truth before authority creation.,,,h:inch_conversion_artifact×1
56,shot__body__cylinder__9ml__79x21x21.0__f9a7cfd005__clear,body-appearance,body,Cylinder,9,18-400,body__cylinder__9ml__79x21x21.0__f9a7cfd005,Clear,Glass,,https://www.bestbottles.com/images/store/enlarged_pics/GB09BlackCapSht.gif,1,CYL-9ML-18-400,manual-review-required,P0-TRUTH,missing,measured-body-geometry-only,Resolve catalog geometry/body-color truth before authority creation.,,,h:inch_conversion_artifact×1
57,shot__body__cylinder__9ml__70x21x21.0__fc23539b78__cobalt-blue,body-appearance,body,Cylinder,9,17-415,body__cylinder__9ml__70x21x21.0__fc23539b78,Cobalt Blue,Glass,,https://www.bestbottles.com/images/store/enlarged_pics/GBCylBlu9RollMattCu.gif | https://www.bestbottles.com/images/store/enlarged_pics/GBCylBlu9RollMattGl.gif | https://www.bestbottles.com/images/store/enlarged_pics/GBCylBlu9RollMattSl.gif | https://www.bestbottles.com/images/store/enlarged_pics/GBCylBlu9RollPnkDot.gif | https://www.bestbottles.com/images/store/enlarged_pics/GBCylBlu9RollShBlk.gif | https://www.bestbottles.com/images/store/enlarged_pics/GBCylBlu9RollShnGl.gif | https://www.bestbottles.com/images/store/enlarged_pics/GBCylBlu9RollShnSl.gif | https://www.bestbottles.com/images/store/enlarged_pics/GBCylBlu9RollSlDot.gif | https://www.bestbottles.com/images/store/enlarged_pics/GBCylBlu9RollWht.gif,9,CYL-9ML-17-415,manual-review-required,P0-TRUTH,missing,measured-body-geometry-only,Resolve catalog geometry/body-color truth before authority creation.,,,h:group_outlier_unresolved×27 | convex_height_corrected_by_site(was=63.0)×27
58,shot__body__cylinder__9ml__106x18x18.0__fca612c530__frosted,body-appearance,body,Cylinder,9,13-415,body__cylinder__9ml__106x18x18.0__fca612c530,Frosted,Glass,,https://www.bestbottles.com/images/store/enlarged_pics/GBTallCylFrst9BlkSht.gif | https://www.bestbottles.com/images/store/enlarged_pics/GBTallCylFrst9Gl.gif | https://www.bestbottles.com/images/store/enlarged_pics/GBTallCylFrst9MtlRollBlkDot.gif | https://www.bestbottles.com/images/store/enlarged_pics/GBTallCylFrst9MtlRollBlkSh.gif | https://www.bestbottles.com/images/store/enlarged_pics/GBTallCylFrst9MtlRollCuMatt.gif | https://www.bestbottles.com/images/store/enlarged_pics/GBTallCylFrst9MtlRollGlMatt.gif | https://www.bestbottles.com/images/store/enlarged_pics/GBTallCylFrst9MtlRollGlSh.gif | https://www.bestbottles.com/images/store/enlarged_pics/GBTallCylFrst9MtlRollPinkDot.gif | https://www.bestbottles.com/images/store/enlarged_pics/GBTallCylFrst9MtlRollSlDot.gif | https://www.bestbottles.com/images/store/enlarged_pics/GBTallCylFrst9MtlRollSlMatt.gif | https://www.bestbottles.com/images/store/enlarged_pics/GBTallCylFrst9MtlRollSlSh.gif | https://www.bestbottles.com/images/store/enlarged_pics/GBTallCylFrst9RollBlkDot.gif | https://www.bestbottles.com/images/store/enlarged_pics/GBTallCylFrst9RollBlkSh.gif | https://www.bestbottles.com/images/store/enlarged_pics/GBTallCylFrst9RollCuMatt.gif | https://www.bestbottles.com/images/store/enlarged_pics/GBTallCylFrst9RollGlMatt.gif | https://www.bestbottles.com/images/store/enlarged_pics/GBTallCylFrst9RollGlSh.gif | https://www.bestbottles.com/images/store/enlarged_pics/GBTallCylFrst9RollPinkDot.gif | https://www.bestbottles.com/images/store/enlarged_pics/GBTallCylFrst9RollSlDot.gif | https://www.bestbottles.com/images/store/enlarged_pics/GBTallCylFrst9RollSlMatt.gif | https://www.bestbottles.com/images/store/enlarged_pics/GBTallCylFrst9RollSlSh.gif | https://www.bestbottles.com/images/store/enlarged_pics/GBTallCylFrst9Sl.gif | https://www.bestbottles.com/images/store/enlarged_pics/GBTallCylFrst9SpryBlkMatt.gif | https://www.bestbottles.com/images/store/enlarged_pics/GBTallCylFrst9SpryBlkSh.gif | https://www.bestbottles.com/images/store/enlarged_pics/GBTallCylFrst9SpryBluMatt.gif | https://www.bestbottles.com/images/store/enlarged_pics/GBTallCylFrst9SpryCuMatt.gif | https://www.bestbottles.com/images/store/enlarged_pics/GBTallCylFrst9SpryGlMatt.gif | https://www.bestbottles.com/images/store/enlarged_pics/GBTallCylFrst9SpryGlSh.gif | https://www.bestbottles.com/images/store/enlarged_pics/GBTallCylFrst9SprySlMatt.gif | https://www.bestbottles.com/images/store/enlarged_pics/GBTallCylFrst9SprySlSh.gif | https://www.bestbottles.com/images/store/enlarged_pics/GBTallCylFrst9WhtSht.gif,30,CYL-9ML-13-415,manual-review-required,P0-TRUTH,missing,measured-body-geometry-only,Resolve catalog geometry/body-color truth before authority creation.,,,h:dup_lineage_stale_value×2 | h:group_outlier_unresolved×1 | convex_height_corrected_by_site(was=76.0)×1
59,shot__body__cylinder__9ml__74x21x21.0__c3c136fd9e__frosted,body-appearance,body,Cylinder,9,17-415,body__cylinder__9ml__74x21x21.0__c3c136fd9e,Frosted,Glass,,https://www.bestbottles.com/images/store/enlarged_pics/GBCylFrst9MtlRollBlkDot.gif | https://www.bestbottles.com/images/store/enlarged_pics/GBCylFrst9MtlRollMattCu.gif | https://www.bestbottles.com/images/store/enlarged_pics/GBCylFrst9MtlRollMattGl.gif | https://www.bestbottles.com/images/store/enlarged_pics/GBCylFrst9MtlRollMattSl.gif | https://www.bestbottles.com/images/store/enlarged_pics/GBCylFrst9MtlRollPnkDot.gif | https://www.bestbottles.com/images/store/enlarged_pics/GBCylFrst9MtlRollShBlk.gif | https://www.bestbottles.com/images/store/enlarged_pics/GBCylFrst9MtlRollShnGl.gif | https://www.bestbottles.com/images/store/enlarged_pics/GBCylFrst9MtlRollShnSl.gif | https://www.bestbottles.com/images/store/enlarged_pics/GBCylFrst9MtlRollSlDot.gif | https://www.bestbottles.com/images/store/enlarged_pics/GBCylFrst9MtlRollWht.gif | https://www.bestbottles.com/images/store/enlarged_pics/GBCylFrst9RollBlkDot.gif | https://www.bestbottles.com/images/store/enlarged_pics/GBCylFrst9RollMattCu.gif | https://www.bestbottles.com/images/store/enlarged_pics/GBCylFrst9RollMattGl.gif | https://www.bestbottles.com/images/store/enlarged_pics/GBCylFrst9RollMattSl.gif | https://www.bestbottles.com/images/store/enlarged_pics/GBCylFrst9RollPnkDot.gif | https://www.bestbottles.com/images/store/enlarged_pics/GBCylFrst9RollShBlk.gif | https://www.bestbottles.com/images/store/enlarged_pics/GBCylFrst9RollShnGl.gif | https://www.bestbottles.com/images/store/enlarged_pics/GBCylFrst9RollShnSl.gif | https://www.bestbottles.com/images/store/enlarged_pics/GBCylFrst9RollSlDot.gif | https://www.bestbottles.com/images/store/enlarged_pics/GBCylFrst9RollWht.gif,20,CYL-9ML-17-415,manual-review-required,P0-TRUTH,missing,measured-body-geometry-only,Resolve catalog geometry/body-color truth before authority creation.,,,convex_height_corrected_by_site(was=63.0)×10 | h:group_outlier_unresolved×9 | h:dup_lineage_stale_value×6
60,shot__body__cylinder__9ml__74x21x21.0__c3c136fd9e__swirl,body-appearance,body,Cylinder,9,17-415,body__cylinder__9ml__74x21x21.0__c3c136fd9e,Swirl,Glass,,https://cdn.shopify.com/s/files/1/0739/9420/7524/files/GB-CYL-WHT-9ML-MRL-WHT__GBCylSwrl9MtlRollWht__pdp-main__v001.png?v=1781252676 | https://cdn.shopify.com/s/files/1/0739/9420/7524/files/GB-CYL-WHT-9ML-ROL-WHT__GBCylSwrl9RollWht__pdp-main__v001.png?v=1781252676 | https://cdn.shopify.com/s/files/1/0739/9420/7524/files/master_corrected_1780303626373_2ykdcr.png?v=1781252644 | https://cdn.shopify.com/s/files/1/0739/9420/7524/files/master_corrected_1780303701203_uiiad7.png?v=1781252644 | https://www.bestbottles.com/images/store/enlarged_pics/GBCylSwrl9MtlRollBlkDot.gif | https://www.bestbottles.com/images/store/enlarged_pics/GBCylSwrl9MtlRollMattCu.gif | https://www.bestbottles.com/images/store/enlarged_pics/GBCylSwrl9MtlRollMattGl.gif | https://www.bestbottles.com/images/store/enlarged_pics/GBCylSwrl9MtlRollMattSl.gif | https://www.bestbottles.com/images/store/enlarged_pics/GBCylSwrl9MtlRollPnkDot.gif | https://www.bestbottles.com/images/store/enlarged_pics/GBCylSwrl9MtlRollShBlk.gif | https://www.bestbottles.com/images/store/enlarged_pics/GBCylSwrl9MtlRollShnGl.gif | https://www.bestbottles.com/images/store/enlarged_pics/GBCylSwrl9MtlRollShnSl.gif | https://www.bestbottles.com/images/store/enlarged_pics/GBCylSwrl9MtlRollSlDot.gif | https://www.bestbottles.com/images/store/enlarged_pics/GBCylSwrl9RollBlkDot.gif | https://www.bestbottles.com/images/store/enlarged_pics/GBCylSwrl9RollMattCu.gif | https://www.bestbottles.com/images/store/enlarged_pics/GBCylSwrl9RollMattGl.gif | https://www.bestbottles.com/images/store/enlarged_pics/GBCylSwrl9RollMattSl.gif | https://www.bestbottles.com/images/store/enlarged_pics/GBCylSwrl9RollPnkDot.gif | https://www.bestbottles.com/images/store/enlarged_pics/GBCylSwrl9RollShBlk.gif | https://www.bestbottles.com/images/store/enlarged_pics/GBCylSwrl9RollShnGl.gif | https://www.bestbottles.com/images/store/enlarged_pics/GBCylSwrl9RollShnSl.gif | https://www.bestbottles.com/images/store/enlarged_pics/GBCylSwrl9RollSlDot.gif | https://www.bestbottles.com/images/store/enlarged_pics/GBCylSwrl9SpryBlk.gif | https://www.bestbottles.com/images/store/enlarged_pics/GBCylSwrl9SpryGl.gif | https://www.bestbottles.com/images/store/enlarged_pics/GBCylSwrl9SpryMattSl.gif | https://www.bestbottles.com/images/store/enlarged_pics/GBCylSwrl9SpryRd.gif | https://www.bestbottles.com/images/store/enlarged_pics/GBCylSwrl9SpryShSl.gif | https://www.bestbottles.com/images/store/enlarged_pics/GBCylSwrl9SpryTur.gif | https://www.bestbottles.com/images/store/enlarged_pics/LBCylSwrl9LtnBlk.gif | https://www.bestbottles.com/images/store/enlarged_pics/LBCylSwrl9LtnGl.gif | https://www.bestbottles.com/images/store/enlarged_pics/LBCylSwrl9LtnMtSl.gif,29,CYL-9ML-17-415,manual-review-required,P0-TRUTH,missing,measured-body-geometry-only,Resolve catalog geometry/body-color truth before authority creation.,,,convex_height_corrected_by_site(was=63.0)×10 | h:group_outlier_unresolved×9 | h:dup_lineage_stale_value×6
61,shot__body__cylinder__25ml__83x32x32.0__a389ecedb8__clear,body-appearance,body,Cylinder,25,18-415,body__cylinder__25ml__83x32x32.0__a389ecedb8,Clear,Glass,,https://www.bestbottles.com/images/store/enlarged_pics/GBcyl25SpryShnBlk.gif | https://www.bestbottles.com/images/store/enlarged_pics/LBcyl25LtnClOvrCap.gif | https://www.bestbottles.com/images/store/enlarged_pics/LBcyl25LtnCu.gif | https://www.bestbottles.com/images/store/enlarged_pics/LBcyl25LtnMtGl.gif | https://www.bestbottles.com/images/store/enlarged_pics/LBcyl25LtnMtSl.gif | https://www.bestbottles.com/images/store/enlarged_pics/LBcyl25LtnShnBlk.gif | https://www.bestbottles.com/images/store/enlarged_pics/LBcyl25LtnShnGl.gif | https://www.bestbottles.com/images/store/enlarged_pics/LBcyl25LtnShnSl.gif | https://www.bestbottles.com/images/store/measured/LBcyl25LtnClOvrCap.gif | https://www.bestbottles.com/images/store/measured/LBcyl25LtnCu.gif | https://www.bestbottles.com/images/store/measured/LBcyl25LtnMtGl.gif | https://www.bestbottles.com/images/store/measured/LBcyl25LtnMtSl.gif | https://www.bestbottles.com/images/store/measured/LBcyl25LtnShnBlk.gif | https://www.bestbottles.com/images/store/measured/LBcyl25LtnShnGl.gif | https://www.bestbottles.com/images/store/measured/LBcyl25LtnShnSl.gif,8,CYL-25ML-18-415,manual-review-required,P0-TRUTH,missing,measured-body-geometry-only,Resolve catalog geometry/body-color truth before authority creation.,,,manual_grace_identity_assignment_20260716×1 | live_site_sku_absent_from_2026-07-12_join×1
62,shot__body__cylinder__30ml__51x42x42.0__62b2c8f6de__clear,body-appearance,body,Cylinder,30,18-415,body__cylinder__30ml__51x42x42.0__62b2c8f6de,Clear,Glass,,https://www.bestbottles.com/images/store/enlarged_pics/GBSpry1ozGl.gif | https://www.bestbottles.com/images/store/enlarged_pics/GBSpry1ozSl.gif,2,CYL-30ML-18-415,manual-review-required,P0-TRUTH,missing,measured-body-geometry-only,Resolve catalog geometry/body-color truth before authority creation.,,,h:inch_conversion_artifact×2
63,shot__body__cylinder__50ml__117x30x30.0__2399011e18__clear,body-appearance,body,Cylinder,50,18-415,body__cylinder__50ml__117x30x30.0__2399011e18,Clear,Glass,,https://www.bestbottles.com/images/store/depthview/GBCyl50AnSpWht.gif | https://www.bestbottles.com/images/store/enlarged_pics/GBCyl50AnSpWht.gif | https://www.bestbottles.com/images/store/measured/GBCyl50AnSpWht.gif,1,CYL-50ML-18-415,manual-review-required,P0-TRUTH,missing,measured-body-geometry-only,Resolve catalog geometry/body-color truth before authority creation.,,,h:group_outlier_unresolved×1 | convex_height_corrected_by_site(was=85.0)×1
64,shot__body__decorative__4ml__46x32xunknown__9daa874001__frosted,body-appearance,body,Decorative,4,8mm,body__decorative__4ml__46x32xunknown__9daa874001,Frosted,Glass,,https://www.bestbottles.com/images/store/enlarged_pics/GBHeartFrst4KeyGld.gif | https://www.bestbottles.com/images/store/enlarged_pics/GBHeartFrst4TslRed.gif,2,DECORATIVE-4ML-8MM,manual-review-required,P0-TRUTH,missing,measured-body-geometry-only,Resolve catalog geometry/body-color truth before authority creation.,,,convex_widthaxis_corrected_by_site(was=14.0)×2
65,shot__body__decorative__5ml__66x26xunknown__c49e4c08c5__clear,body-appearance,body,Decorative,5,17.52mm,body__decorative__5ml__66x26xunknown__c49e4c08c5,Clear,Glass,,https://www.bestbottles.com/images/store/enlarged_pics/GBMtlMrblSmall.gif,1,DECORATIVE-5ML-17-52MM,manual-review-required,P0-TRUTH,missing,measured-body-geometry-only,Resolve catalog geometry/body-color truth before authority creation.,,,convex_widthaxis_corrected_by_site(was=18.0)×1
66,shot__body__decorative__10ml__80x28xunknown__9e6bdcea27__clear,body-appearance,body,Decorative,10,17.52mm,body__decorative__10ml__80x28xunknown__9e6bdcea27,Clear,Glass,,https://www.bestbottles.com/images/store/enlarged_pics/GBMtlMrblLarge.gif,1,DECORATIVE-10ML-17-52MM,manual-review-required,P0-TRUTH,missing,measured-body-geometry-only,Resolve catalog geometry/body-color truth before authority creation.,,,convex_widthaxis_corrected_by_site(was=23.0)×1
67,shot__body__decorative__35ml__44x63xunknown__3114e9d520__clear,body-appearance,body,Decorative,35,Ground,body__decorative__35ml__44x63xunknown__3114e9d520,Clear,Glass,,https://www.bestbottles.com/images/store/enlarged_pics/GBEternalFlameClear.gif,1,DECORATIVE-35ML-GROUND,manual-review-required,P0-TRUTH,missing,measured-body-geometry-only,Resolve catalog geometry/body-color truth before authority creation.,,,d:inch_conversion_artifact×2 | convex_widthaxis_corrected_by_site(was=25.4)×2
68,shot__body__decorative__35ml__43x63xunknown__d71f8656ed__cobalt-blue,body-appearance,body,Decorative,35,Ground,body__decorative__35ml__43x63xunknown__d71f8656ed,Cobalt Blue,Glass,,https://www.bestbottles.com/images/store/enlarged_pics/GBEternalFlameBlue.gif,1,DECORATIVE-35ML-GROUND,manual-review-required,P0-TRUTH,missing,measured-body-geometry-only,Resolve catalog geometry/body-color truth before authority creation.,,,d:inch_conversion_artifact×1 | convex_widthaxis_corrected_by_site(was=25.4)×1
69,shot__body__decorative__35ml__44x63xunknown__3114e9d520__green,body-appearance,body,Decorative,35,Ground,body__decorative__35ml__44x63xunknown__3114e9d520,Green,Glass,,https://www.bestbottles.com/images/store/enlarged_pics/GBEternalFlameGreen.gif,1,DECORATIVE-35ML-GROUND,manual-review-required,P0-TRUTH,missing,measured-body-geometry-only,Resolve catalog geometry/body-color truth before authority creation.,,,d:inch_conversion_artifact×2 | convex_widthaxis_corrected_by_site(was=25.4)×2
70,shot__body__diva__46ml__88x49x49.0__bb50bc6b70__clear,body-appearance,body,Diva,46,18-415,body__diva__46ml__88x49x49.0__bb50bc6b70,Clear,Glass,,https://cdn.shopify.com/s/files/1/0739/9420/7524/files/master_corrected_1779583301083_nnviu5.png?v=1779583915 | https://www.bestbottles.com/images/store/depthview/GBDivaFrst46AnSpWht.gif | https://www.bestbottles.com/images/store/enlarged_pics/GBDivaFrst46AnSpWht.gif | https://www.bestbottles.com/images/store/measured/GBDivaFrst46AnSpWht.gif,1,DIVA-46ML-18-415,manual-review-required,P0-TRUTH,missing,measured-body-geometry-only,Resolve catalog geometry/body-color truth before authority creation.,,,d:dup_lineage_stale_value×2
71,shot__body__diva__46ml__88x49x49.0__bb50bc6b70__frosted,body-appearance,body,Diva,46,18-415,body__diva__46ml__88x49x49.0__bb50bc6b70,Frosted,Glass,,https://cdn.shopify.com/s/files/1/0739/9420/7524/files/master_corrected_1779583301083_nnviu5.png?v=1779583915 | https://www.bestbottles.com/images/store/depthview/GBDivaFrst46AnSpWht.gif | https://www.bestbottles.com/images/store/enlarged_pics/GBDivaFrst46AnSpWht.gif | https://www.bestbottles.com/images/store/measured/GBDivaFrst46AnSpWht.gif,1,DIVA-46ML-18-415,manual-review-required,P0-TRUTH,missing,measured-body-geometry-only,Resolve catalog geometry/body-color truth before authority creation.,,,d:dup_lineage_stale_value×2
72,shot__body__elegant__15ml__61x36x18.0__03a1b7db69__clear,body-appearance,body,Elegant,15,13-415,body__elegant__15ml__61x36x18.0__03a1b7db69,Clear,Glass,,https://cdn.shopify.com/s/files/1/0739/9420/7524/files/GB-ELG-CLR-15ML-BLK-S-02__GBElgFrst15BlkSht__pdp-main__v001.png?v=1781251897 | https://cdn.shopify.com/s/files/1/0739/9420/7524/files/GB-ELG-CLR-15ML-MRL-BLK-01__GBElgFrst15MtlRollBlkDot__pdp-main__v001.png?v=1781251631 | https://cdn.shopify.com/s/files/1/0739/9420/7524/files/GB-ELG-CLR-15ML-MRL-BLK-02__GBElgFrst15MtlRollBlkSh__pdp-main__v001.png?v=1781251631 | https://cdn.shopify.com/s/files/1/0739/9420/7524/files/GB-ELG-CLR-15ML-MRL-MCPR-02__GBElgFrst15MtlRollCuMatt__pdp-main__v001.png?v=1781251631 | https://cdn.shopify.com/s/files/1/0739/9420/7524/files/GB-ELG-CLR-15ML-MRL-MSLV-02__GBElgFrst15MtlRollSlMatt__pdp-main__v001.png?v=1781251631 | https://cdn.shopify.com/s/files/1/0739/9420/7524/files/GB-ELG-CLR-15ML-MRL-SGLD-02__GBElgFrst15MtlRollGlSh__pdp-main__v001.png?v=1781251631 | https://cdn.shopify.com/s/files/1/0739/9420/7524/files/GB-ELG-CLR-15ML-MRL-SLV-01__GBElgFrst15MtlRollSlDot__pdp-main__v001.png?v=1781251631 | https://cdn.shopify.com/s/files/1/0739/9420/7524/files/GB-ELG-CLR-15ML-MRL-SLV-02__GBElgFrst15MtlRollSlSh__pdp-main__v001.png?v=1781251631 | https://cdn.shopify.com/s/files/1/0739/9420/7524/files/GB-ELG-CLR-15ML-MRL__GBElgFrst15MtlRollPinkDot__pdp-main__v001.png?v=1781251631 | https://cdn.shopify.com/s/files/1/0739/9420/7524/files/GB-ELG-CLR-15ML-RBL-BLK-01__GBElgFrst15RollBlkDot__pdp-main__v001.png?v=1781251631 | https://cdn.shopify.com/s/files/1/0739/9420/7524/files/GB-ELG-CLR-15ML-RBL-BLK-02__GBElgFrst15RollBlkSh__pdp-main__v001.png?v=1781251631 | https://cdn.shopify.com/s/files/1/0739/9420/7524/files/GB-ELG-CLR-15ML-RBL-MCPR__GBElgFrst15RollCuMatt__pdp-main__v001.png?v=1781251631 | https://cdn.shopify.com/s/files/1/0739/9420/7524/files/GB-ELG-CLR-15ML-RBL-MSLV__GBElgFrst15RollSlMatt__pdp-main__v001.png?v=1781251631 | https://cdn.shopify.com/s/files/1/0739/9420/7524/files/GB-ELG-CLR-15ML-RBL-SGLD__GBElgFrst15RollGlSh__pdp-main__v001.png?v=1781251631 | https://cdn.shopify.com/s/files/1/0739/9420/7524/files/GB-ELG-CLR-15ML-RBL-SLV-01__GBElgFrst15RollSlDot__pdp-main__v001.png?v=1781251631 | https://cdn.shopify.com/s/files/1/0739/9420/7524/files/GB-ELG-CLR-15ML-RBL-SLV-02__GBElgFrst15RollSlSh__pdp-main__v001.png?v=1781251631 | https://cdn.shopify.com/s/files/1/0739/9420/7524/files/GB-ELG-CLR-15ML-RBL__GBElgFrst15RollPinkDot__pdp-main__v001.png?v=1781251631 | https://cdn.shopify.com/s/files/1/0739/9420/7524/files/GB-ELG-CLR-15ML-SGLD-T__GBElgFrst15Gl__pdp-main__v001.png?v=1781251897 | https://cdn.shopify.com/s/files/1/0739/9420/7524/files/GB-ELG-CLR-15ML-SLV-T-02__GBElgFrst15Sl__pdp-main__v001.png?v=1781251897 | https://cdn.shopify.com/s/files/1/0739/9420/7524/files/GB-ELG-CLR-15ML-SPR-BLK-01__GBElgFrst15SpryBlkMatt__pdp-main__v001.png?v=1781251772 | https://cdn.shopify.com/s/files/1/0739/9420/7524/files/GB-ELG-CLR-15ML-SPR-BLK-02__GBElgFrst15SpryBlkSh__pdp-main__v001.png?v=1781251773 | https://cdn.shopify.com/s/files/1/0739/9420/7524/files/GB-ELG-CLR-15ML-SPR-MCPR-02__GBElgFrst15SpryCuMatt__pdp-main__v001.png?v=1781251773 | https://cdn.shopify.com/s/files/1/0739/9420/7524/files/GB-ELG-CLR-15ML-SPR-MSLV-02__GBElgFrst15SprySlMatt__pdp-main__v001.png?v=1781251773 | https://cdn.shopify.com/s/files/1/0739/9420/7524/files/GB-ELG-CLR-15ML-SPR-SLV__GBElgFrst15SprySlSh__pdp-main__v001.png?v=1781251773 | https://cdn.shopify.com/s/files/1/0739/9420/7524/files/GB-ELG-CLR-15ML-SPR__GBElgFrst15SpryBluMatt__pdp-main__v001.png?v=1781251773 | https://cdn.shopify.com/s/files/1/0739/9420/7524/files/GB-ELG-CLR-15ML-WHT-S__GBElgFrst15WhtSht__pdp-main__v001.png?v=1781251897 | https://cdn.shopify.com/s/files/1/0739/9420/7524/files/master_corrected_1779141772955_fa8evf.png?v=1781251773 | https://www.bestbottles.com/images/store/depthview/GBElg15BlkSht.gif | https://www.bestbottles.com/images/store/depthview/GBElg15Gl.gif | https://www.bestbottles.com/images/store/depthview/GBElg15MtlRollBlkDot.gif | https://www.bestbottles.com/images/store/depthview/GBElg15MtlRollBlkSh.gif | https://www.bestbottles.com/images/store/depthview/GBElg15MtlRollCuMatt.gif | https://www.bestbottles.com/images/store/depthview/GBElg15MtlRollGlMatt.gif | https://www.bestbottles.com/images/store/depthview/GBElg15MtlRollGlSh.gif | https://www.bestbottles.com/images/store/depthview/GBElg15MtlRollPinkDot.gif | https://www.bestbottles.com/images/store/depthview/GBElg15MtlRollSlDot.gif | https://www.bestbottles.com/images/store/depthview/GBElg15MtlRollSlMatt.gif | https://www.bestbottles.com/images/store/depthview/GBElg15MtlRollSlSh.gif | https://www.bestbottles.com/images/store/depthview/GBElg15RollBlkDot.gif | https://www.bestbottles.com/images/store/depthview/GBElg15RollBlkSh.gif | https://www.bestbottles.com/images/store/depthview/GBElg15RollCuMatt.gif | https://www.bestbottles.com/images/store/depthview/GBElg15RollGlMatt.gif | https://www.bestbottles.com/images/store/depthview/GBElg15RollGlSh.gif | https://www.bestbottles.com/images/store/depthview/GBElg15RollPinkDot.gif | https://www.bestbottles.com/images/store/depthview/GBElg15RollSlDot.gif | https://www.bestbottles.com/images/store/depthview/GBElg15RollSlMatt.gif | https://www.bestbottles.com/images/store/depthview/GBElg15RollSlSh.gif | https://www.bestbottles.com/images/store/depthview/GBElg15Sl.gif | https://www.bestbottles.com/images/store/depthview/GBElg15SpryBlkMatt.gif | https://www.bestbottles.com/images/store/depthview/GBElg15SpryBlkSh.gif | https://www.bestbottles.com/images/store/depthview/GBElg15SpryBluMatt.gif | https://www.bestbottles.com/images/store/depthview/GBElg15SpryCuMatt.gif | https://www.bestbottles.com/images/store/depthview/GBElg15SpryGlMatt.gif | https://www.bestbottles.com/images/store/depthview/GBElg15SpryGlSh.gif | https://www.bestbottles.com/images/store/depthview/GBElg15SprySlMatt.gif | https://www.bestbottles.com/images/store/depthview/GBElg15SprySlSh.gif | https://www.bestbottles.com/images/store/depthview/GBElg15WhtSht.gif | https://www.bestbottles.com/images/store/enlarged_pics/GBElg15BlkSht.gif | https://www.bestbottles.com/images/store/enlarged_pics/GBElg15Gl.gif | https://www.bestbottles.com/images/store/enlarged_pics/GBElg15MtlRollBlkDot.gif | https://www.bestbottles.com/images/store/enlarged_pics/GBElg15MtlRollBlkSh.gif | https://www.bestbottles.com/images/store/enlarged_pics/GBElg15MtlRollCuMatt.gif | https://www.bestbottles.com/images/store/enlarged_pics/GBElg15MtlRollGlMatt.gif | https://www.bestbottles.com/images/store/enlarged_pics/GBElg15MtlRollGlSh.gif | https://www.bestbottles.com/images/store/enlarged_pics/GBElg15MtlRollPinkDot.gif | https://www.bestbottles.com/images/store/enlarged_pics/GBElg15MtlRollSlDot.gif | https://www.bestbottles.com/images/store/enlarged_pics/GBElg15MtlRollSlMatt.gif | https://www.bestbottles.com/images/store/enlarged_pics/GBElg15MtlRollSlSh.gif | https://www.bestbottles.com/images/store/enlarged_pics/GBElg15RollBlkDot.gif | https://www.bestbottles.com/images/store/enlarged_pics/GBElg15RollBlkSh.gif | https://www.bestbottles.com/images/store/enlarged_pics/GBElg15RollCuMatt.gif | https://www.bestbottles.com/images/store/enlarged_pics/GBElg15RollGlMatt.gif | https://www.bestbottles.com/images/store/enlarged_pics/GBElg15RollGlSh.gif | https://www.bestbottles.com/images/store/enlarged_pics/GBElg15RollPinkDot.gif | https://www.bestbottles.com/images/store/enlarged_pics/GBElg15RollSlDot.gif | https://www.bestbottles.com/images/store/enlarged_pics/GBElg15RollSlMatt.gif | https://www.bestbottles.com/images/store/enlarged_pics/GBElg15RollSlSh.gif | https://www.bestbottles.com/images/store/enlarged_pics/GBElg15Sl.gif | https://www.bestbottles.com/images/store/enlarged_pics/GBElg15SpryBlkMatt.gif | https://www.bestbottles.com/images/store/enlarged_pics/GBElg15SpryBlkSh.gif | https://www.bestbottles.com/images/store/enlarged_pics/GBElg15SpryBluMatt.gif | https://www.bestbottles.com/images/store/enlarged_pics/GBElg15SpryCuMatt.gif | https://www.bestbottles.com/images/store/enlarged_pics/GBElg15SpryGlMatt.gif | https://www.bestbottles.com/images/store/enlarged_pics/GBElg15SpryGlSh.gif | https://www.bestbottles.com/images/store/enlarged_pics/GBElg15SprySlMatt.gif | https://www.bestbottles.com/images/store/enlarged_pics/GBElg15SprySlSh.gif | https://www.bestbottles.com/images/store/enlarged_pics/GBElg15WhtSht.gif | https://www.bestbottles.com/images/store/enlarged_pics/GBElgFrst15BlkSht.gif | https://www.bestbottles.com/images/store/enlarged_pics/GBElgFrst15Gl.gif | https://www.bestbottles.com/images/store/enlarged_pics/GBElgFrst15MtlRollBlkDot.gif | https://www.bestbottles.com/images/store/enlarged_pics/GBElgFrst15MtlRollBlkSh.gif | https://www.bestbottles.com/images/store/enlarged_pics/GBElgFrst15MtlRollCuMatt.gif | https://www.bestbottles.com/images/store/enlarged_pics/GBElgFrst15MtlRollGlSh.gif | https://www.bestbottles.com/images/store/enlarged_pics/GBElgFrst15MtlRollPinkDot.gif | https://www.bestbottles.com/images/store/enlarged_pics/GBElgFrst15MtlRollSlDot.gif | https://www.bestbottles.com/images/store/enlarged_pics/GBElgFrst15MtlRollSlMatt.gif | https://www.bestbottles.com/images/store/enlarged_pics/GBElgFrst15MtlRollSlSh.gif | https://www.bestbottles.com/images/store/enlarged_pics/GBElgFrst15RollBlkDot.gif | https://www.bestbottles.com/images/store/enlarged_pics/GBElgFrst15RollBlkSh.gif | https://www.bestbottles.com/images/store/enlarged_pics/GBElgFrst15RollCuMatt.gif | https://www.bestbottles.com/images/store/enlarged_pics/GBElgFrst15RollGlSh.gif | https://www.bestbottles.com/images/store/enlarged_pics/GBElgFrst15RollPinkDot.gif | https://www.bestbottles.com/images/store/enlarged_pics/GBElgFrst15RollSlDot.gif | https://www.bestbottles.com/images/store/enlarged_pics/GBElgFrst15RollSlMatt.gif | https://www.bestbottles.com/images/store/enlarged_pics/GBElgFrst15RollSlSh.gif | https://www.bestbottles.com/images/store/enlarged_pics/GBElgFrst15Sl.gif | https://www.bestbottles.com/images/store/enlarged_pics/GBElgFrst15SpryBlkMatt.gif | https://www.bestbottles.com/images/store/enlarged_pics/GBElgFrst15SpryBlkSh.gif | https://www.bestbottles.com/images/store/enlarged_pics/GBElgFrst15SpryBluMatt.gif | https://www.bestbottles.com/images/store/enlarged_pics/GBElgFrst15SpryCuMatt.gif | https://www.bestbottles.com/images/store/enlarged_pics/GBElgFrst15SpryGlSh.gif | https://www.bestbottles.com/images/store/enlarged_pics/GBElgFrst15SprySlMatt.gif | https://www.bestbottles.com/images/store/enlarged_pics/GBElgFrst15SprySlSh.gif | https://www.bestbottles.com/images/store/enlarged_pics/GBElgFrst15WhtSht.gif | https://www.bestbottles.com/images/store/measured/GBElg15BlkSht.gif | https://www.bestbottles.com/images/store/measured/GBElg15Gl.gif | https://www.bestbottles.com/images/store/measured/GBElg15MtlRollBlkDot.gif | https://www.bestbottles.com/images/store/measured/GBElg15MtlRollBlkSh.gif | https://www.bestbottles.com/images/store/measured/GBElg15MtlRollCuMatt.gif | https://www.bestbottles.com/images/store/measured/GBElg15MtlRollGlMatt.gif | https://www.bestbottles.com/images/store/measured/GBElg15MtlRollGlSh.gif | https://www.bestbottles.com/images/store/measured/GBElg15MtlRollPinkDot.gif | https://www.bestbottles.com/images/store/measured/GBElg15MtlRollSlDot.gif | https://www.bestbottles.com/images/store/measured/GBElg15MtlRollSlMatt.gif | https://www.bestbottles.com/images/store/measured/GBElg15MtlRollSlSh.gif | https://www.bestbottles.com/images/store/measured/GBElg15RollBlkDot.gif | https://www.bestbottles.com/images/store/measured/GBElg15RollBlkSh.gif | https://www.bestbottles.com/images/store/measured/GBElg15RollCuMatt.gif | https://www.bestbottles.com/images/store/measured/GBElg15RollGlMatt.gif | https://www.bestbottles.com/images/store/measured/GBElg15RollGlSh.gif | https://www.bestbottles.com/images/store/measured/GBElg15RollPinkDot.gif | https://www.bestbottles.com/images/store/measured/GBElg15RollSlDot.gif | https://www.bestbottles.com/images/store/measured/GBElg15RollSlMatt.gif | https://www.bestbottles.com/images/store/measured/GBElg15RollSlSh.gif | https://www.bestbottles.com/images/store/measured/GBElg15Sl.gif | https://www.bestbottles.com/images/store/measured/GBElg15SpryBlkMatt.gif | https://www.bestbottles.com/images/store/measured/GBElg15SpryBlkSh.gif | https://www.bestbottles.com/images/store/measured/GBElg15SpryBluMatt.gif | https://www.bestbottles.com/images/store/measured/GBElg15SpryCuMatt.gif | https://www.bestbottles.com/images/store/measured/GBElg15SpryGlMatt.gif | https://www.bestbottles.com/images/store/measured/GBElg15SpryGlSh.gif | https://www.bestbottles.com/images/store/measured/GBElg15SprySlMatt.gif | https://www.bestbottles.com/images/store/measured/GBElg15SprySlSh.gif | https://www.bestbottles.com/images/store/measured/GBElg15WhtSht.gif,57,ELEGANT-15ML-13-415,manual-review-required,P0-TRUTH,missing,measured-body-geometry-only,Resolve catalog geometry/body-color truth before authority creation.,,,convex_widthaxis_corrected_by_site(was=30.0)×57 | d:dup_lineage_stale_value×27 | h:dup_lineage_stale_value×4
73,shot__body__elegant__15ml__61x35x18.0__c4c67a2252__frosted,body-appearance,body,Elegant,15,13-415,body__elegant__15ml__61x35x18.0__c4c67a2252,Frosted,Glass,,https://cdn.shopify.com/s/files/1/0739/9420/7524/files/GB-ELG-CLR-15ML-BLK-S-02__GBElgFrst15BlkSht__pdp-main__v001.png?v=1781251897 | https://cdn.shopify.com/s/files/1/0739/9420/7524/files/GB-ELG-CLR-15ML-MRL-BLK-01__GBElgFrst15MtlRollBlkDot__pdp-main__v001.png?v=1781251631 | https://cdn.shopify.com/s/files/1/0739/9420/7524/files/GB-ELG-CLR-15ML-MRL-BLK-02__GBElgFrst15MtlRollBlkSh__pdp-main__v001.png?v=1781251631 | https://cdn.shopify.com/s/files/1/0739/9420/7524/files/GB-ELG-CLR-15ML-MRL-MCPR-02__GBElgFrst15MtlRollCuMatt__pdp-main__v001.png?v=1781251631 | https://cdn.shopify.com/s/files/1/0739/9420/7524/files/GB-ELG-CLR-15ML-MRL-MSLV-02__GBElgFrst15MtlRollSlMatt__pdp-main__v001.png?v=1781251631 | https://cdn.shopify.com/s/files/1/0739/9420/7524/files/GB-ELG-CLR-15ML-MRL-SGLD-02__GBElgFrst15MtlRollGlSh__pdp-main__v001.png?v=1781251631 | https://cdn.shopify.com/s/files/1/0739/9420/7524/files/GB-ELG-CLR-15ML-MRL-SLV-01__GBElgFrst15MtlRollSlDot__pdp-main__v001.png?v=1781251631 | https://cdn.shopify.com/s/files/1/0739/9420/7524/files/GB-ELG-CLR-15ML-MRL-SLV-02__GBElgFrst15MtlRollSlSh__pdp-main__v001.png?v=1781251631 | https://cdn.shopify.com/s/files/1/0739/9420/7524/files/GB-ELG-CLR-15ML-MRL__GBElgFrst15MtlRollPinkDot__pdp-main__v001.png?v=1781251631 | https://cdn.shopify.com/s/files/1/0739/9420/7524/files/GB-ELG-CLR-15ML-RBL-BLK-01__GBElgFrst15RollBlkDot__pdp-main__v001.png?v=1781251631 | https://cdn.shopify.com/s/files/1/0739/9420/7524/files/GB-ELG-CLR-15ML-RBL-BLK-02__GBElgFrst15RollBlkSh__pdp-main__v001.png?v=1781251631 | https://cdn.shopify.com/s/files/1/0739/9420/7524/files/GB-ELG-CLR-15ML-RBL-MCPR__GBElgFrst15RollCuMatt__pdp-main__v001.png?v=1781251631 | https://cdn.shopify.com/s/files/1/0739/9420/7524/files/GB-ELG-CLR-15ML-RBL-MSLV__GBElgFrst15RollSlMatt__pdp-main__v001.png?v=1781251631 | https://cdn.shopify.com/s/files/1/0739/9420/7524/files/GB-ELG-CLR-15ML-RBL-SGLD__GBElgFrst15RollGlSh__pdp-main__v001.png?v=1781251631 | https://cdn.shopify.com/s/files/1/0739/9420/7524/files/GB-ELG-CLR-15ML-RBL-SLV-01__GBElgFrst15RollSlDot__pdp-main__v001.png?v=1781251631 | https://cdn.shopify.com/s/files/1/0739/9420/7524/files/GB-ELG-CLR-15ML-RBL-SLV-02__GBElgFrst15RollSlSh__pdp-main__v001.png?v=1781251631 | https://cdn.shopify.com/s/files/1/0739/9420/7524/files/GB-ELG-CLR-15ML-RBL__GBElgFrst15RollPinkDot__pdp-main__v001.png?v=1781251631 | https://cdn.shopify.com/s/files/1/0739/9420/7524/files/GB-ELG-CLR-15ML-SGLD-T__GBElgFrst15Gl__pdp-main__v001.png?v=1781251897 | https://cdn.shopify.com/s/files/1/0739/9420/7524/files/GB-ELG-CLR-15ML-SLV-T-02__GBElgFrst15Sl__pdp-main__v001.png?v=1781251897 | https://cdn.shopify.com/s/files/1/0739/9420/7524/files/GB-ELG-CLR-15ML-SPR-BLK-01__GBElgFrst15SpryBlkMatt__pdp-main__v001.png?v=1781251772 | https://cdn.shopify.com/s/files/1/0739/9420/7524/files/GB-ELG-CLR-15ML-SPR-BLK-02__GBElgFrst15SpryBlkSh__pdp-main__v001.png?v=1781251773 | https://cdn.shopify.com/s/files/1/0739/9420/7524/files/GB-ELG-CLR-15ML-SPR-MCPR-02__GBElgFrst15SpryCuMatt__pdp-main__v001.png?v=1781251773 | https://cdn.shopify.com/s/files/1/0739/9420/7524/files/GB-ELG-CLR-15ML-SPR-MSLV-02__GBElgFrst15SprySlMatt__pdp-main__v001.png?v=1781251773 | https://cdn.shopify.com/s/files/1/0739/9420/7524/files/GB-ELG-CLR-15ML-SPR-SLV__GBElgFrst15SprySlSh__pdp-main__v001.png?v=1781251773 | https://cdn.shopify.com/s/files/1/0739/9420/7524/files/GB-ELG-CLR-15ML-SPR__GBElgFrst15SpryBluMatt__pdp-main__v001.png?v=1781251773 | https://cdn.shopify.com/s/files/1/0739/9420/7524/files/GB-ELG-CLR-15ML-WHT-S__GBElgFrst15WhtSht__pdp-main__v001.png?v=1781251897 | https://cdn.shopify.com/s/files/1/0739/9420/7524/files/GB-ELG-FRS-15ML-CAP-SBLK__GBElgFrst15BlkShSht__pdp-main__v001.png?v=1781251911 | https://cdn.shopify.com/s/files/1/0739/9420/7524/files/master_corrected_1779141772955_fa8evf.png?v=1781251773 | https://www.bestbottles.com/images/store/enlarged_pics/GBElgFrst15BlkSht.gif | https://www.bestbottles.com/images/store/enlarged_pics/GBElgFrst15Gl.gif | https://www.bestbottles.com/images/store/enlarged_pics/GBElgFrst15MtlRollBlkDot.gif | https://www.bestbottles.com/images/store/enlarged_pics/GBElgFrst15MtlRollBlkSh.gif | https://www.bestbottles.com/images/store/enlarged_pics/GBElgFrst15MtlRollCuMatt.gif | https://www.bestbottles.com/images/store/enlarged_pics/GBElgFrst15MtlRollGlSh.gif | https://www.bestbottles.com/images/store/enlarged_pics/GBElgFrst15MtlRollPinkDot.gif | https://www.bestbottles.com/images/store/enlarged_pics/GBElgFrst15MtlRollSlDot.gif | https://www.bestbottles.com/images/store/enlarged_pics/GBElgFrst15MtlRollSlMatt.gif | https://www.bestbottles.com/images/store/enlarged_pics/GBElgFrst15MtlRollSlSh.gif | https://www.bestbottles.com/images/store/enlarged_pics/GBElgFrst15RollBlkDot.gif | https://www.bestbottles.com/images/store/enlarged_pics/GBElgFrst15RollBlkSh.gif | https://www.bestbottles.com/images/store/enlarged_pics/GBElgFrst15RollCuMatt.gif | https://www.bestbottles.com/images/store/enlarged_pics/GBElgFrst15RollGlSh.gif | https://www.bestbottles.com/images/store/enlarged_pics/GBElgFrst15RollPinkDot.gif | https://www.bestbottles.com/images/store/enlarged_pics/GBElgFrst15RollSlDot.gif | https://www.bestbottles.com/images/store/enlarged_pics/GBElgFrst15RollSlMatt.gif | https://www.bestbottles.com/images/store/enlarged_pics/GBElgFrst15RollSlSh.gif | https://www.bestbottles.com/images/store/enlarged_pics/GBElgFrst15Sl.gif | https://www.bestbottles.com/images/store/enlarged_pics/GBElgFrst15SpryBlkMatt.gif | https://www.bestbottles.com/images/store/enlarged_pics/GBElgFrst15SpryBlkSh.gif | https://www.bestbottles.com/images/store/enlarged_pics/GBElgFrst15SpryBluMatt.gif | https://www.bestbottles.com/images/store/enlarged_pics/GBElgFrst15SpryCuMatt.gif | https://www.bestbottles.com/images/store/enlarged_pics/GBElgFrst15SpryGlSh.gif | https://www.bestbottles.com/images/store/enlarged_pics/GBElgFrst15SprySlMatt.gif | https://www.bestbottles.com/images/store/enlarged_pics/GBElgFrst15SprySlSh.gif | https://www.bestbottles.com/images/store/enlarged_pics/GBElgFrst15WhtSht.gif,28,ELEGANT-15ML-13-415,manual-review-required,P0-TRUTH,missing,measured-body-geometry-only,Resolve catalog geometry/body-color truth before authority creation.,,,convex_height_corrected_by_site(was=70.0)×4 | h:dup_lineage_stale_value×4 | d:override_applied×1 | h:override_applied×1
74,shot__body__elegant__30ml__75x44x22.0__a88836e322__clear,body-appearance,body,Elegant,30,15-415,body__elegant__30ml__75x44x22.0__a88836e322,Clear,Glass,,https://www.bestbottles.com/images/store/depthview/GBElg30GlCap.gif | https://www.bestbottles.com/images/store/depthview/GBElg30SlCap.gif | https://www.bestbottles.com/images/store/depthview/GBElg30SpryBlk.gif | https://www.bestbottles.com/images/store/depthview/GBElg30SpryMattGl.gif | https://www.bestbottles.com/images/store/depthview/GBElg30SpryMattSl.gif | https://www.bestbottles.com/images/store/depthview/GBElg30SpryShSl.gif | https://www.bestbottles.com/images/store/depthview/GBElg30SpryShnGl.gif | https://www.bestbottles.com/images/store/enlarged_pics/GBElg30GlCap.gif | https://www.bestbottles.com/images/store/enlarged_pics/GBElg30SlCap.gif | https://www.bestbottles.com/images/store/enlarged_pics/GBElg30SpryBlk.gif | https://www.bestbottles.com/images/store/enlarged_pics/GBElg30SpryMattGl.gif | https://www.bestbottles.com/images/store/enlarged_pics/GBElg30SpryMattSl.gif | https://www.bestbottles.com/images/store/enlarged_pics/GBElg30SpryShSl.gif | https://www.bestbottles.com/images/store/enlarged_pics/GBElg30SpryShnGl.gif | https://www.bestbottles.com/images/store/measured/GBElg30GlCap.gif | https://www.bestbottles.com/images/store/measured/GBElg30SlCap.gif | https://www.bestbottles.com/images/store/measured/GBElg30SpryBlk.gif | https://www.bestbottles.com/images/store/measured/GBElg30SpryMattGl.gif | https://www.bestbottles.com/images/store/measured/GBElg30SpryMattSl.gif | https://www.bestbottles.com/images/store/measured/GBElg30SpryShSl.gif | https://www.bestbottles.com/images/store/measured/GBElg30SpryShnGl.gif,7,ELEGANT-30ML-15-415,manual-review-required,P0-TRUTH,missing,measured-body-geometry-only,Resolve catalog geometry/body-color truth before authority creation.,,,convex_widthaxis_corrected_by_site(was=37.0)×14
75,shot__body__elegant__30ml__75x44x22.0__a88836e322__frosted,body-appearance,body,Elegant,30,15-415,body__elegant__30ml__75x44x22.0__a88836e322,Frosted,Glass,,https://www.bestbottles.com/images/store/enlarged_pics/GBElgFrst30GlCap.gif | https://www.bestbottles.com/images/store/enlarged_pics/GBElgFrst30SlCap.gif | https://www.bestbottles.com/images/store/enlarged_pics/GBElgFrst30SpryBlk.gif | https://www.bestbottles.com/images/store/enlarged_pics/GBElgFrst30SpryMattGl.gif | https://www.bestbottles.com/images/store/enlarged_pics/GBElgFrst30SpryMattSl.gif | https://www.bestbottles.com/images/store/enlarged_pics/GBElgFrst30SpryShSl.gif | https://www.bestbottles.com/images/store/enlarged_pics/GBElgFrst30SpryShnGl.gif | https://www.bestbottles.com/images/store/measured/GBElgFrst30GlCap.gif | https://www.bestbottles.com/images/store/measured/GBElgFrst30SlCap.gif | https://www.bestbottles.com/images/store/measured/GBElgFrst30SpryBlk.gif | https://www.bestbottles.com/images/store/measured/GBElgFrst30SpryMattGl.gif | https://www.bestbottles.com/images/store/measured/GBElgFrst30SpryMattSl.gif | https://www.bestbottles.com/images/store/measured/GBElgFrst30SpryShSl.gif | https://www.bestbottles.com/images/store/measured/GBElgFrst30SpryShnGl.gif,7,ELEGANT-30ML-15-415,manual-review-required,P0-TRUTH,missing,measured-body-geometry-only,Resolve catalog geometry/body-color truth before authority creation.,,,convex_widthaxis_corrected_by_site(was=37.0)×14
76,shot__body__elegant__60ml__86x54x27.0__e94f7555e3__clear,body-appearance,body,Elegant,60,18-415,body__elegant__60ml__86x54x27.0__e94f7555e3,Clear,Glass,,https://cdn.shopify.com/s/files/1/0739/9420/7524/files/GB-ELG-CLR-60ML-ASP-WHT-02__GBElgFrst60AnSpWht__pdp-main__v001.png?v=1781252683 | https://cdn.shopify.com/s/files/1/0739/9420/7524/files/GB-ELG-CLR-60ML-RDC-MSLV-01__GBElg60RdcrMtSl__pdp-main__v001.png?v=1781252086 | https://cdn.shopify.com/s/files/1/0739/9420/7524/files/GB-ELG-CLR-60ML-RDC-SBLK-01__GBElg60RdcrShnBlk__pdp-main__v001.png?v=1781252086 | https://www.bestbottles.com/images/store/depthview/GBElgFrst60AnSpWht.gif | https://www.bestbottles.com/images/store/enlarged_pics/GBElg60AnSpBlk.gif | https://www.bestbottles.com/images/store/enlarged_pics/GBElg60AnSpGl.gif | https://www.bestbottles.com/images/store/enlarged_pics/GBElg60AnSpIvyGl.gif | https://www.bestbottles.com/images/store/enlarged_pics/GBElg60AnSpIvySl.gif | https://www.bestbottles.com/images/store/enlarged_pics/GBElg60AnSpLvn.gif | https://www.bestbottles.com/images/store/enlarged_pics/GBElg60AnSpMtSl.gif | https://www.bestbottles.com/images/store/enlarged_pics/GBElg60AnSpPnk.gif | https://www.bestbottles.com/images/store/enlarged_pics/GBElg60AnSpRed.gif | https://www.bestbottles.com/images/store/enlarged_pics/GBElg60AnSpTslBlk.gif | https://www.bestbottles.com/images/store/enlarged_pics/GBElg60AnSpTslGl.gif | https://www.bestbottles.com/images/store/enlarged_pics/GBElg60AnSpTslIvyGl.gif | https://www.bestbottles.com/images/store/enlarged_pics/GBElg60AnSpTslIvySl.gif | https://www.bestbottles.com/images/store/enlarged_pics/GBElg60AnSpTslLvn.gif | https://www.bestbottles.com/images/store/enlarged_pics/GBElg60AnSpTslMtSl.gif | https://www.bestbottles.com/images/store/enlarged_pics/GBElg60AnSpTslPnk.gif | https://www.bestbottles.com/images/store/enlarged_pics/GBElg60AnSpTslRed.gif | https://www.bestbottles.com/images/store/enlarged_pics/GBElg60AnSpTslWht.gif | https://www.bestbottles.com/images/store/enlarged_pics/GBElg60AnSpWht.gif | https://www.bestbottles.com/images/store/enlarged_pics/GBElg60DrpCu.gif | https://www.bestbottles.com/images/store/enlarged_pics/GBElg60RdcrBlkLthr.gif | https://www.bestbottles.com/images/store/enlarged_pics/GBElg60RdcrBrwnLthr.gif | https://www.bestbottles.com/images/store/enlarged_pics/GBElg60RdcrIvyLthr.gif | https://www.bestbottles.com/images/store/enlarged_pics/GBElg60RdcrLBrwnLthr.gif | https://www.bestbottles.com/images/store/enlarged_pics/GBElg60RdcrMtSl.gif | https://www.bestbottles.com/images/store/enlarged_pics/GBElg60RdcrMtSlTall.gif | https://www.bestbottles.com/images/store/enlarged_pics/GBElg60RdcrPnkLthr.gif | https://www.bestbottles.com/images/store/enlarged_pics/GBElg60RdcrShnBlk.gif | https://www.bestbottles.com/images/store/enlarged_pics/GBElg60RdcrShnBlkTall.gif | https://www.bestbottles.com/images/store/enlarged_pics/GBElg60RdcrShnGl.gif | https://www.bestbottles.com/images/store/enlarged_pics/GBElg60RdcrShnSl.gif | https://www.bestbottles.com/images/store/enlarged_pics/GBElg60RdcrWht.gif | https://www.bestbottles.com/images/store/enlarged_pics/GBElg60SpryCu.gif | https://www.bestbottles.com/images/store/enlarged_pics/GBElg60SpryMtGl.gif | https://www.bestbottles.com/images/store/enlarged_pics/GBElg60SpryMtSl.gif | https://www.bestbottles.com/images/store/enlarged_pics/GBElg60SpryShnBlk.gif | https://www.bestbottles.com/images/store/enlarged_pics/GBElg60SpryShnGl.gif | https://www.bestbottles.com/images/store/enlarged_pics/GBElg60SpryShnSl.gif | https://www.bestbottles.com/images/store/enlarged_pics/GBElgFrst60AnSpWht.gif | https://www.bestbottles.com/images/store/enlarged_pics/LBElg60LtnClrOvrCap.gif | https://www.bestbottles.com/images/store/enlarged_pics/LBElg60LtnCu.gif | https://www.bestbottles.com/images/store/enlarged_pics/LBElg60LtnMtGl.gif | https://www.bestbottles.com/images/store/enlarged_pics/LBElg60LtnMtSl.gif | https://www.bestbottles.com/images/store/enlarged_pics/LBElg60LtnShnBlk.gif | https://www.bestbottles.com/images/store/enlarged_pics/LBElg60LtnShnGl.gif | https://www.bestbottles.com/images/store/enlarged_pics/LBElg60LtnShnSl.gif | https://www.bestbottles.com/images/store/enlarged_pics/LBElg60WhtClOvrCp.gif | https://www.bestbottles.com/images/store/measured/GBElg60AnSpBlk.gif | https://www.bestbottles.com/images/store/measured/GBElg60AnSpGl.gif | https://www.bestbottles.com/images/store/measured/GBElg60AnSpIvyGl.gif | https://www.bestbottles.com/images/store/measured/GBElg60AnSpIvySl.gif | https://www.bestbottles.com/images/store/measured/GBElg60AnSpLvn.gif | https://www.bestbottles.com/images/store/measured/GBElg60AnSpMtSl.gif | https://www.bestbottles.com/images/store/measured/GBElg60AnSpPnk.gif | https://www.bestbottles.com/images/store/measured/GBElg60AnSpRed.gif | https://www.bestbottles.com/images/store/measured/GBElg60AnSpTslBlk.gif | https://www.bestbottles.com/images/store/measured/GBElg60AnSpTslGl.gif | https://www.bestbottles.com/images/store/measured/GBElg60AnSpTslIvyGl.gif | https://www.bestbottles.com/images/store/measured/GBElg60AnSpTslIvySl.gif | https://www.bestbottles.com/images/store/measured/GBElg60AnSpTslLvn.gif | https://www.bestbottles.com/images/store/measured/GBElg60AnSpTslMtSl.gif | https://www.bestbottles.com/images/store/measured/GBElg60AnSpTslPnk.gif | https://www.bestbottles.com/images/store/measured/GBElg60AnSpTslRed.gif | https://www.bestbottles.com/images/store/measured/GBElg60AnSpTslWht.gif | https://www.bestbottles.com/images/store/measured/GBElg60AnSpWht.gif | https://www.bestbottles.com/images/store/measured/GBElg60DrpCu.gif | https://www.bestbottles.com/images/store/measured/GBElg60RdcrBlkLthr.gif | https://www.bestbottles.com/images/store/measured/GBElg60RdcrBrwnLthr.gif | https://www.bestbottles.com/images/store/measured/GBElg60RdcrIvyLthr.gif | https://www.bestbottles.com/images/store/measured/GBElg60RdcrLBrwnLthr.gif | https://www.bestbottles.com/images/store/measured/GBElg60RdcrMtSl.gif | https://www.bestbottles.com/images/store/measured/GBElg60RdcrMtSlTall.gif | https://www.bestbottles.com/images/store/measured/GBElg60RdcrPnkLthr.gif | https://www.bestbottles.com/images/store/measured/GBElg60RdcrShnBlk.gif | https://www.bestbottles.com/images/store/measured/GBElg60RdcrShnBlkTall.gif | https://www.bestbottles.com/images/store/measured/GBElg60RdcrShnGl.gif | https://www.bestbottles.com/images/store/measured/GBElg60RdcrShnSl.gif | https://www.bestbottles.com/images/store/measured/GBElg60RdcrWht.gif | https://www.bestbottles.com/images/store/measured/GBElg60SpryCu.gif | https://www.bestbottles.com/images/store/measured/GBElg60SpryMtGl.gif | https://www.bestbottles.com/images/store/measured/GBElg60SpryMtSl.gif | https://www.bestbottles.com/images/store/measured/GBElg60SpryShnBlk.gif | https://www.bestbottles.com/images/store/measured/GBElg60SpryShnGl.gif | https://www.bestbottles.com/images/store/measured/GBElg60SpryShnSl.gif | https://www.bestbottles.com/images/store/measured/GBElgFrst60AnSpWht.gif | https://www.bestbottles.com/images/store/measured/LBElg60LtnClrOvrCap.gif | https://www.bestbottles.com/images/store/measured/LBElg60LtnCu.gif | https://www.bestbottles.com/images/store/measured/LBElg60LtnMtGl.gif | https://www.bestbottles.com/images/store/measured/LBElg60LtnMtSl.gif | https://www.bestbottles.com/images/store/measured/LBElg60LtnShnBlk.gif | https://www.bestbottles.com/images/store/measured/LBElg60LtnShnGl.gif | https://www.bestbottles.com/images/store/measured/LBElg60LtnShnSl.gif | https://www.bestbottles.com/images/store/measured/LBElg60WhtClOvrCp.gif,46,ELEGANT-60ML-18-415,manual-review-required,P0-TRUTH,missing,measured-body-geometry-only,Resolve catalog geometry/body-color truth before authority creation.,,,convex_widthaxis_corrected_by_site(was=39.0)×67 | convex_widthaxis_corrected_by_site(was=42.6)×16 | convex_widthaxis_corrected_by_site(was=60.0)×13 | convex_height_corrected_by_site(was=92.0)×10 | d:group_outlier_unresolved×9 | h:group_outlier_unresolved×5 | d:dup_lineage_stale_value×1 | h:dup_lineage_stale_value×1
77,shot__body__elegant__60ml__87x54x27.0__3173eb0886__clear,body-appearance,body,Elegant,60,,body__elegant__60ml__87x54x27.0__3173eb0886,Clear,,,,0,,manual-review-required,P0-TRUTH,missing,measured-body-geometry-only,Resolve catalog geometry/body-color truth before authority creation.,,,convex_widthaxis_corrected_by_site(was=42.6)×3 | d:group_outlier_unresolved×1
78,shot__body__elegant__60ml__86x54x27.0__e94f7555e3__frosted,body-appearance,body,Elegant,60,18-415,body__elegant__60ml__86x54x27.0__e94f7555e3,Frosted,Glass,,https://cdn.shopify.com/s/files/1/0739/9420/7524/files/GB-ELG-CLR-60ML-ASP-WHT-02__GBElgFrst60AnSpWht__pdp-main__v001.png?v=1781252683 | https://cdn.shopify.com/s/files/1/0739/9420/7524/files/GB-ELG-FRS-60ML-RDC-MSLV-01__GBElgFrst60RdcrMtSl__pdp-main__v001.png?v=1781252092 | https://cdn.shopify.com/s/files/1/0739/9420/7524/files/GB-ELG-FRS-60ML-RDC-SBLK-01__GBElgFrst60RdcrShnBlk__pdp-main__v001.png?v=1781252092 | https://www.bestbottles.com/images/store/depthview/GBElgFrst60AnSpBlk.gif | https://www.bestbottles.com/images/store/depthview/GBElgFrst60AnSpGl.gif | https://www.bestbottles.com/images/store/depthview/GBElgFrst60AnSpIvyGl.gif | https://www.bestbottles.com/images/store/depthview/GBElgFrst60AnSpIvySl.gif | https://www.bestbottles.com/images/store/depthview/GBElgFrst60AnSpLvn.gif | https://www.bestbottles.com/images/store/depthview/GBElgFrst60AnSpMtSl.gif | https://www.bestbottles.com/images/store/depthview/GBElgFrst60AnSpPnk.gif | https://www.bestbottles.com/images/store/depthview/GBElgFrst60AnSpRed.gif | https://www.bestbottles.com/images/store/depthview/GBElgFrst60AnSpTslBlk.gif | https://www.bestbottles.com/images/store/depthview/GBElgFrst60AnSpTslGl.gif | https://www.bestbottles.com/images/store/depthview/GBElgFrst60AnSpTslIvyGl.gif | https://www.bestbottles.com/images/store/depthview/GBElgFrst60AnSpTslIvySl.gif | https://www.bestbottles.com/images/store/depthview/GBElgFrst60AnSpTslLvn.gif | https://www.bestbottles.com/images/store/depthview/GBElgFrst60AnSpTslMtSl.gif | https://www.bestbottles.com/images/store/depthview/GBElgFrst60AnSpTslPnk.gif | https://www.bestbottles.com/images/store/depthview/GBElgFrst60AnSpTslRed.gif | https://www.bestbottles.com/images/store/depthview/GBElgFrst60AnSpTslWht.gif | https://www.bestbottles.com/images/store/depthview/GBElgFrst60AnSpWht.gif | https://www.bestbottles.com/images/store/depthview/GBElgFrst60DrpCu.gif | https://www.bestbottles.com/images/store/depthview/GBElgFrst60DrpGl.gif | https://www.bestbottles.com/images/store/depthview/GBElgFrst60RdcrBlkLthr.gif | https://www.bestbottles.com/images/store/depthview/GBElgFrst60RdcrBrwnLthr.gif | https://www.bestbottles.com/images/store/depthview/GBElgFrst60RdcrIvyLthr.gif | https://www.bestbottles.com/images/store/depthview/GBElgFrst60RdcrLBrwnLthr.gif | https://www.bestbottles.com/images/store/depthview/GBElgFrst60RdcrMtSl.gif | https://www.bestbottles.com/images/store/depthview/GBElgFrst60RdcrMtSlTall.gif | https://www.bestbottles.com/images/store/depthview/GBElgFrst60RdcrPnkLthr.gif | https://www.bestbottles.com/images/store/depthview/GBElgFrst60RdcrShnBlk.gif | https://www.bestbottles.com/images/store/depthview/GBElgFrst60RdcrShnBlkTall.gif | https://www.bestbottles.com/images/store/depthview/GBElgFrst60RdcrShnGl.gif | https://www.bestbottles.com/images/store/depthview/GBElgFrst60RdcrShnSl.gif | https://www.bestbottles.com/images/store/depthview/GBElgFrst60RdcrWht.gif | https://www.bestbottles.com/images/store/depthview/GBElgFrst60SpryCu.gif | https://www.bestbottles.com/images/store/depthview/GBElgFrst60SpryMtGl.gif | https://www.bestbottles.com/images/store/depthview/GBElgFrst60SpryMtSl.gif | https://www.bestbottles.com/images/store/depthview/GBElgFrst60SpryShnBlk.gif | https://www.bestbottles.com/images/store/depthview/GBElgFrst60SpryShnGl.gif | https://www.bestbottles.com/images/store/depthview/GBElgFrst60SpryShnSl.gif | https://www.bestbottles.com/images/store/depthview/LBElgFrst60LtnClOvrCap.gif | https://www.bestbottles.com/images/store/depthview/LBElgFrst60LtnCu.gif | https://www.bestbottles.com/images/store/depthview/LBElgFrst60LtnMtGl.gif | https://www.bestbottles.com/images/store/depthview/LBElgFrst60LtnMtSl.gif | https://www.bestbottles.com/images/store/depthview/LBElgFrst60LtnShnBlk.gif | https://www.bestbottles.com/images/store/depthview/LBElgFrst60LtnShnGl.gif | https://www.bestbottles.com/images/store/depthview/LBElgFrst60LtnShnSl.gif | https://www.bestbottles.com/images/store/depthview/LBElgFrst60WhtClOvrCp.gif | https://www.bestbottles.com/images/store/enlarged_pics/GBElgFrst60AnSpBlk.gif | https://www.bestbottles.com/images/store/enlarged_pics/GBElgFrst60AnSpGl.gif | https://www.bestbottles.com/images/store/enlarged_pics/GBElgFrst60AnSpIvyGl.gif | https://www.bestbottles.com/images/store/enlarged_pics/GBElgFrst60AnSpIvySl.gif | https://www.bestbottles.com/images/store/enlarged_pics/GBElgFrst60AnSpLvn.gif | https://www.bestbottles.com/images/store/enlarged_pics/GBElgFrst60AnSpMtSl.gif | https://www.bestbottles.com/images/store/enlarged_pics/GBElgFrst60AnSpPnk.gif | https://www.bestbottles.com/images/store/enlarged_pics/GBElgFrst60AnSpRed.gif | https://www.bestbottles.com/images/store/enlarged_pics/GBElgFrst60AnSpTslBlk.gif | https://www.bestbottles.com/images/store/enlarged_pics/GBElgFrst60AnSpTslGl.gif | https://www.bestbottles.com/images/store/enlarged_pics/GBElgFrst60AnSpTslIvyGl.gif | https://www.bestbottles.com/images/store/enlarged_pics/GBElgFrst60AnSpTslIvySl.gif | https://www.bestbottles.com/images/store/enlarged_pics/GBElgFrst60AnSpTslLvn.gif | https://www.bestbottles.com/images/store/enlarged_pics/GBElgFrst60AnSpTslMtSl.gif | https://www.bestbottles.com/images/store/enlarged_pics/GBElgFrst60AnSpTslPnk.gif | https://www.bestbottles.com/images/store/enlarged_pics/GBElgFrst60AnSpTslRed.gif | https://www.bestbottles.com/images/store/enlarged_pics/GBElgFrst60AnSpTslWht.gif | https://www.bestbottles.com/images/store/enlarged_pics/GBElgFrst60AnSpWht.gif | https://www.bestbottles.com/images/store/enlarged_pics/GBElgFrst60DrpCu.gif | https://www.bestbottles.com/images/store/enlarged_pics/GBElgFrst60DrpGl.gif | https://www.bestbottles.com/images/store/enlarged_pics/GBElgFrst60RdcrBlkLthr.gif | https://www.bestbottles.com/images/store/enlarged_pics/GBElgFrst60RdcrBrwnLthr.gif | https://www.bestbottles.com/images/store/enlarged_pics/GBElgFrst60RdcrIvyLthr.gif | https://www.bestbottles.com/images/store/enlarged_pics/GBElgFrst60RdcrLBrwnLthr.gif | https://www.bestbottles.com/images/store/enlarged_pics/GBElgFrst60RdcrMtSl.gif | https://www.bestbottles.com/images/store/enlarged_pics/GBElgFrst60RdcrMtSlTall.gif | https://www.bestbottles.com/images/store/enlarged_pics/GBElgFrst60RdcrPnkLthr.gif | https://www.bestbottles.com/images/store/enlarged_pics/GBElgFrst60RdcrShnBlk.gif | https://www.bestbottles.com/images/store/enlarged_pics/GBElgFrst60RdcrShnBlkTall.gif | https://www.bestbottles.com/images/store/enlarged_pics/GBElgFrst60RdcrShnGl.gif | https://www.bestbottles.com/images/store/enlarged_pics/GBElgFrst60RdcrShnSl.gif | https://www.bestbottles.com/images/store/enlarged_pics/GBElgFrst60RdcrWht.gif | https://www.bestbottles.com/images/store/enlarged_pics/GBElgFrst60SpryCu.gif | https://www.bestbottles.com/images/store/enlarged_pics/GBElgFrst60SpryMtGl.gif | https://www.bestbottles.com/images/store/enlarged_pics/GBElgFrst60SpryMtSl.gif | https://www.bestbottles.com/images/store/enlarged_pics/GBElgFrst60SpryShnBlk.gif | https://www.bestbottles.com/images/store/enlarged_pics/GBElgFrst60SpryShnGl.gif | https://www.bestbottles.com/images/store/enlarged_pics/GBElgFrst60SpryShnSl.gif | https://www.bestbottles.com/images/store/enlarged_pics/LBElgFrst60LtnClOvrCap.gif | https://www.bestbottles.com/images/store/enlarged_pics/LBElgFrst60LtnCu.gif | https://www.bestbottles.com/images/store/enlarged_pics/LBElgFrst60LtnMtGl.gif | https://www.bestbottles.com/images/store/enlarged_pics/LBElgFrst60LtnMtSl.gif | https://www.bestbottles.com/images/store/enlarged_pics/LBElgFrst60LtnShnBlk.gif | https://www.bestbottles.com/images/store/enlarged_pics/LBElgFrst60LtnShnGl.gif | https://www.bestbottles.com/images/store/enlarged_pics/LBElgFrst60LtnShnSl.gif | https://www.bestbottles.com/images/store/enlarged_pics/LBElgFrst60WhtClOvrCp.gif | https://www.bestbottles.com/images/store/measured/GBElgFrst60AnSpBlk.gif | https://www.bestbottles.com/images/store/measured/GBElgFrst60AnSpGl.gif | https://www.bestbottles.com/images/store/measured/GBElgFrst60AnSpIvyGl.gif | https://www.bestbottles.com/images/store/measured/GBElgFrst60AnSpIvySl.gif | https://www.bestbottles.com/images/store/measured/GBElgFrst60AnSpLvn.gif | https://www.bestbottles.com/images/store/measured/GBElgFrst60AnSpMtSl.gif | https://www.bestbottles.com/images/store/measured/GBElgFrst60AnSpPnk.gif | https://www.bestbottles.com/images/store/measured/GBElgFrst60AnSpRed.gif | https://www.bestbottles.com/images/store/measured/GBElgFrst60AnSpTslBlk.gif | https://www.bestbottles.com/images/store/measured/GBElgFrst60AnSpTslGl.gif | https://www.bestbottles.com/images/store/measured/GBElgFrst60AnSpTslIvyGl.gif | https://www.bestbottles.com/images/store/measured/GBElgFrst60AnSpTslIvySl.gif | https://www.bestbottles.com/images/store/measured/GBElgFrst60AnSpTslLvn.gif | https://www.bestbottles.com/images/store/measured/GBElgFrst60AnSpTslMtSl.gif | https://www.bestbottles.com/images/store/measured/GBElgFrst60AnSpTslPnk.gif | https://www.bestbottles.com/images/store/measured/GBElgFrst60AnSpTslRed.gif | https://www.bestbottles.com/images/store/measured/GBElgFrst60AnSpTslWht.gif | https://www.bestbottles.com/images/store/measured/GBElgFrst60AnSpWht.gif | https://www.bestbottles.com/images/store/measured/GBElgFrst60DrpCu.gif | https://www.bestbottles.com/images/store/measured/GBElgFrst60DrpGl.gif | https://www.bestbottles.com/images/store/measured/GBElgFrst60RdcrBlkLthr.gif | https://www.bestbottles.com/images/store/measured/GBElgFrst60RdcrBrwnLthr.gif | https://www.bestbottles.com/images/store/measured/GBElgFrst60RdcrIvyLthr.gif | https://www.bestbottles.com/images/store/measured/GBElgFrst60RdcrLBrwnLthr.gif | https://www.bestbottles.com/images/store/measured/GBElgFrst60RdcrMtSl.gif | https://www.bestbottles.com/images/store/measured/GBElgFrst60RdcrMtSlTall.gif | https://www.bestbottles.com/images/store/measured/GBElgFrst60RdcrPnkLthr.gif | https://www.bestbottles.com/images/store/measured/GBElgFrst60RdcrShnBlk.gif | https://www.bestbottles.com/images/store/measured/GBElgFrst60RdcrShnBlkTall.gif | https://www.bestbottles.com/images/store/measured/GBElgFrst60RdcrShnGl.gif | https://www.bestbottles.com/images/store/measured/GBElgFrst60RdcrShnSl.gif | https://www.bestbottles.com/images/store/measured/GBElgFrst60RdcrWht.gif | https://www.bestbottles.com/images/store/measured/GBElgFrst60SpryCu.gif | https://www.bestbottles.com/images/store/measured/GBElgFrst60SpryMtGl.gif | https://www.bestbottles.com/images/store/measured/GBElgFrst60SpryMtSl.gif | https://www.bestbottles.com/images/store/measured/GBElgFrst60SpryShnBlk.gif | https://www.bestbottles.com/images/store/measured/GBElgFrst60SpryShnGl.gif | https://www.bestbottles.com/images/store/measured/GBElgFrst60SpryShnSl.gif | https://www.bestbottles.com/images/store/measured/LBElgFrst60LtnClOvrCap.gif | https://www.bestbottles.com/images/store/measured/LBElgFrst60LtnCu.gif | https://www.bestbottles.com/images/store/measured/LBElgFrst60LtnMtGl.gif | https://www.bestbottles.com/images/store/measured/LBElgFrst60LtnMtSl.gif | https://www.bestbottles.com/images/store/measured/LBElgFrst60LtnShnBlk.gif | https://www.bestbottles.com/images/store/measured/LBElgFrst60LtnShnGl.gif | https://www.bestbottles.com/images/store/measured/LBElgFrst60LtnShnSl.gif | https://www.bestbottles.com/images/store/measured/LBElgFrst60WhtClOvrCp.gif,46,ELEGANT-60ML-18-415,manual-review-required,P0-TRUTH,missing,measured-body-geometry-only,Resolve catalog geometry/body-color truth before authority creation.,,,convex_widthaxis_corrected_by_site(was=39.0)×67 | convex_widthaxis_corrected_by_site(was=42.6)×16 | convex_widthaxis_corrected_by_site(was=60.0)×13 | convex_height_corrected_by_site(was=92.0)×10 | d:group_outlier_unresolved×9 | h:group_outlier_unresolved×5 | d:dup_lineage_stale_value×1 | h:dup_lineage_stale_value×1
79,shot__body__elegant__60ml__87x54x27.0__3173eb0886__frosted,body-appearance,body,Elegant,60,,body__elegant__60ml__87x54x27.0__3173eb0886,Frosted,,,,0,,manual-review-required,P0-TRUTH,missing,measured-body-geometry-only,Resolve catalog geometry/body-color truth before authority creation.,,,convex_widthaxis_corrected_by_site(was=42.6)×3 | d:group_outlier_unresolved×1
80,shot__body__elegant__100ml__109x61x30.0__65aec126fb__clear,body-appearance,body,Elegant,100,18-415,body__elegant__100ml__109x61x30.0__65aec126fb,Clear,Glass,,https://cdn.shopify.com/s/files/1/0739/9420/7524/files/master_corrected_1780314429481_9i6kk7.png?v=1780901333 | https://cdn.shopify.com/s/files/1/0739/9420/7524/files/master_corrected_1780314814405_9o206y.png?v=1780901308 | https://cdn.shopify.com/s/files/1/0739/9420/7524/files/master_corrected_1780316940542_ibgfjc.png?v=1780901159 | https://www.bestbottles.com/images/store/depthview/GBElg100AnSpBlk.gif | https://www.bestbottles.com/images/store/depthview/GBElg100AnSpGl.gif | https://www.bestbottles.com/images/store/depthview/GBElg100AnSpIvyGl.gif | https://www.bestbottles.com/images/store/depthview/GBElg100AnSpIvySl.gif | https://www.bestbottles.com/images/store/depthview/GBElg100AnSpLvn.gif | https://www.bestbottles.com/images/store/depthview/GBElg100AnSpMtSl.gif | https://www.bestbottles.com/images/store/depthview/GBElg100AnSpPnk.gif | https://www.bestbottles.com/images/store/depthview/GBElg100AnSpRed.gif | https://www.bestbottles.com/images/store/depthview/GBElg100AnSpTslBlk.gif | https://www.bestbottles.com/images/store/depthview/GBElg100AnSpTslGl.gif | https://www.bestbottles.com/images/store/depthview/GBElg100AnSpTslIvyGl.gif | https://www.bestbottles.com/images/store/depthview/GBElg100AnSpTslIvySl.gif | https://www.bestbottles.com/images/store/depthview/GBElg100AnSpTslLvn.gif | https://www.bestbottles.com/images/store/depthview/GBElg100AnSpTslMtSl.gif | https://www.bestbottles.com/images/store/depthview/GBElg100AnSpTslPnk.gif | https://www.bestbottles.com/images/store/depthview/GBElg100AnSpTslRed.gif | https://www.bestbottles.com/images/store/depthview/GBElg100AnSpTslWht.gif | https://www.bestbottles.com/images/store/depthview/GBElg100AnSpWht.gif | https://www.bestbottles.com/images/store/depthview/GBElg100RdcrBlkLthr.gif | https://www.bestbottles.com/images/store/depthview/GBElg100RdcrBrwnLthr.gif | https://www.bestbottles.com/images/store/depthview/GBElg100RdcrIvyLthr.gif | https://www.bestbottles.com/images/store/depthview/GBElg100RdcrLBrwnLthr.gif | https://www.bestbottles.com/images/store/depthview/GBElg100RdcrMtSl.gif | https://www.bestbottles.com/images/store/depthview/GBElg100RdcrMtSlTall.gif | https://www.bestbottles.com/images/store/depthview/GBElg100RdcrPnkLthr.gif | https://www.bestbottles.com/images/store/depthview/GBElg100RdcrShnBlk.gif | https://www.bestbottles.com/images/store/depthview/GBElg100RdcrShnBlkTall.gif | https://www.bestbottles.com/images/store/depthview/GBElg100RdcrShnGl.gif | https://www.bestbottles.com/images/store/depthview/GBElg100RdcrShnSl.gif | https://www.bestbottles.com/images/store/depthview/GBElg100RdcrWht.gif | https://www.bestbottles.com/images/store/depthview/GBElg100SpryCu.gif | https://www.bestbottles.com/images/store/depthview/GBElg100SpryMtGl.gif | https://www.bestbottles.com/images/store/depthview/GBElg100SpryMtSl.gif | https://www.bestbottles.com/images/store/depthview/GBElg100SpryShnBlk.gif | https://www.bestbottles.com/images/store/depthview/GBElg100SpryShnGl.gif | https://www.bestbottles.com/images/store/depthview/GBElg100SpryShnSl.gif | https://www.bestbottles.com/images/store/depthview/GBElgFrst100AnSpWht.gif | https://www.bestbottles.com/images/store/depthview/LBElg100LtnClOvrCap.gif | https://www.bestbottles.com/images/store/depthview/LBElg100LtnCu.gif | https://www.bestbottles.com/images/store/depthview/LBElg100LtnMtGl.gif | https://www.bestbottles.com/images/store/depthview/LBElg100LtnMtSl.gif | https://www.bestbottles.com/images/store/depthview/LBElg100LtnShnBlk.gif | https://www.bestbottles.com/images/store/depthview/LBElg100LtnShnGl.gif | https://www.bestbottles.com/images/store/depthview/LBElg100LtnShnSl.gif | https://www.bestbottles.com/images/store/enlarged_pics/GBElg100AnSpBlk.gif | https://www.bestbottles.com/images/store/enlarged_pics/GBElg100AnSpGl.gif | https://www.bestbottles.com/images/store/enlarged_pics/GBElg100AnSpIvyGl.gif | https://www.bestbottles.com/images/store/enlarged_pics/GBElg100AnSpIvySl.gif | https://www.bestbottles.com/images/store/enlarged_pics/GBElg100AnSpLvn.gif | https://www.bestbottles.com/images/store/enlarged_pics/GBElg100AnSpMtSl.gif | https://www.bestbottles.com/images/store/enlarged_pics/GBElg100AnSpPnk.gif | https://www.bestbottles.com/images/store/enlarged_pics/GBElg100AnSpRed.gif | https://www.bestbottles.com/images/store/enlarged_pics/GBElg100AnSpTslBlk.gif | https://www.bestbottles.com/images/store/enlarged_pics/GBElg100AnSpTslGl.gif | https://www.bestbottles.com/images/store/enlarged_pics/GBElg100AnSpTslIvyGl.gif | https://www.bestbottles.com/images/store/enlarged_pics/GBElg100AnSpTslIvySl.gif | https://www.bestbottles.com/images/store/enlarged_pics/GBElg100AnSpTslLvn.gif | https://www.bestbottles.com/images/store/enlarged_pics/GBElg100AnSpTslMtSl.gif | https://www.bestbottles.com/images/store/enlarged_pics/GBElg100AnSpTslPnk.gif | https://www.bestbottles.com/images/store/enlarged_pics/GBElg100AnSpTslRed.gif | https://www.bestbottles.com/images/store/enlarged_pics/GBElg100AnSpTslWht.gif | https://www.bestbottles.com/images/store/enlarged_pics/GBElg100AnSpWht.gif | https://www.bestbottles.com/images/store/enlarged_pics/GBElg100RdcrBlkLthr.gif | https://www.bestbottles.com/images/store/enlarged_pics/GBElg100RdcrBrwnLthr.gif | https://www.bestbottles.com/images/store/enlarged_pics/GBElg100RdcrIvyLthr.gif | https://www.bestbottles.com/images/store/enlarged_pics/GBElg100RdcrLBrwnLthr.gif | https://www.bestbottles.com/images/store/enlarged_pics/GBElg100RdcrMtSl.gif | https://www.bestbottles.com/images/store/enlarged_pics/GBElg100RdcrMtSlTall.gif | https://www.bestbottles.com/images/store/enlarged_pics/GBElg100RdcrPnkLthr.gif | https://www.bestbottles.com/images/store/enlarged_pics/GBElg100RdcrShnBlk.gif | https://www.bestbottles.com/images/store/enlarged_pics/GBElg100RdcrShnBlkTall.gif | https://www.bestbottles.com/images/store/enlarged_pics/GBElg100RdcrShnGl.gif | https://www.bestbottles.com/images/store/enlarged_pics/GBElg100RdcrShnSl.gif | https://www.bestbottles.com/images/store/enlarged_pics/GBElg100RdcrWht.gif | https://www.bestbottles.com/images/store/enlarged_pics/GBElg100SpryCu.gif | https://www.bestbottles.com/images/store/enlarged_pics/GBElg100SpryMtGl.gif | https://www.bestbottles.com/images/store/enlarged_pics/GBElg100SpryMtSl.gif | https://www.bestbottles.com/images/store/enlarged_pics/GBElg100SpryShnBlk.gif | https://www.bestbottles.com/images/store/enlarged_pics/GBElg100SpryShnGl.gif | https://www.bestbottles.com/images/store/enlarged_pics/GBElg100SpryShnSl.gif | https://www.bestbottles.com/images/store/enlarged_pics/GBElgFrst100AnSpWht.gif | https://www.bestbottles.com/images/store/enlarged_pics/LBElg100LtnClOvrCap.gif | https://www.bestbottles.com/images/store/enlarged_pics/LBElg100LtnCu.gif | https://www.bestbottles.com/images/store/enlarged_pics/LBElg100LtnMtGl.gif | https://www.bestbottles.com/images/store/enlarged_pics/LBElg100LtnMtSl.gif | https://www.bestbottles.com/images/store/enlarged_pics/LBElg100LtnShnBlk.gif | https://www.bestbottles.com/images/store/enlarged_pics/LBElg100LtnShnGl.gif | https://www.bestbottles.com/images/store/enlarged_pics/LBElg100LtnShnSl.gif | https://www.bestbottles.com/images/store/measured/GBElg100AnSpBlk.gif | https://www.bestbottles.com/images/store/measured/GBElg100AnSpGl.gif | https://www.bestbottles.com/images/store/measured/GBElg100AnSpIvyGl.gif | https://www.bestbottles.com/images/store/measured/GBElg100AnSpIvySl.gif | https://www.bestbottles.com/images/store/measured/GBElg100AnSpLvn.gif | https://www.bestbottles.com/images/store/measured/GBElg100AnSpMtSl.gif | https://www.bestbottles.com/images/store/measured/GBElg100AnSpPnk.gif | https://www.bestbottles.com/images/store/measured/GBElg100AnSpRed.gif | https://www.bestbottles.com/images/store/measured/GBElg100AnSpTslBlk.gif | https://www.bestbottles.com/images/store/measured/GBElg100AnSpTslGl.gif | https://www.bestbottles.com/images/store/measured/GBElg100AnSpTslIvyGl.gif | https://www.bestbottles.com/images/store/measured/GBElg100AnSpTslIvySl.gif | https://www.bestbottles.com/images/store/measured/GBElg100AnSpTslLvn.gif | https://www.bestbottles.com/images/store/measured/GBElg100AnSpTslMtSl.gif | https://www.bestbottles.com/images/store/measured/GBElg100AnSpTslPnk.gif | https://www.bestbottles.com/images/store/measured/GBElg100AnSpTslRed.gif | https://www.bestbottles.com/images/store/measured/GBElg100AnSpTslWht.gif | https://www.bestbottles.com/images/store/measured/GBElg100AnSpWht.gif | https://www.bestbottles.com/images/store/measured/GBElg100RdcrBlkLthr.gif | https://www.bestbottles.com/images/store/measured/GBElg100RdcrBrwnLthr.gif | https://www.bestbottles.com/images/store/measured/GBElg100RdcrIvyLthr.gif | https://www.bestbottles.com/images/store/measured/GBElg100RdcrLBrwnLthr.gif | https://www.bestbottles.com/images/store/measured/GBElg100RdcrMtSl.gif | https://www.bestbottles.com/images/store/measured/GBElg100RdcrMtSlTall.gif | https://www.bestbottles.com/images/store/measured/GBElg100RdcrPnkLthr.gif | https://www.bestbottles.com/images/store/measured/GBElg100RdcrShnBlk.gif | https://www.bestbottles.com/images/store/measured/GBElg100RdcrShnBlkTall.gif | https://www.bestbottles.com/images/store/measured/GBElg100RdcrShnGl.gif | https://www.bestbottles.com/images/store/measured/GBElg100RdcrShnSl.gif | https://www.bestbottles.com/images/store/measured/GBElg100RdcrWht.gif | https://www.bestbottles.com/images/store/measured/GBElg100SpryCu.gif | https://www.bestbottles.com/images/store/measured/GBElg100SpryMtGl.gif | https://www.bestbottles.com/images/store/measured/GBElg100SpryMtSl.gif | https://www.bestbottles.com/images/store/measured/GBElg100SpryShnBlk.gif | https://www.bestbottles.com/images/store/measured/GBElg100SpryShnGl.gif | https://www.bestbottles.com/images/store/measured/GBElg100SpryShnSl.gif | https://www.bestbottles.com/images/store/measured/GBElgFrst100AnSpWht.gif | https://www.bestbottles.com/images/store/measured/LBElg100LtnClOvrCap.gif | https://www.bestbottles.com/images/store/measured/LBElg100LtnCu.gif | https://www.bestbottles.com/images/store/measured/LBElg100LtnMtGl.gif | https://www.bestbottles.com/images/store/measured/LBElg100LtnMtSl.gif | https://www.bestbottles.com/images/store/measured/LBElg100LtnShnBlk.gif | https://www.bestbottles.com/images/store/measured/LBElg100LtnShnGl.gif | https://www.bestbottles.com/images/store/measured/LBElg100LtnShnSl.gif,44,ELEGANT-100ML-18-415,manual-review-required,P0-TRUTH,missing,measured-body-geometry-only,Resolve catalog geometry/body-color truth before authority creation.,,,convex_widthaxis_corrected_by_site(was=78.0)×74 | convex_widthaxis_corrected_by_site(was=35.0)×15 | d:dup_lineage_stale_value×2 | h:dup_lineage_stale_value×2 | convex_height_corrected_by_site(was=103.0)×1 | convex_widthaxis_corrected_by_site(was=68.0)×1
81,shot__body__elegant__100ml__109x61x30.0__65aec126fb__frosted,body-appearance,body,Elegant,100,18-415,body__elegant__100ml__109x61x30.0__65aec126fb,Frosted,Glass,,https://cdn.shopify.com/s/files/1/0739/9420/7524/files/GB-ELG-FRS-100ML-RDC-SBLK-01__GBElgFrst100RdcrShnBlk__pdp-main__v001.png?v=1781251835 | https://cdn.shopify.com/s/files/1/0739/9420/7524/files/master_corrected_1780316940542_ibgfjc.png?v=1780901159 | https://www.bestbottles.com/images/store/depthview/GBElgFrst100AnSpBlk.gif | https://www.bestbottles.com/images/store/depthview/GBElgFrst100AnSpGl.gif | https://www.bestbottles.com/images/store/depthview/GBElgFrst100AnSpIvyGl.gif | https://www.bestbottles.com/images/store/depthview/GBElgFrst100AnSpIvySl.gif | https://www.bestbottles.com/images/store/depthview/GBElgFrst100AnSpLvn.gif | https://www.bestbottles.com/images/store/depthview/GBElgFrst100AnSpMtSl.gif | https://www.bestbottles.com/images/store/depthview/GBElgFrst100AnSpPnk.gif | https://www.bestbottles.com/images/store/depthview/GBElgFrst100AnSpRed.gif | https://www.bestbottles.com/images/store/depthview/GBElgFrst100AnSpTslBlk.gif | https://www.bestbottles.com/images/store/depthview/GBElgFrst100AnSpTslGl.gif | https://www.bestbottles.com/images/store/depthview/GBElgFrst100AnSpTslIvyGl.gif | https://www.bestbottles.com/images/store/depthview/GBElgFrst100AnSpTslIvySl.gif | https://www.bestbottles.com/images/store/depthview/GBElgFrst100AnSpTslLvn.gif | https://www.bestbottles.com/images/store/depthview/GBElgFrst100AnSpTslMtSl.gif | https://www.bestbottles.com/images/store/depthview/GBElgFrst100AnSpTslPnk.gif | https://www.bestbottles.com/images/store/depthview/GBElgFrst100AnSpTslRed.gif | https://www.bestbottles.com/images/store/depthview/GBElgFrst100AnSpTslWht.gif | https://www.bestbottles.com/images/store/depthview/GBElgFrst100AnSpWht.gif | https://www.bestbottles.com/images/store/depthview/GBElgFrst100RdcrBlkLthr.gif | https://www.bestbottles.com/images/store/depthview/GBElgFrst100RdcrBrwnLthr.gif | https://www.bestbottles.com/images/store/depthview/GBElgFrst100RdcrIvyLthr.gif | https://www.bestbottles.com/images/store/depthview/GBElgFrst100RdcrLBrwnLthr.gif | https://www.bestbottles.com/images/store/depthview/GBElgFrst100RdcrMtSlTall.gif | https://www.bestbottles.com/images/store/depthview/GBElgFrst100RdcrPnkLthr.gif | https://www.bestbottles.com/images/store/depthview/GBElgFrst100RdcrShnBlk.gif | https://www.bestbottles.com/images/store/depthview/GBElgFrst100RdcrShnBlkTall.gif | https://www.bestbottles.com/images/store/depthview/GBElgFrst100RdcrShnGl.gif | https://www.bestbottles.com/images/store/depthview/GBElgFrst100RdcrShnSl.gif | https://www.bestbottles.com/images/store/depthview/GBElgFrst100RdcrWht.gif | https://www.bestbottles.com/images/store/depthview/GBElgFrst100SpryCu.gif | https://www.bestbottles.com/images/store/depthview/GBElgFrst100SpryMtGl.gif | https://www.bestbottles.com/images/store/depthview/GBElgFrst100SpryMtSl.gif | https://www.bestbottles.com/images/store/depthview/GBElgFrst100SpryShnBlk.gif | https://www.bestbottles.com/images/store/depthview/GBElgFrst100SpryShnGl.gif | https://www.bestbottles.com/images/store/depthview/GBElgFrst100SpryShnSl.gif | https://www.bestbottles.com/images/store/depthview/LBElgFrst100LtnClOvrCap.gif | https://www.bestbottles.com/images/store/depthview/LBElgFrst100LtnCu.gif | https://www.bestbottles.com/images/store/depthview/LBElgFrst100LtnMtGl.gif | https://www.bestbottles.com/images/store/depthview/LBElgFrst100LtnMtSl.gif | https://www.bestbottles.com/images/store/depthview/LBElgFrst100LtnShnBlk.gif | https://www.bestbottles.com/images/store/depthview/LBElgFrst100LtnShnGl.gif | https://www.bestbottles.com/images/store/depthview/LBElgFrst100LtnShnSl.gif | https://www.bestbottles.com/images/store/depthview/LBElgFrst100WhtClOvrCp.gif | https://www.bestbottles.com/images/store/enlarged_pics/GBElgFrst100AnSpBlk.gif | https://www.bestbottles.com/images/store/enlarged_pics/GBElgFrst100AnSpGl.gif | https://www.bestbottles.com/images/store/enlarged_pics/GBElgFrst100AnSpIvyGl.gif | https://www.bestbottles.com/images/store/enlarged_pics/GBElgFrst100AnSpIvySl.gif | https://www.bestbottles.com/images/store/enlarged_pics/GBElgFrst100AnSpLvn.gif | https://www.bestbottles.com/images/store/enlarged_pics/GBElgFrst100AnSpMtSl.gif | https://www.bestbottles.com/images/store/enlarged_pics/GBElgFrst100AnSpPnk.gif | https://www.bestbottles.com/images/store/enlarged_pics/GBElgFrst100AnSpRed.gif | https://www.bestbottles.com/images/store/enlarged_pics/GBElgFrst100AnSpTslBlk.gif | https://www.bestbottles.com/images/store/enlarged_pics/GBElgFrst100AnSpTslGl.gif | https://www.bestbottles.com/images/store/enlarged_pics/GBElgFrst100AnSpTslIvyGl.gif | https://www.bestbottles.com/images/store/enlarged_pics/GBElgFrst100AnSpTslIvySl.gif | https://www.bestbottles.com/images/store/enlarged_pics/GBElgFrst100AnSpTslLvn.gif | https://www.bestbottles.com/images/store/enlarged_pics/GBElgFrst100AnSpTslMtSl.gif | https://www.bestbottles.com/images/store/enlarged_pics/GBElgFrst100AnSpTslPnk.gif | https://www.bestbottles.com/images/store/enlarged_pics/GBElgFrst100AnSpTslRed.gif | https://www.bestbottles.com/images/store/enlarged_pics/GBElgFrst100AnSpTslWht.gif | https://www.bestbottles.com/images/store/enlarged_pics/GBElgFrst100AnSpWht.gif | https://www.bestbottles.com/images/store/enlarged_pics/GBElgFrst100RdcrBlkLthr.gif | https://www.bestbottles.com/images/store/enlarged_pics/GBElgFrst100RdcrBrwnLthr.gif | https://www.bestbottles.com/images/store/enlarged_pics/GBElgFrst100RdcrIvyLthr.gif | https://www.bestbottles.com/images/store/enlarged_pics/GBElgFrst100RdcrLBrwnLthr.gif | https://www.bestbottles.com/images/store/enlarged_pics/GBElgFrst100RdcrMtSlTall.gif | https://www.bestbottles.com/images/store/enlarged_pics/GBElgFrst100RdcrPnkLthr.gif | https://www.bestbottles.com/images/store/enlarged_pics/GBElgFrst100RdcrShnBlk.gif | https://www.bestbottles.com/images/store/enlarged_pics/GBElgFrst100RdcrShnBlkTall.gif | https://www.bestbottles.com/images/store/enlarged_pics/GBElgFrst100RdcrShnGl.gif | https://www.bestbottles.com/images/store/enlarged_pics/GBElgFrst100RdcrShnSl.gif | https://www.bestbottles.com/images/store/enlarged_pics/GBElgFrst100RdcrWht.gif | https://www.bestbottles.com/images/store/enlarged_pics/GBElgFrst100SpryCu.gif | https://www.bestbottles.com/images/store/enlarged_pics/GBElgFrst100SpryMtGl.gif | https://www.bestbottles.com/images/store/enlarged_pics/GBElgFrst100SpryMtSl.gif | https://www.bestbottles.com/images/store/enlarged_pics/GBElgFrst100SpryShnBlk.gif | https://www.bestbottles.com/images/store/enlarged_pics/GBElgFrst100SpryShnGl.gif | https://www.bestbottles.com/images/store/enlarged_pics/GBElgFrst100SpryShnSl.gif | https://www.bestbottles.com/images/store/enlarged_pics/LBElgFrst100LtnClOvrCap.gif | https://www.bestbottles.com/images/store/enlarged_pics/LBElgFrst100LtnCu.gif | https://www.bestbottles.com/images/store/enlarged_pics/LBElgFrst100LtnMtGl.gif | https://www.bestbottles.com/images/store/enlarged_pics/LBElgFrst100LtnMtSl.gif | https://www.bestbottles.com/images/store/enlarged_pics/LBElgFrst100LtnShnBlk.gif | https://www.bestbottles.com/images/store/enlarged_pics/LBElgFrst100LtnShnGl.gif | https://www.bestbottles.com/images/store/enlarged_pics/LBElgFrst100LtnShnSl.gif | https://www.bestbottles.com/images/store/enlarged_pics/LBElgFrst100WhtClOvrCp.gif | https://www.bestbottles.com/images/store/measured/GBElgFrst100AnSpBlk.gif | https://www.bestbottles.com/images/store/measured/GBElgFrst100AnSpGl.gif | https://www.bestbottles.com/images/store/measured/GBElgFrst100AnSpIvyGl.gif | https://www.bestbottles.com/images/store/measured/GBElgFrst100AnSpIvySl.gif | https://www.bestbottles.com/images/store/measured/GBElgFrst100AnSpLvn.gif | https://www.bestbottles.com/images/store/measured/GBElgFrst100AnSpMtSl.gif | https://www.bestbottles.com/images/store/measured/GBElgFrst100AnSpPnk.gif | https://www.bestbottles.com/images/store/measured/GBElgFrst100AnSpRed.gif | https://www.bestbottles.com/images/store/measured/GBElgFrst100AnSpTslBlk.gif | https://www.bestbottles.com/images/store/measured/GBElgFrst100AnSpTslGl.gif | https://www.bestbottles.com/images/store/measured/GBElgFrst100AnSpTslIvyGl.gif | https://www.bestbottles.com/images/store/measured/GBElgFrst100AnSpTslIvySl.gif | https://www.bestbottles.com/images/store/measured/GBElgFrst100AnSpTslLvn.gif | https://www.bestbottles.com/images/store/measured/GBElgFrst100AnSpTslMtSl.gif | https://www.bestbottles.com/images/store/measured/GBElgFrst100AnSpTslPnk.gif | https://www.bestbottles.com/images/store/measured/GBElgFrst100AnSpTslRed.gif | https://www.bestbottles.com/images/store/measured/GBElgFrst100AnSpTslWht.gif | https://www.bestbottles.com/images/store/measured/GBElgFrst100AnSpWht.gif | https://www.bestbottles.com/images/store/measured/GBElgFrst100RdcrBlkLthr.gif | https://www.bestbottles.com/images/store/measured/GBElgFrst100RdcrBrwnLthr.gif | https://www.bestbottles.com/images/store/measured/GBElgFrst100RdcrIvyLthr.gif | https://www.bestbottles.com/images/store/measured/GBElgFrst100RdcrLBrwnLthr.gif | https://www.bestbottles.com/images/store/measured/GBElgFrst100RdcrMtSlTall.gif | https://www.bestbottles.com/images/store/measured/GBElgFrst100RdcrPnkLthr.gif | https://www.bestbottles.com/images/store/measured/GBElgFrst100RdcrShnBlk.gif | https://www.bestbottles.com/images/store/measured/GBElgFrst100RdcrShnBlkTall.gif | https://www.bestbottles.com/images/store/measured/GBElgFrst100RdcrShnGl.gif | https://www.bestbottles.com/images/store/measured/GBElgFrst100RdcrShnSl.gif | https://www.bestbottles.com/images/store/measured/GBElgFrst100RdcrWht.gif | https://www.bestbottles.com/images/store/measured/GBElgFrst100SpryCu.gif | https://www.bestbottles.com/images/store/measured/GBElgFrst100SpryMtGl.gif | https://www.bestbottles.com/images/store/measured/GBElgFrst100SpryMtSl.gif | https://www.bestbottles.com/images/store/measured/GBElgFrst100SpryShnBlk.gif | https://www.bestbottles.com/images/store/measured/GBElgFrst100SpryShnGl.gif | https://www.bestbottles.com/images/store/measured/GBElgFrst100SpryShnSl.gif | https://www.bestbottles.com/images/store/measured/LBElgFrst100LtnClOvrCap.gif | https://www.bestbottles.com/images/store/measured/LBElgFrst100LtnCu.gif | https://www.bestbottles.com/images/store/measured/LBElgFrst100LtnMtGl.gif | https://www.bestbottles.com/images/store/measured/LBElgFrst100LtnMtSl.gif | https://www.bestbottles.com/images/store/measured/LBElgFrst100LtnShnBlk.gif | https://www.bestbottles.com/images/store/measured/LBElgFrst100LtnShnGl.gif | https://www.bestbottles.com/images/store/measured/LBElgFrst100LtnShnSl.gif | https://www.bestbottles.com/images/store/measured/LBElgFrst100WhtClOvrCp.gif,43,ELEGANT-100ML-18-415,manual-review-required,P0-TRUTH,missing,measured-body-geometry-only,Resolve catalog geometry/body-color truth before authority creation.,,,convex_widthaxis_corrected_by_site(was=78.0)×74 | convex_widthaxis_corrected_by_site(was=35.0)×15 | d:dup_lineage_stale_value×2 | h:dup_lineage_stale_value×2 | convex_height_corrected_by_site(was=103.0)×1 | convex_widthaxis_corrected_by_site(was=68.0)×1
82,shot__body__empire__50ml__88x37x37.0__2e1521de60__clear,body-appearance,body,Empire,50,18-415,body__empire__50ml__88x37x37.0__2e1521de60,Clear,Glass,,https://cdn.shopify.com/s/files/1/0739/9420/7524/files/1778802844917-fee7983c-4cc2-477a-9035-007b4f63f051.png?v=1779011834 | https://cdn.shopify.com/s/files/1/0739/9420/7524/files/1778803254854-ef7b6c62-7418-43b3-8f18-e6ce9067f770.png?v=1779011810 | https://www.bestbottles.com/images/store/depthview/GBEmp50AnSpBlk.gif | https://www.bestbottles.com/images/store/depthview/GBEmp50AnSpGl.gif | https://www.bestbottles.com/images/store/depthview/GBEmp50AnSpIvyGl.gif | https://www.bestbottles.com/images/store/depthview/GBEmp50AnSpIvySl.gif | https://www.bestbottles.com/images/store/depthview/GBEmp50AnSpLvn.gif | https://www.bestbottles.com/images/store/depthview/GBEmp50AnSpMtSl.gif | https://www.bestbottles.com/images/store/depthview/GBEmp50AnSpPnk.gif | https://www.bestbottles.com/images/store/depthview/GBEmp50AnSpRed.gif | https://www.bestbottles.com/images/store/depthview/GBEmp50AnSpTslBlk.gif | https://www.bestbottles.com/images/store/depthview/GBEmp50AnSpTslGl.gif | https://www.bestbottles.com/images/store/depthview/GBEmp50AnSpTslIvyGl.gif | https://www.bestbottles.com/images/store/depthview/GBEmp50AnSpTslIvySl.gif | https://www.bestbottles.com/images/store/depthview/GBEmp50AnSpTslLvn.gif | https://www.bestbottles.com/images/store/depthview/GBEmp50AnSpTslMtSl.gif | https://www.bestbottles.com/images/store/depthview/GBEmp50AnSpTslPnk.gif | https://www.bestbottles.com/images/store/depthview/GBEmp50AnSpTslRed.gif | https://www.bestbottles.com/images/store/depthview/GBEmp50AnSpTslWht.gif | https://www.bestbottles.com/images/store/depthview/GBEmp50AnSpWht.gif | https://www.bestbottles.com/images/store/depthview/GBEmp50DrpCu.gif | https://www.bestbottles.com/images/store/depthview/GBEmp50DrpGl.gif | https://www.bestbottles.com/images/store/depthview/GBEmp50DrpSl.gif | https://www.bestbottles.com/images/store/depthview/GBEmp50RdcrBlkLthr.gif | https://www.bestbottles.com/images/store/depthview/GBEmp50RdcrBrwnLthr.gif | https://www.bestbottles.com/images/store/depthview/GBEmp50RdcrIvyLthr.gif | https://www.bestbottles.com/images/store/depthview/GBEmp50RdcrLBrwnLthr.gif | https://www.bestbottles.com/images/store/depthview/GBEmp50RdcrMtSl.gif | https://www.bestbottles.com/images/store/depthview/GBEmp50RdcrMtSlTall.gif | https://www.bestbottles.com/images/store/depthview/GBEmp50RdcrPnkLthr.gif | https://www.bestbottles.com/images/store/depthview/GBEmp50RdcrShnBlk.gif | https://www.bestbottles.com/images/store/depthview/GBEmp50RdcrShnBlkTall.gif | https://www.bestbottles.com/images/store/depthview/GBEmp50RdcrShnGl.gif | https://www.bestbottles.com/images/store/depthview/GBEmp50RdcrShnSl.gif | https://www.bestbottles.com/images/store/depthview/GBEmp50RdcrWht.gif | https://www.bestbottles.com/images/store/depthview/GBEmp50SpryCu.gif | https://www.bestbottles.com/images/store/depthview/GBEmp50SpryMtGl.gif | https://www.bestbottles.com/images/store/depthview/GBEmp50SpryMtSl.gif | https://www.bestbottles.com/images/store/depthview/GBEmp50SpryShnBlk.gif | https://www.bestbottles.com/images/store/depthview/GBEmp50SpryShnGl.gif | https://www.bestbottles.com/images/store/depthview/GBEmp50SpryShnSl.gif | https://www.bestbottles.com/images/store/depthview/LBEmp50LtnClOvrCap.gif | https://www.bestbottles.com/images/store/depthview/LBEmp50LtnCu.gif | https://www.bestbottles.com/images/store/depthview/LBEmp50LtnMtGl.gif | https://www.bestbottles.com/images/store/depthview/LBEmp50LtnMtSl.gif | https://www.bestbottles.com/images/store/depthview/LBEmp50LtnShnBlk.gif | https://www.bestbottles.com/images/store/depthview/LBEmp50LtnShnGl.gif | https://www.bestbottles.com/images/store/depthview/LBEmp50LtnShnSl.gif | https://www.bestbottles.com/images/store/depthview/LBEmp50WhtClOvrCp.gif | https://www.bestbottles.com/images/store/enlarged_pics/GBEmp50AnSpBlk.gif | https://www.bestbottles.com/images/store/enlarged_pics/GBEmp50AnSpGl.gif | https://www.bestbottles.com/images/store/enlarged_pics/GBEmp50AnSpIvyGl.gif | https://www.bestbottles.com/images/store/enlarged_pics/GBEmp50AnSpIvySl.gif | https://www.bestbottles.com/images/store/enlarged_pics/GBEmp50AnSpLvn.gif | https://www.bestbottles.com/images/store/enlarged_pics/GBEmp50AnSpMtSl.gif | https://www.bestbottles.com/images/store/enlarged_pics/GBEmp50AnSpPnk.gif | https://www.bestbottles.com/images/store/enlarged_pics/GBEmp50AnSpRed.gif | https://www.bestbottles.com/images/store/enlarged_pics/GBEmp50AnSpTslBlk.gif | https://www.bestbottles.com/images/store/enlarged_pics/GBEmp50AnSpTslGl.gif | https://www.bestbottles.com/images/store/enlarged_pics/GBEmp50AnSpTslIvyGl.gif | https://www.bestbottles.com/images/store/enlarged_pics/GBEmp50AnSpTslIvySl.gif | https://www.bestbottles.com/images/store/enlarged_pics/GBEmp50AnSpTslLvn.gif | https://www.bestbottles.com/images/store/enlarged_pics/GBEmp50AnSpTslMtSl.gif | https://www.bestbottles.com/images/store/enlarged_pics/GBEmp50AnSpTslPnk.gif | https://www.bestbottles.com/images/store/enlarged_pics/GBEmp50AnSpTslRed.gif | https://www.bestbottles.com/images/store/enlarged_pics/GBEmp50AnSpTslWht.gif | https://www.bestbottles.com/images/store/enlarged_pics/GBEmp50AnSpWht.gif | https://www.bestbottles.com/images/store/enlarged_pics/GBEmp50DrpCu.gif | https://www.bestbottles.com/images/store/enlarged_pics/GBEmp50DrpGl.gif | https://www.bestbottles.com/images/store/enlarged_pics/GBEmp50DrpSl.gif | https://www.bestbottles.com/images/store/enlarged_pics/GBEmp50RdcrBlkLthr.gif | https://www.bestbottles.com/images/store/enlarged_pics/GBEmp50RdcrBrwnLthr.gif | https://www.bestbottles.com/images/store/enlarged_pics/GBEmp50RdcrIvyLthr.gif | https://www.bestbottles.com/images/store/enlarged_pics/GBEmp50RdcrLBrwnLthr.gif | https://www.bestbottles.com/images/store/enlarged_pics/GBEmp50RdcrMtSl.gif | https://www.bestbottles.com/images/store/enlarged_pics/GBEmp50RdcrMtSlTall.gif | https://www.bestbottles.com/images/store/enlarged_pics/GBEmp50RdcrPnkLthr.gif | https://www.bestbottles.com/images/store/enlarged_pics/GBEmp50RdcrShnBlk.gif | https://www.bestbottles.com/images/store/enlarged_pics/GBEmp50RdcrShnBlkTall.gif | https://www.bestbottles.com/images/store/enlarged_pics/GBEmp50RdcrShnGl.gif | https://www.bestbottles.com/images/store/enlarged_pics/GBEmp50RdcrShnSl.gif | https://www.bestbottles.com/images/store/enlarged_pics/GBEmp50RdcrWht.gif | https://www.bestbottles.com/images/store/enlarged_pics/GBEmp50SpryCu.gif | https://www.bestbottles.com/images/store/enlarged_pics/GBEmp50SpryMtGl.gif | https://www.bestbottles.com/images/store/enlarged_pics/GBEmp50SpryMtSl.gif | https://www.bestbottles.com/images/store/enlarged_pics/GBEmp50SpryShnBlk.gif | https://www.bestbottles.com/images/store/enlarged_pics/GBEmp50SpryShnGl.gif | https://www.bestbottles.com/images/store/enlarged_pics/GBEmp50SpryShnSl.gif | https://www.bestbottles.com/images/store/enlarged_pics/LBEmp50LtnClOvrCap.gif | https://www.bestbottles.com/images/store/enlarged_pics/LBEmp50LtnCu.gif | https://www.bestbottles.com/images/store/enlarged_pics/LBEmp50LtnMtGl.gif | https://www.bestbottles.com/images/store/enlarged_pics/LBEmp50LtnMtSl.gif | https://www.bestbottles.com/images/store/enlarged_pics/LBEmp50LtnShnBlk.gif | https://www.bestbottles.com/images/store/enlarged_pics/LBEmp50LtnShnGl.gif | https://www.bestbottles.com/images/store/enlarged_pics/LBEmp50LtnShnSl.gif | https://www.bestbottles.com/images/store/enlarged_pics/LBEmp50WhtClOvrCp.gif | https://www.bestbottles.com/images/store/measured/GBEmp50AnSpBlk.gif | https://www.bestbottles.com/images/store/measured/GBEmp50AnSpGl.gif | https://www.bestbottles.com/images/store/measured/GBEmp50AnSpIvyGl.gif | https://www.bestbottles.com/images/store/measured/GBEmp50AnSpIvySl.gif | https://www.bestbottles.com/images/store/measured/GBEmp50AnSpLvn.gif | https://www.bestbottles.com/images/store/measured/GBEmp50AnSpMtSl.gif | https://www.bestbottles.com/images/store/measured/GBEmp50AnSpPnk.gif | https://www.bestbottles.com/images/store/measured/GBEmp50AnSpRed.gif | https://www.bestbottles.com/images/store/measured/GBEmp50AnSpTslBlk.gif | https://www.bestbottles.com/images/store/measured/GBEmp50AnSpTslGl.gif | https://www.bestbottles.com/images/store/measured/GBEmp50AnSpTslIvyGl.gif | https://www.bestbottles.com/images/store/measured/GBEmp50AnSpTslIvySl.gif | https://www.bestbottles.com/images/store/measured/GBEmp50AnSpTslLvn.gif | https://www.bestbottles.com/images/store/measured/GBEmp50AnSpTslMtSl.gif | https://www.bestbottles.com/images/store/measured/GBEmp50AnSpTslPnk.gif | https://www.bestbottles.com/images/store/measured/GBEmp50AnSpTslRed.gif | https://www.bestbottles.com/images/store/measured/GBEmp50AnSpTslWht.gif | https://www.bestbottles.com/images/store/measured/GBEmp50AnSpWht.gif | https://www.bestbottles.com/images/store/measured/GBEmp50DrpCu.gif | https://www.bestbottles.com/images/store/measured/GBEmp50DrpGl.gif | https://www.bestbottles.com/images/store/measured/GBEmp50DrpSl.gif | https://www.bestbottles.com/images/store/measured/GBEmp50RdcrBlkLthr.gif | https://www.bestbottles.com/images/store/measured/GBEmp50RdcrBrwnLthr.gif | https://www.bestbottles.com/images/store/measured/GBEmp50RdcrIvyLthr.gif | https://www.bestbottles.com/images/store/measured/GBEmp50RdcrLBrwnLthr.gif | https://www.bestbottles.com/images/store/measured/GBEmp50RdcrMtSl.gif | https://www.bestbottles.com/images/store/measured/GBEmp50RdcrMtSlTall.gif | https://www.bestbottles.com/images/store/measured/GBEmp50RdcrPnkLthr.gif | https://www.bestbottles.com/images/store/measured/GBEmp50RdcrShnBlk.gif | https://www.bestbottles.com/images/store/measured/GBEmp50RdcrShnBlkTall.gif | https://www.bestbottles.com/images/store/measured/GBEmp50RdcrShnGl.gif | https://www.bestbottles.com/images/store/measured/GBEmp50RdcrShnSl.gif | https://www.bestbottles.com/images/store/measured/GBEmp50RdcrWht.gif | https://www.bestbottles.com/images/store/measured/GBEmp50SpryCu.gif | https://www.bestbottles.com/images/store/measured/GBEmp50SpryMtGl.gif | https://www.bestbottles.com/images/store/measured/GBEmp50SpryMtSl.gif | https://www.bestbottles.com/images/store/measured/GBEmp50SpryShnBlk.gif | https://www.bestbottles.com/images/store/measured/GBEmp50SpryShnGl.gif | https://www.bestbottles.com/images/store/measured/GBEmp50SpryShnSl.gif | https://www.bestbottles.com/images/store/measured/LBEmp50LtnClOvrCap.gif | https://www.bestbottles.com/images/store/measured/LBEmp50LtnCu.gif | https://www.bestbottles.com/images/store/measured/LBEmp50LtnMtGl.gif | https://www.bestbottles.com/images/store/measured/LBEmp50LtnMtSl.gif | https://www.bestbottles.com/images/store/measured/LBEmp50LtnShnBlk.gif | https://www.bestbottles.com/images/store/measured/LBEmp50LtnShnGl.gif | https://www.bestbottles.com/images/store/measured/LBEmp50LtnShnSl.gif | https://www.bestbottles.com/images/store/measured/LBEmp50WhtClOvrCp.gif,47,EMPIRE-50ML-18-415,manual-review-required,P0-TRUTH,missing,measured-body-geometry-only,Resolve catalog geometry/body-color truth before authority creation.,,,d:dup_lineage_stale_value×2
83,shot__body__empire__100ml__107x46x46.0__b5c61e9b39__clear,body-appearance,body,Empire,100,18-415,body__empire__100ml__107x46x46.0__b5c61e9b39,Clear,Glass,,https://cdn.shopify.com/s/files/1/0739/9420/7524/files/master_corrected_1779340326554_2588y4.png?v=1779340511 | https://cdn.shopify.com/s/files/1/0739/9420/7524/files/master_corrected_1779340552297_0safy9.png?v=1779340571 | https://www.bestbottles.com/images/store/depthview/GBEmp100AnSpBlk.gif | https://www.bestbottles.com/images/store/depthview/GBEmp100AnSpGl.gif | https://www.bestbottles.com/images/store/depthview/GBEmp100AnSpIvyGl.gif | https://www.bestbottles.com/images/store/depthview/GBEmp100AnSpIvySl.gif | https://www.bestbottles.com/images/store/depthview/GBEmp100AnSpLvn.gif | https://www.bestbottles.com/images/store/depthview/GBEmp100AnSpMtSl.gif | https://www.bestbottles.com/images/store/depthview/GBEmp100AnSpPnk.gif | https://www.bestbottles.com/images/store/depthview/GBEmp100AnSpRed.gif | https://www.bestbottles.com/images/store/depthview/GBEmp100AnSpTslBlk.gif | https://www.bestbottles.com/images/store/depthview/GBEmp100AnSpTslGl.gif | https://www.bestbottles.com/images/store/depthview/GBEmp100AnSpTslIvyGl.gif | https://www.bestbottles.com/images/store/depthview/GBEmp100AnSpTslIvySl.gif | https://www.bestbottles.com/images/store/depthview/GBEmp100AnSpTslLvn.gif | https://www.bestbottles.com/images/store/depthview/GBEmp100AnSpTslMtSl.gif | https://www.bestbottles.com/images/store/depthview/GBEmp100AnSpTslPnk.gif | https://www.bestbottles.com/images/store/depthview/GBEmp100AnSpTslRed.gif | https://www.bestbottles.com/images/store/depthview/GBEmp100AnSpTslWht.gif | https://www.bestbottles.com/images/store/depthview/GBEmp100AnSpWht.gif | https://www.bestbottles.com/images/store/depthview/GBEmp100RdcrBlkLthr.gif | https://www.bestbottles.com/images/store/depthview/GBEmp100RdcrBrwnLthr.gif | https://www.bestbottles.com/images/store/depthview/GBEmp100RdcrIvyLthr.gif | https://www.bestbottles.com/images/store/depthview/GBEmp100RdcrLBrwnLthr.gif | https://www.bestbottles.com/images/store/depthview/GBEmp100RdcrMtSl.gif | https://www.bestbottles.com/images/store/depthview/GBEmp100RdcrMtSlTall.gif | https://www.bestbottles.com/images/store/depthview/GBEmp100RdcrPnkLthr.gif | https://www.bestbottles.com/images/store/depthview/GBEmp100RdcrShnBlk.gif | https://www.bestbottles.com/images/store/depthview/GBEmp100RdcrShnBlkTall.gif | https://www.bestbottles.com/images/store/depthview/GBEmp100RdcrShnGl.gif | https://www.bestbottles.com/images/store/depthview/GBEmp100RdcrShnSl.gif | https://www.bestbottles.com/images/store/depthview/GBEmp100RdcrWht.gif | https://www.bestbottles.com/images/store/depthview/GBEmp100SpryCu.gif | https://www.bestbottles.com/images/store/depthview/GBEmp100SpryMtGl.gif | https://www.bestbottles.com/images/store/depthview/GBEmp100SpryMtSl.gif | https://www.bestbottles.com/images/store/depthview/GBEmp100SpryShnBlk.gif | https://www.bestbottles.com/images/store/depthview/GBEmp100SpryShnGl.gif | https://www.bestbottles.com/images/store/depthview/GBEmp100SpryShnSl.gif | https://www.bestbottles.com/images/store/depthview/LBEmp100LtnClOvrCap.gif | https://www.bestbottles.com/images/store/depthview/LBEmp100LtnCu.gif | https://www.bestbottles.com/images/store/depthview/LBEmp100LtnMtGl.gif | https://www.bestbottles.com/images/store/depthview/LBEmp100LtnMtSl.gif | https://www.bestbottles.com/images/store/depthview/LBEmp100LtnShnBlk.gif | https://www.bestbottles.com/images/store/depthview/LBEmp100LtnShnGl.gif | https://www.bestbottles.com/images/store/depthview/LBEmp100LtnShnSl.gif | https://www.bestbottles.com/images/store/depthview/LBEmp100WhtClOvrCp.gif | https://www.bestbottles.com/images/store/enlarged_pics/GBEmp100AnSpBlk.gif | https://www.bestbottles.com/images/store/enlarged_pics/GBEmp100AnSpGl.gif | https://www.bestbottles.com/images/store/enlarged_pics/GBEmp100AnSpIvyGl.gif | https://www.bestbottles.com/images/store/enlarged_pics/GBEmp100AnSpIvySl.gif | https://www.bestbottles.com/images/store/enlarged_pics/GBEmp100AnSpLvn.gif | https://www.bestbottles.com/images/store/enlarged_pics/GBEmp100AnSpMtSl.gif | https://www.bestbottles.com/images/store/enlarged_pics/GBEmp100AnSpPnk.gif | https://www.bestbottles.com/images/store/enlarged_pics/GBEmp100AnSpRed.gif | https://www.bestbottles.com/images/store/enlarged_pics/GBEmp100AnSpTslBlk.gif | https://www.bestbottles.com/images/store/enlarged_pics/GBEmp100AnSpTslGl.gif | https://www.bestbottles.com/images/store/enlarged_pics/GBEmp100AnSpTslIvyGl.gif | https://www.bestbottles.com/images/store/enlarged_pics/GBEmp100AnSpTslIvySl.gif | https://www.bestbottles.com/images/store/enlarged_pics/GBEmp100AnSpTslLvn.gif | https://www.bestbottles.com/images/store/enlarged_pics/GBEmp100AnSpTslMtSl.gif | https://www.bestbottles.com/images/store/enlarged_pics/GBEmp100AnSpTslPnk.gif | https://www.bestbottles.com/images/store/enlarged_pics/GBEmp100AnSpTslRed.gif | https://www.bestbottles.com/images/store/enlarged_pics/GBEmp100AnSpTslWht.gif | https://www.bestbottles.com/images/store/enlarged_pics/GBEmp100AnSpWht.gif | https://www.bestbottles.com/images/store/enlarged_pics/GBEmp100RdcrBlkLthr.gif | https://www.bestbottles.com/images/store/enlarged_pics/GBEmp100RdcrBrwnLthr.gif | https://www.bestbottles.com/images/store/enlarged_pics/GBEmp100RdcrIvyLthr.gif | https://www.bestbottles.com/images/store/enlarged_pics/GBEmp100RdcrLBrwnLthr.gif | https://www.bestbottles.com/images/store/enlarged_pics/GBEmp100RdcrMtSl.gif | https://www.bestbottles.com/images/store/enlarged_pics/GBEmp100RdcrMtSlTall.gif | https://www.bestbottles.com/images/store/enlarged_pics/GBEmp100RdcrPnkLthr.gif | https://www.bestbottles.com/images/store/enlarged_pics/GBEmp100RdcrShnBlk.gif | https://www.bestbottles.com/images/store/enlarged_pics/GBEmp100RdcrShnBlkTall.gif | https://www.bestbottles.com/images/store/enlarged_pics/GBEmp100RdcrShnGl.gif | https://www.bestbottles.com/images/store/enlarged_pics/GBEmp100RdcrShnSl.gif | https://www.bestbottles.com/images/store/enlarged_pics/GBEmp100RdcrWht.gif | https://www.bestbottles.com/images/store/enlarged_pics/GBEmp100SpryCu.gif | https://www.bestbottles.com/images/store/enlarged_pics/GBEmp100SpryMtGl.gif | https://www.bestbottles.com/images/store/enlarged_pics/GBEmp100SpryMtSl.gif | https://www.bestbottles.com/images/store/enlarged_pics/GBEmp100SpryShnBlk.gif | https://www.bestbottles.com/images/store/enlarged_pics/GBEmp100SpryShnGl.gif | https://www.bestbottles.com/images/store/enlarged_pics/GBEmp100SpryShnSl.gif | https://www.bestbottles.com/images/store/enlarged_pics/LBEmp100LtnClOvrCap.gif | https://www.bestbottles.com/images/store/enlarged_pics/LBEmp100LtnCu.gif | https://www.bestbottles.com/images/store/enlarged_pics/LBEmp100LtnMtGl.gif | https://www.bestbottles.com/images/store/enlarged_pics/LBEmp100LtnMtSl.gif | https://www.bestbottles.com/images/store/enlarged_pics/LBEmp100LtnShnBlk.gif | https://www.bestbottles.com/images/store/enlarged_pics/LBEmp100LtnShnGl.gif | https://www.bestbottles.com/images/store/enlarged_pics/LBEmp100LtnShnSl.gif | https://www.bestbottles.com/images/store/enlarged_pics/LBEmp100WhtClOvrCp.gif | https://www.bestbottles.com/images/store/measured/GBEmp100AnSpBlk.gif | https://www.bestbottles.com/images/store/measured/GBEmp100AnSpGl.gif | https://www.bestbottles.com/images/store/measured/GBEmp100AnSpIvyGl.gif | https://www.bestbottles.com/images/store/measured/GBEmp100AnSpIvySl.gif | https://www.bestbottles.com/images/store/measured/GBEmp100AnSpLvn.gif | https://www.bestbottles.com/images/store/measured/GBEmp100AnSpMtSl.gif | https://www.bestbottles.com/images/store/measured/GBEmp100AnSpPnk.gif | https://www.bestbottles.com/images/store/measured/GBEmp100AnSpRed.gif | https://www.bestbottles.com/images/store/measured/GBEmp100AnSpTslBlk.gif | https://www.bestbottles.com/images/store/measured/GBEmp100AnSpTslGl.gif | https://www.bestbottles.com/images/store/measured/GBEmp100AnSpTslIvyGl.gif | https://www.bestbottles.com/images/store/measured/GBEmp100AnSpTslIvySl.gif | https://www.bestbottles.com/images/store/measured/GBEmp100AnSpTslLvn.gif | https://www.bestbottles.com/images/store/measured/GBEmp100AnSpTslMtSl.gif | https://www.bestbottles.com/images/store/measured/GBEmp100AnSpTslPnk.gif | https://www.bestbottles.com/images/store/measured/GBEmp100AnSpTslRed.gif | https://www.bestbottles.com/images/store/measured/GBEmp100AnSpTslWht.gif | https://www.bestbottles.com/images/store/measured/GBEmp100AnSpWht.gif | https://www.bestbottles.com/images/store/measured/GBEmp100RdcrBlkLthr.gif | https://www.bestbottles.com/images/store/measured/GBEmp100RdcrBrwnLthr.gif | https://www.bestbottles.com/images/store/measured/GBEmp100RdcrIvyLthr.gif | https://www.bestbottles.com/images/store/measured/GBEmp100RdcrLBrwnLthr.gif | https://www.bestbottles.com/images/store/measured/GBEmp100RdcrMtSl.gif | https://www.bestbottles.com/images/store/measured/GBEmp100RdcrMtSlTall.gif | https://www.bestbottles.com/images/store/measured/GBEmp100RdcrPnkLthr.gif | https://www.bestbottles.com/images/store/measured/GBEmp100RdcrShnBlk.gif | https://www.bestbottles.com/images/store/measured/GBEmp100RdcrShnBlkTall.gif | https://www.bestbottles.com/images/store/measured/GBEmp100RdcrShnGl.gif | https://www.bestbottles.com/images/store/measured/GBEmp100RdcrShnSl.gif | https://www.bestbottles.com/images/store/measured/GBEmp100RdcrWht.gif | https://www.bestbottles.com/images/store/measured/GBEmp100SpryCu.gif | https://www.bestbottles.com/images/store/measured/GBEmp100SpryMtGl.gif | https://www.bestbottles.com/images/store/measured/GBEmp100SpryMtSl.gif | https://www.bestbottles.com/images/store/measured/GBEmp100SpryShnBlk.gif | https://www.bestbottles.com/images/store/measured/GBEmp100SpryShnGl.gif | https://www.bestbottles.com/images/store/measured/GBEmp100SpryShnSl.gif | https://www.bestbottles.com/images/store/measured/LBEmp100LtnClOvrCap.gif | https://www.bestbottles.com/images/store/measured/LBEmp100LtnCu.gif | https://www.bestbottles.com/images/store/measured/LBEmp100LtnMtGl.gif | https://www.bestbottles.com/images/store/measured/LBEmp100LtnMtSl.gif | https://www.bestbottles.com/images/store/measured/LBEmp100LtnShnBlk.gif | https://www.bestbottles.com/images/store/measured/LBEmp100LtnShnGl.gif | https://www.bestbottles.com/images/store/measured/LBEmp100LtnShnSl.gif | https://www.bestbottles.com/images/store/measured/LBEmp100WhtClOvrCp.gif,44,EMPIRE-100ML-18-415,manual-review-required,P0-TRUTH,missing,measured-body-geometry-only,Resolve catalog geometry/body-color truth before authority creation.,,,d:dup_lineage_stale_value×2
84,shot__body__flair__15ml__56x41x20.0__28dd297d1b__clear,body-appearance,body,Flair,15,13-415,body__flair__15ml__56x41x20.0__28dd297d1b,Clear,Glass,,https://www.bestbottles.com/images/store/depthview/GBFlair15BlkSht.gif | https://www.bestbottles.com/images/store/depthview/GBFlair15Gl.gif | https://www.bestbottles.com/images/store/depthview/GBFlair15MtlRollBlkDot.gif | https://www.bestbottles.com/images/store/depthview/GBFlair15MtlRollBlkSh.gif | https://www.bestbottles.com/images/store/depthview/GBFlair15MtlRollCuMatt.gif | https://www.bestbottles.com/images/store/depthview/GBFlair15MtlRollGlMatt.gif | https://www.bestbottles.com/images/store/depthview/GBFlair15MtlRollGlSh.gif | https://www.bestbottles.com/images/store/depthview/GBFlair15MtlRollPinkDot.gif | https://www.bestbottles.com/images/store/depthview/GBFlair15MtlRollSlDot.gif | https://www.bestbottles.com/images/store/depthview/GBFlair15MtlRollSlMatt.gif | https://www.bestbottles.com/images/store/depthview/GBFlair15MtlRollSlSh.gif | https://www.bestbottles.com/images/store/depthview/GBFlair15RollBlkDot.gif | https://www.bestbottles.com/images/store/depthview/GBFlair15RollBlkSh.gif | https://www.bestbottles.com/images/store/depthview/GBFlair15RollCuMatt.gif | https://www.bestbottles.com/images/store/depthview/GBFlair15RollGlMatt.gif | https://www.bestbottles.com/images/store/depthview/GBFlair15RollGlSh.gif | https://www.bestbottles.com/images/store/depthview/GBFlair15RollPinkDot.gif | https://www.bestbottles.com/images/store/depthview/GBFlair15RollSlDot.gif | https://www.bestbottles.com/images/store/depthview/GBFlair15RollSlMatt.gif | https://www.bestbottles.com/images/store/depthview/GBFlair15RollSlSh.gif | https://www.bestbottles.com/images/store/depthview/GBFlair15Sl.gif | https://www.bestbottles.com/images/store/depthview/GBFlair15SpryBlkMatt.gif | https://www.bestbottles.com/images/store/depthview/GBFlair15SpryBlkSh.gif | https://www.bestbottles.com/images/store/depthview/GBFlair15SpryBluMatt.gif | https://www.bestbottles.com/images/store/depthview/GBFlair15SpryCuMatt.gif | https://www.bestbottles.com/images/store/depthview/GBFlair15SpryGlMatt.gif | https://www.bestbottles.com/images/store/depthview/GBFlair15SpryGlSh.gif | https://www.bestbottles.com/images/store/depthview/GBFlair15SprySlMatt.gif | https://www.bestbottles.com/images/store/depthview/GBFlair15SprySlSh.gif | https://www.bestbottles.com/images/store/depthview/GBFlair15WhtSht.gif | https://www.bestbottles.com/images/store/enlarged_pics/GBFlair15BlkSht.gif | https://www.bestbottles.com/images/store/enlarged_pics/GBFlair15Gl.gif | https://www.bestbottles.com/images/store/enlarged_pics/GBFlair15MtlRollBlkDot.gif | https://www.bestbottles.com/images/store/enlarged_pics/GBFlair15MtlRollBlkSh.gif | https://www.bestbottles.com/images/store/enlarged_pics/GBFlair15MtlRollCuMatt.gif | https://www.bestbottles.com/images/store/enlarged_pics/GBFlair15MtlRollGlMatt.gif | https://www.bestbottles.com/images/store/enlarged_pics/GBFlair15MtlRollGlSh.gif | https://www.bestbottles.com/images/store/enlarged_pics/GBFlair15MtlRollPinkDot.gif | https://www.bestbottles.com/images/store/enlarged_pics/GBFlair15MtlRollSlDot.gif | https://www.bestbottles.com/images/store/enlarged_pics/GBFlair15MtlRollSlMatt.gif | https://www.bestbottles.com/images/store/enlarged_pics/GBFlair15MtlRollSlSh.gif | https://www.bestbottles.com/images/store/enlarged_pics/GBFlair15RollBlkDot.gif | https://www.bestbottles.com/images/store/enlarged_pics/GBFlair15RollBlkSh.gif | https://www.bestbottles.com/images/store/enlarged_pics/GBFlair15RollCuMatt.gif | https://www.bestbottles.com/images/store/enlarged_pics/GBFlair15RollGlMatt.gif | https://www.bestbottles.com/images/store/enlarged_pics/GBFlair15RollGlSh.gif | https://www.bestbottles.com/images/store/enlarged_pics/GBFlair15RollPinkDot.gif | https://www.bestbottles.com/images/store/enlarged_pics/GBFlair15RollSlDot.gif | https://www.bestbottles.com/images/store/enlarged_pics/GBFlair15RollSlMatt.gif | https://www.bestbottles.com/images/store/enlarged_pics/GBFlair15RollSlSh.gif | https://www.bestbottles.com/images/store/enlarged_pics/GBFlair15Sl.gif | https://www.bestbottles.com/images/store/enlarged_pics/GBFlair15SpryBlkMatt.gif | https://www.bestbottles.com/images/store/enlarged_pics/GBFlair15SpryBlkSh.gif | https://www.bestbottles.com/images/store/enlarged_pics/GBFlair15SpryBluMatt.gif | https://www.bestbottles.com/images/store/enlarged_pics/GBFlair15SpryCuMatt.gif | https://www.bestbottles.com/images/store/enlarged_pics/GBFlair15SpryGlMatt.gif | https://www.bestbottles.com/images/store/enlarged_pics/GBFlair15SpryGlSh.gif | https://www.bestbottles.com/images/store/enlarged_pics/GBFlair15SprySlMatt.gif | https://www.bestbottles.com/images/store/enlarged_pics/GBFlair15SprySlSh.gif | https://www.bestbottles.com/images/store/enlarged_pics/GBFlair15WhtSht.gif | https://www.bestbottles.com/images/store/measured/GBFlair15BlkSht.gif | https://www.bestbottles.com/images/store/measured/GBFlair15Gl.gif | https://www.bestbottles.com/images/store/measured/GBFlair15MtlRollBlkDot.gif | https://www.bestbottles.com/images/store/measured/GBFlair15MtlRollBlkSh.gif | https://www.bestbottles.com/images/store/measured/GBFlair15MtlRollCuMatt.gif | https://www.bestbottles.com/images/store/measured/GBFlair15MtlRollGlMatt.gif | https://www.bestbottles.com/images/store/measured/GBFlair15MtlRollGlSh.gif | https://www.bestbottles.com/images/store/measured/GBFlair15MtlRollPinkDot.gif | https://www.bestbottles.com/images/store/measured/GBFlair15MtlRollSlDot.gif | https://www.bestbottles.com/images/store/measured/GBFlair15MtlRollSlMatt.gif | https://www.bestbottles.com/images/store/measured/GBFlair15MtlRollSlSh.gif | https://www.bestbottles.com/images/store/measured/GBFlair15RollBlkDot.gif | https://www.bestbottles.com/images/store/measured/GBFlair15RollBlkSh.gif | https://www.bestbottles.com/images/store/measured/GBFlair15RollCuMatt.gif | https://www.bestbottles.com/images/store/measured/GBFlair15RollGlMatt.gif | https://www.bestbottles.com/images/store/measured/GBFlair15RollGlSh.gif | https://www.bestbottles.com/images/store/measured/GBFlair15RollPinkDot.gif | https://www.bestbottles.com/images/store/measured/GBFlair15RollSlDot.gif | https://www.bestbottles.com/images/store/measured/GBFlair15RollSlMatt.gif | https://www.bestbottles.com/images/store/measured/GBFlair15RollSlSh.gif | https://www.bestbottles.com/images/store/measured/GBFlair15Sl.gif | https://www.bestbottles.com/images/store/measured/GBFlair15SpryBlkMatt.gif | https://www.bestbottles.com/images/store/measured/GBFlair15SpryBlkSh.gif | https://www.bestbottles.com/images/store/measured/GBFlair15SpryBluMatt.gif | https://www.bestbottles.com/images/store/measured/GBFlair15SpryCuMatt.gif | https://www.bestbottles.com/images/store/measured/GBFlair15SpryGlMatt.gif | https://www.bestbottles.com/images/store/measured/GBFlair15SpryGlSh.gif | https://www.bestbottles.com/images/store/measured/GBFlair15SprySlMatt.gif | https://www.bestbottles.com/images/store/measured/GBFlair15SprySlSh.gif | https://www.bestbottles.com/images/store/measured/GBFlair15WhtSht.gif,30,FLAIR-15ML-13-415,manual-review-required,P0-TRUTH,missing,measured-body-geometry-only,Resolve catalog geometry/body-color truth before authority creation.,,,convex_widthaxis_corrected_by_site(was=30.0)×30
85,shot__body__grace__55ml__113x52x30.0__19707380e1__clear,body-appearance,body,Grace,55,18-415,body__grace__55ml__113x52x30.0__19707380e1,Clear,Glass,,https://cdn.shopify.com/s/files/1/0739/9420/7524/files/master_corrected_1779487829936_2reckh.png?v=1779488741 | https://cdn.shopify.com/s/files/1/0739/9420/7524/files/master_corrected_1779488101319_bapdn9.png?v=1779488721 | https://www.bestbottles.com/images/store/depthview/GBGrce55AnSpBlk.gif | https://www.bestbottles.com/images/store/depthview/GBGrce55AnSpGl.gif | https://www.bestbottles.com/images/store/depthview/GBGrce55AnSpIvyGl.gif | https://www.bestbottles.com/images/store/depthview/GBGrce55AnSpIvySl.gif | https://www.bestbottles.com/images/store/depthview/GBGrce55AnSpLvn.gif | https://www.bestbottles.com/images/store/depthview/GBGrce55AnSpMtSl.gif | https://www.bestbottles.com/images/store/depthview/GBGrce55AnSpPnk.gif | https://www.bestbottles.com/images/store/depthview/GBGrce55AnSpRed.gif | https://www.bestbottles.com/images/store/depthview/GBGrce55AnSpTslBlk.gif | https://www.bestbottles.com/images/store/depthview/GBGrce55AnSpTslGl.gif | https://www.bestbottles.com/images/store/depthview/GBGrce55AnSpTslIvyGl.gif | https://www.bestbottles.com/images/store/depthview/GBGrce55AnSpTslIvySl.gif | https://www.bestbottles.com/images/store/depthview/GBGrce55AnSpTslLvn.gif | https://www.bestbottles.com/images/store/depthview/GBGrce55AnSpTslMtSl.gif | https://www.bestbottles.com/images/store/depthview/GBGrce55AnSpTslPnk.gif | https://www.bestbottles.com/images/store/depthview/GBGrce55AnSpTslRed.gif | https://www.bestbottles.com/images/store/depthview/GBGrce55AnSpTslWht.gif | https://www.bestbottles.com/images/store/depthview/GBGrce55AnSpWht.gif | https://www.bestbottles.com/images/store/depthview/GBGrce55RdcrBlkLthr.gif | https://www.bestbottles.com/images/store/depthview/GBGrce55RdcrBrwnLthr.gif | https://www.bestbottles.com/images/store/depthview/GBGrce55RdcrIvyLthr.gif | https://www.bestbottles.com/images/store/depthview/GBGrce55RdcrLBrwnLthr.gif | https://www.bestbottles.com/images/store/depthview/GBGrce55RdcrMtSl.gif | https://www.bestbottles.com/images/store/depthview/GBGrce55RdcrMtSlTall.gif | https://www.bestbottles.com/images/store/depthview/GBGrce55RdcrPnkLthr.gif | https://www.bestbottles.com/images/store/depthview/GBGrce55RdcrShnBlk.gif | https://www.bestbottles.com/images/store/depthview/GBGrce55RdcrShnBlkTall.gif | https://www.bestbottles.com/images/store/depthview/GBGrce55RdcrShnGl.gif | https://www.bestbottles.com/images/store/depthview/GBGrce55RdcrShnSl.gif | https://www.bestbottles.com/images/store/depthview/GBGrce55RdcrWht.gif | https://www.bestbottles.com/images/store/depthview/GBGrce55SpryCu.gif | https://www.bestbottles.com/images/store/depthview/GBGrce55SpryMtGl.gif | https://www.bestbottles.com/images/store/depthview/GBGrce55SpryMtSl.gif | https://www.bestbottles.com/images/store/depthview/GBGrce55SpryShnBlk.gif | https://www.bestbottles.com/images/store/depthview/GBGrce55SpryShnGl.gif | https://www.bestbottles.com/images/store/depthview/GBGrce55SpryShnSl.gif | https://www.bestbottles.com/images/store/depthview/LBGrce55LtnClOvrCap.gif | https://www.bestbottles.com/images/store/depthview/LBGrce55LtnCu.gif | https://www.bestbottles.com/images/store/depthview/LBGrce55LtnMtGl.gif | https://www.bestbottles.com/images/store/depthview/LBGrce55LtnMtSl.gif | https://www.bestbottles.com/images/store/depthview/LBGrce55LtnShnBlk.gif | https://www.bestbottles.com/images/store/depthview/LBGrce55LtnShnGl.gif | https://www.bestbottles.com/images/store/depthview/LBGrce55LtnShnSl.gif | https://www.bestbottles.com/images/store/enlarged_pics/GBGrce55AnSpBlk.gif | https://www.bestbottles.com/images/store/enlarged_pics/GBGrce55AnSpGl.gif | https://www.bestbottles.com/images/store/enlarged_pics/GBGrce55AnSpIvyGl.gif | https://www.bestbottles.com/images/store/enlarged_pics/GBGrce55AnSpIvySl.gif | https://www.bestbottles.com/images/store/enlarged_pics/GBGrce55AnSpLvn.gif | https://www.bestbottles.com/images/store/enlarged_pics/GBGrce55AnSpMtSl.gif | https://www.bestbottles.com/images/store/enlarged_pics/GBGrce55AnSpPnk.gif | https://www.bestbottles.com/images/store/enlarged_pics/GBGrce55AnSpRed.gif | https://www.bestbottles.com/images/store/enlarged_pics/GBGrce55AnSpTslBlk.gif | https://www.bestbottles.com/images/store/enlarged_pics/GBGrce55AnSpTslGl.gif | https://www.bestbottles.com/images/store/enlarged_pics/GBGrce55AnSpTslIvyGl.gif | https://www.bestbottles.com/images/store/enlarged_pics/GBGrce55AnSpTslIvySl.gif | https://www.bestbottles.com/images/store/enlarged_pics/GBGrce55AnSpTslLvn.gif | https://www.bestbottles.com/images/store/enlarged_pics/GBGrce55AnSpTslMtSl.gif | https://www.bestbottles.com/images/store/enlarged_pics/GBGrce55AnSpTslPnk.gif | https://www.bestbottles.com/images/store/enlarged_pics/GBGrce55AnSpTslRed.gif | https://www.bestbottles.com/images/store/enlarged_pics/GBGrce55AnSpTslWht.gif | https://www.bestbottles.com/images/store/enlarged_pics/GBGrce55AnSpWht.gif | https://www.bestbottles.com/images/store/enlarged_pics/GBGrce55RdcrBlkLthr.gif | https://www.bestbottles.com/images/store/enlarged_pics/GBGrce55RdcrBrwnLthr.gif | https://www.bestbottles.com/images/store/enlarged_pics/GBGrce55RdcrIvyLthr.gif | https://www.bestbottles.com/images/store/enlarged_pics/GBGrce55RdcrLBrwnLthr.gif | https://www.bestbottles.com/images/store/enlarged_pics/GBGrce55RdcrMtSl.gif | https://www.bestbottles.com/images/store/enlarged_pics/GBGrce55RdcrMtSlTall.gif | https://www.bestbottles.com/images/store/enlarged_pics/GBGrce55RdcrPnkLthr.gif | https://www.bestbottles.com/images/store/enlarged_pics/GBGrce55RdcrShnBlk.gif | https://www.bestbottles.com/images/store/enlarged_pics/GBGrce55RdcrShnBlkTall.gif | https://www.bestbottles.com/images/store/enlarged_pics/GBGrce55RdcrShnGl.gif | https://www.bestbottles.com/images/store/enlarged_pics/GBGrce55RdcrShnSl.gif | https://www.bestbottles.com/images/store/enlarged_pics/GBGrce55RdcrWht.gif | https://www.bestbottles.com/images/store/enlarged_pics/GBGrce55SpryCu.gif | https://www.bestbottles.com/images/store/enlarged_pics/GBGrce55SpryMtGl.gif | https://www.bestbottles.com/images/store/enlarged_pics/GBGrce55SpryMtSl.gif | https://www.bestbottles.com/images/store/enlarged_pics/GBGrce55SpryShnBlk.gif | https://www.bestbottles.com/images/store/enlarged_pics/GBGrce55SpryShnGl.gif | https://www.bestbottles.com/images/store/enlarged_pics/GBGrce55SpryShnSl.gif | https://www.bestbottles.com/images/store/enlarged_pics/LBGrce55LtnClOvrCap.gif | https://www.bestbottles.com/images/store/enlarged_pics/LBGrce55LtnCu.gif | https://www.bestbottles.com/images/store/enlarged_pics/LBGrce55LtnMtGl.gif | https://www.bestbottles.com/images/store/enlarged_pics/LBGrce55LtnMtSl.gif | https://www.bestbottles.com/images/store/enlarged_pics/LBGrce55LtnShnBlk.gif | https://www.bestbottles.com/images/store/enlarged_pics/LBGrce55LtnShnGl.gif | https://www.bestbottles.com/images/store/enlarged_pics/LBGrce55LtnShnSl.gif | https://www.bestbottles.com/images/store/measured/GBGrce55AnSpBlk.gif | https://www.bestbottles.com/images/store/measured/GBGrce55AnSpGl.gif | https://www.bestbottles.com/images/store/measured/GBGrce55AnSpIvyGl.gif | https://www.bestbottles.com/images/store/measured/GBGrce55AnSpIvySl.gif | https://www.bestbottles.com/images/store/measured/GBGrce55AnSpLvn.gif | https://www.bestbottles.com/images/store/measured/GBGrce55AnSpMtSl.gif | https://www.bestbottles.com/images/store/measured/GBGrce55AnSpPnk.gif | https://www.bestbottles.com/images/store/measured/GBGrce55AnSpRed.gif | https://www.bestbottles.com/images/store/measured/GBGrce55AnSpTslBlk.gif | https://www.bestbottles.com/images/store/measured/GBGrce55AnSpTslGl.gif | https://www.bestbottles.com/images/store/measured/GBGrce55AnSpTslIvyGl.gif | https://www.bestbottles.com/images/store/measured/GBGrce55AnSpTslIvySl.gif | https://www.bestbottles.com/images/store/measured/GBGrce55AnSpTslLvn.gif | https://www.bestbottles.com/images/store/measured/GBGrce55AnSpTslMtSl.gif | https://www.bestbottles.com/images/store/measured/GBGrce55AnSpTslPnk.gif | https://www.bestbottles.com/images/store/measured/GBGrce55AnSpTslRed.gif | https://www.bestbottles.com/images/store/measured/GBGrce55AnSpTslWht.gif | https://www.bestbottles.com/images/store/measured/GBGrce55AnSpWht.gif | https://www.bestbottles.com/images/store/measured/GBGrce55RdcrBlkLthr.gif | https://www.bestbottles.com/images/store/measured/GBGrce55RdcrBrwnLthr.gif | https://www.bestbottles.com/images/store/measured/GBGrce55RdcrIvyLthr.gif | https://www.bestbottles.com/images/store/measured/GBGrce55RdcrLBrwnLthr.gif | https://www.bestbottles.com/images/store/measured/GBGrce55RdcrMtSl.gif | https://www.bestbottles.com/images/store/measured/GBGrce55RdcrMtSlTall.gif | https://www.bestbottles.com/images/store/measured/GBGrce55RdcrPnkLthr.gif | https://www.bestbottles.com/images/store/measured/GBGrce55RdcrShnBlk.gif | https://www.bestbottles.com/images/store/measured/GBGrce55RdcrShnBlkTall.gif | https://www.bestbottles.com/images/store/measured/GBGrce55RdcrShnGl.gif | https://www.bestbottles.com/images/store/measured/GBGrce55RdcrShnSl.gif | https://www.bestbottles.com/images/store/measured/GBGrce55RdcrWht.gif | https://www.bestbottles.com/images/store/measured/GBGrce55SpryCu.gif | https://www.bestbottles.com/images/store/measured/GBGrce55SpryMtGl.gif | https://www.bestbottles.com/images/store/measured/GBGrce55SpryMtSl.gif | https://www.bestbottles.com/images/store/measured/GBGrce55SpryShnBlk.gif | https://www.bestbottles.com/images/store/measured/GBGrce55SpryShnGl.gif | https://www.bestbottles.com/images/store/measured/GBGrce55SpryShnSl.gif | https://www.bestbottles.com/images/store/measured/LBGrce55LtnClOvrCap.gif | https://www.bestbottles.com/images/store/measured/LBGrce55LtnCu.gif | https://www.bestbottles.com/images/store/measured/LBGrce55LtnMtGl.gif | https://www.bestbottles.com/images/store/measured/LBGrce55LtnMtSl.gif | https://www.bestbottles.com/images/store/measured/LBGrce55LtnShnBlk.gif | https://www.bestbottles.com/images/store/measured/LBGrce55LtnShnGl.gif | https://www.bestbottles.com/images/store/measured/LBGrce55LtnShnSl.gif,43,GRACE-55ML-18-415,manual-review-required,P0-TRUTH,missing,measured-body-geometry-only,Resolve catalog geometry/body-color truth before authority creation.,,,convex_widthaxis_corrected_by_site(was=55.0)×45 | h:group_outlier_unresolved×1 | convex_height_corrected_by_site(was=90.0)×1
86,shot__body__pillar__9ml__57x20x20.0__fd69543581__clear,body-appearance,body,Pillar,9,Size: GBPillar9BlkSht Nemat In,body__pillar__9ml__57x20x20.0__fd69543581,Clear,Glass,,https://cdn.shopify.com/s/files/1/0739/9420/7524/files/GB-PIL-CLR-9ML-CAP-BLK__GBPillar9BlkShSht__pdp-main__v001.png?v=1781252630,1,PILLAR-9ML-SIZE-GBPILLAR9BLKSHT-NEMAT-IN,manual-review-required,P0-TRUTH,missing,measured-body-geometry-only,Resolve catalog geometry/body-color truth before authority creation.,,,h:missing×1
87,shot__body__pillar__9ml__57x21x21.0__2f3e19e33e__clear,body-appearance,body,Pillar,9,13-415 | 17-415,body__pillar__9ml__57x21x21.0__2f3e19e33e,Clear,Glass,,https://cdn.shopify.com/s/files/1/0739/9420/7524/files/GB-PIL-CLR-9ML-MRL-BDOT__GBPillar9MtlRollBlkdot__pdp-main__v001.png?v=1781252630 | https://cdn.shopify.com/s/files/1/0739/9420/7524/files/GB-PIL-CLR-9ML-RBL-BDOT__GBPillar9RollBlkDot__pdp-main__v001.png?v=1781252630 | https://www.bestbottles.com/images/store/enlarged_pics/GBPillar9SpryBlkMatt.gif,3,PILLAR-9ML-13-415 | PILLAR-9ML-17-415,manual-review-required,P0-TRUTH,missing,measured-body-geometry-only,Resolve catalog geometry/body-color truth before authority creation.,,,d:override_applied×2 | h:override_applied×2 | h:missing×1 | convex_widthaxis_corrected_by_site(was=43.7)×1
88,shot__body__rectangle__9ml__47x24xunknown__14e933d9b6__clear,body-appearance,body,Rectangle,9,Ground,body__rectangle__9ml__47x24xunknown__14e933d9b6,Clear,Glass,,https://www.bestbottles.com/images/store/depthview/GBSQSTBlue.gif | https://www.bestbottles.com/images/store/depthview/GBSQSTClear.gif | https://www.bestbottles.com/images/store/depthview/GBSQSTGREEN.gif | https://www.bestbottles.com/images/store/enlarged_pics/GBSQSTBlue.gif | https://www.bestbottles.com/images/store/enlarged_pics/GBSQSTClear.gif | https://www.bestbottles.com/images/store/enlarged_pics/GBSQSTGREEN.gif,3,RECTANGLE-9ML-GROUND,manual-review-required,P0-TRUTH,missing,measured-body-geometry-only,Resolve catalog geometry/body-color truth before authority creation.,,,convex_widthaxis_corrected_by_site(was=20.0)×3
89,shot__body__rectangle__10ml__101x17x17.0__bf438a9318__clear,body-appearance,body,Rectangle,10,13-415,body__rectangle__10ml__101x17x17.0__bf438a9318,Clear,Glass,,https://www.bestbottles.com/images/store/depthview/GBTallRect10BlkSht.gif | https://www.bestbottles.com/images/store/depthview/GBTallRect10Gl.gif | https://www.bestbottles.com/images/store/depthview/GBTallRect10MtlRollBlkDot.gif | https://www.bestbottles.com/images/store/depthview/GBTallRect10MtlRollBlkSh.gif | https://www.bestbottles.com/images/store/depthview/GBTallRect10MtlRollCuMatt.gif | https://www.bestbottles.com/images/store/depthview/GBTallRect10MtlRollGlMatt.gif | https://www.bestbottles.com/images/store/depthview/GBTallRect10MtlRollGlSh.gif | https://www.bestbottles.com/images/store/depthview/GBTallRect10MtlRollPinkDot.gif | https://www.bestbottles.com/images/store/depthview/GBTallRect10MtlRollSlDot.gif | https://www.bestbottles.com/images/store/depthview/GBTallRect10MtlRollSlMatt.gif | https://www.bestbottles.com/images/store/depthview/GBTallRect10MtlRollSlSh.gif | https://www.bestbottles.com/images/store/depthview/GBTallRect10RollBlkDot.gif | https://www.bestbottles.com/images/store/depthview/GBTallRect10RollBlkSh.gif | https://www.bestbottles.com/images/store/depthview/GBTallRect10RollCuMatt.gif | https://www.bestbottles.com/images/store/depthview/GBTallRect10RollGlMatt.gif | https://www.bestbottles.com/images/store/depthview/GBTallRect10RollGlSh.gif | https://www.bestbottles.com/images/store/depthview/GBTallRect10RollPinkDot.gif | https://www.bestbottles.com/images/store/depthview/GBTallRect10RollSlDot.gif | https://www.bestbottles.com/images/store/depthview/GBTallRect10RollSlMatt.gif | https://www.bestbottles.com/images/store/depthview/GBTallRect10RollSlSh.gif | https://www.bestbottles.com/images/store/depthview/GBTallRect10Sl.gif | https://www.bestbottles.com/images/store/depthview/GBTallRect10SpryBlkMatt.gif | https://www.bestbottles.com/images/store/depthview/GBTallRect10SpryBlkSh.gif | https://www.bestbottles.com/images/store/depthview/GBTallRect10SpryBluMatt.gif | https://www.bestbottles.com/images/store/depthview/GBTallRect10SpryCuMatt.gif | https://www.bestbottles.com/images/store/depthview/GBTallRect10SpryGlMatt.gif | https://www.bestbottles.com/images/store/depthview/GBTallRect10SpryGlSh.gif | https://www.bestbottles.com/images/store/depthview/GBTallRect10SprySlMatt.gif | https://www.bestbottles.com/images/store/depthview/GBTallRect10SprySlSh.gif | https://www.bestbottles.com/images/store/depthview/GBTallRect10WhtSht.gif | https://www.bestbottles.com/images/store/enlarged_pics/GBTallRect10BlkSht.gif | https://www.bestbottles.com/images/store/enlarged_pics/GBTallRect10Gl.gif | https://www.bestbottles.com/images/store/enlarged_pics/GBTallRect10MtlRollBlkDot.gif | https://www.bestbottles.com/images/store/enlarged_pics/GBTallRect10MtlRollBlkSh.gif | https://www.bestbottles.com/images/store/enlarged_pics/GBTallRect10MtlRollCuMatt.gif | https://www.bestbottles.com/images/store/enlarged_pics/GBTallRect10MtlRollGlMatt.gif | https://www.bestbottles.com/images/store/enlarged_pics/GBTallRect10MtlRollGlSh.gif | https://www.bestbottles.com/images/store/enlarged_pics/GBTallRect10MtlRollPinkDot.gif | https://www.bestbottles.com/images/store/enlarged_pics/GBTallRect10MtlRollSlDot.gif | https://www.bestbottles.com/images/store/enlarged_pics/GBTallRect10MtlRollSlMatt.gif | https://www.bestbottles.com/images/store/enlarged_pics/GBTallRect10MtlRollSlSh.gif | https://www.bestbottles.com/images/store/enlarged_pics/GBTallRect10RollBlkDot.gif | https://www.bestbottles.com/images/store/enlarged_pics/GBTallRect10RollBlkSh.gif | https://www.bestbottles.com/images/store/enlarged_pics/GBTallRect10RollCuMatt.gif | https://www.bestbottles.com/images/store/enlarged_pics/GBTallRect10RollGlMatt.gif | https://www.bestbottles.com/images/store/enlarged_pics/GBTallRect10RollGlSh.gif | https://www.bestbottles.com/images/store/enlarged_pics/GBTallRect10RollPinkDot.gif | https://www.bestbottles.com/images/store/enlarged_pics/GBTallRect10RollSlDot.gif | https://www.bestbottles.com/images/store/enlarged_pics/GBTallRect10RollSlMatt.gif | https://www.bestbottles.com/images/store/enlarged_pics/GBTallRect10RollSlSh.gif | https://www.bestbottles.com/images/store/enlarged_pics/GBTallRect10Sl.gif | https://www.bestbottles.com/images/store/enlarged_pics/GBTallRect10SpryBlkMatt.gif | https://www.bestbottles.com/images/store/enlarged_pics/GBTallRect10SpryBlkSh.gif | https://www.bestbottles.com/images/store/enlarged_pics/GBTallRect10SpryBluMatt.gif | https://www.bestbottles.com/images/store/enlarged_pics/GBTallRect10SpryCuMatt.gif | https://www.bestbottles.com/images/store/enlarged_pics/GBTallRect10SpryGlMatt.gif | https://www.bestbottles.com/images/store/enlarged_pics/GBTallRect10SpryGlSh.gif | https://www.bestbottles.com/images/store/enlarged_pics/GBTallRect10SprySlMatt.gif | https://www.bestbottles.com/images/store/enlarged_pics/GBTallRect10SprySlSh.gif | https://www.bestbottles.com/images/store/enlarged_pics/GBTallRect10WhtSht.gif | https://www.bestbottles.com/images/store/measured/GBTallRect10BlkSht.gif | https://www.bestbottles.com/images/store/measured/GBTallRect10Gl.gif | https://www.bestbottles.com/images/store/measured/GBTallRect10MtlRollBlkDot.gif | https://www.bestbottles.com/images/store/measured/GBTallRect10MtlRollBlkSh.gif | https://www.bestbottles.com/images/store/measured/GBTallRect10MtlRollCuMatt.gif | https://www.bestbottles.com/images/store/measured/GBTallRect10MtlRollGlMatt.gif | https://www.bestbottles.com/images/store/measured/GBTallRect10MtlRollGlSh.gif | https://www.bestbottles.com/images/store/measured/GBTallRect10MtlRollPinkDot.gif | https://www.bestbottles.com/images/store/measured/GBTallRect10MtlRollSlDot.gif | https://www.bestbottles.com/images/store/measured/GBTallRect10MtlRollSlMatt.gif | https://www.bestbottles.com/images/store/measured/GBTallRect10MtlRollSlSh.gif | https://www.bestbottles.com/images/store/measured/GBTallRect10RollBlkDot.gif | https://www.bestbottles.com/images/store/measured/GBTallRect10RollBlkSh.gif | https://www.bestbottles.com/images/store/measured/GBTallRect10RollCuMatt.gif | https://www.bestbottles.com/images/store/measured/GBTallRect10RollGlMatt.gif | https://www.bestbottles.com/images/store/measured/GBTallRect10RollGlSh.gif | https://www.bestbottles.com/images/store/measured/GBTallRect10RollPinkDot.gif | https://www.bestbottles.com/images/store/measured/GBTallRect10RollSlDot.gif | https://www.bestbottles.com/images/store/measured/GBTallRect10RollSlMatt.gif | https://www.bestbottles.com/images/store/measured/GBTallRect10RollSlSh.gif | https://www.bestbottles.com/images/store/measured/GBTallRect10Sl.gif | https://www.bestbottles.com/images/store/measured/GBTallRect10SpryBlkMatt.gif | https://www.bestbottles.com/images/store/measured/GBTallRect10SpryBlkSh.gif | https://www.bestbottles.com/images/store/measured/GBTallRect10SpryBluMatt.gif | https://www.bestbottles.com/images/store/measured/GBTallRect10SpryCuMatt.gif | https://www.bestbottles.com/images/store/measured/GBTallRect10SpryGlMatt.gif | https://www.bestbottles.com/images/store/measured/GBTallRect10SpryGlSh.gif | https://www.bestbottles.com/images/store/measured/GBTallRect10SprySlMatt.gif | https://www.bestbottles.com/images/store/measured/GBTallRect10SprySlSh.gif | https://www.bestbottles.com/images/store/measured/GBTallRect10WhtSht.gif,30,RECTANGLE-10ML-13-415,manual-review-required,P0-TRUTH,missing,measured-body-geometry-only,Resolve catalog geometry/body-color truth before authority creation.,,,convex_widthaxis_corrected_by_site(was=23.0)×30
90,shot__body__rectangle__10ml__50x29x19.0__a73c504d98__clear,body-appearance,body,Rectangle,10,13-415,body__rectangle__10ml__50x29x19.0__a73c504d98,Clear,Glass,,https://www.bestbottles.com/images/store/depthview/GBRect10BlkSht.gif | https://www.bestbottles.com/images/store/depthview/GBRect10Gl.gif | https://www.bestbottles.com/images/store/depthview/GBRect10MtlRollBlkDot.gif | https://www.bestbottles.com/images/store/depthview/GBRect10MtlRollBlkSh.gif | https://www.bestbottles.com/images/store/depthview/GBRect10MtlRollCuMatt.gif | https://www.bestbottles.com/images/store/depthview/GBRect10MtlRollGlMatt.gif | https://www.bestbottles.com/images/store/depthview/GBRect10MtlRollGlSh.gif | https://www.bestbottles.com/images/store/depthview/GBRect10MtlRollPinkDot.gif | https://www.bestbottles.com/images/store/depthview/GBRect10MtlRollSlDot.gif | https://www.bestbottles.com/images/store/depthview/GBRect10MtlRollSlMatt.gif | https://www.bestbottles.com/images/store/depthview/GBRect10MtlRollSlSh.gif | https://www.bestbottles.com/images/store/depthview/GBRect10RollBlkDot.gif | https://www.bestbottles.com/images/store/depthview/GBRect10RollBlkSh.gif | https://www.bestbottles.com/images/store/depthview/GBRect10RollCuMatt.gif | https://www.bestbottles.com/images/store/depthview/GBRect10RollGlMatt.gif | https://www.bestbottles.com/images/store/depthview/GBRect10RollGlSh.gif | https://www.bestbottles.com/images/store/depthview/GBRect10RollPinkDot.gif | https://www.bestbottles.com/images/store/depthview/GBRect10RollSlDot.gif | https://www.bestbottles.com/images/store/depthview/GBRect10RollSlMatt.gif | https://www.bestbottles.com/images/store/depthview/GBRect10RollSlSh.gif | https://www.bestbottles.com/images/store/depthview/GBRect10Sl.gif | https://www.bestbottles.com/images/store/depthview/GBRect10SpryBlkMatt.gif | https://www.bestbottles.com/images/store/depthview/GBRect10SpryBlkSh.gif | https://www.bestbottles.com/images/store/depthview/GBRect10SpryBluMatt.gif | https://www.bestbottles.com/images/store/depthview/GBRect10SpryCuMatt.gif | https://www.bestbottles.com/images/store/depthview/GBRect10SpryGlMatt.gif | https://www.bestbottles.com/images/store/depthview/GBRect10SpryGlSh.gif | https://www.bestbottles.com/images/store/depthview/GBRect10SprySlMatt.gif | https://www.bestbottles.com/images/store/depthview/GBRect10SprySlSh.gif | https://www.bestbottles.com/images/store/depthview/GBRect10WhtSht.gif | https://www.bestbottles.com/images/store/enlarged_pics/GBRect10BlkSht.gif | https://www.bestbottles.com/images/store/enlarged_pics/GBRect10Gl.gif | https://www.bestbottles.com/images/store/enlarged_pics/GBRect10MtlRollBlkDot.gif | https://www.bestbottles.com/images/store/enlarged_pics/GBRect10MtlRollBlkSh.gif | https://www.bestbottles.com/images/store/enlarged_pics/GBRect10MtlRollCuMatt.gif | https://www.bestbottles.com/images/store/enlarged_pics/GBRect10MtlRollGlMatt.gif | https://www.bestbottles.com/images/store/enlarged_pics/GBRect10MtlRollGlSh.gif | https://www.bestbottles.com/images/store/enlarged_pics/GBRect10MtlRollPinkDot.gif | https://www.bestbottles.com/images/store/enlarged_pics/GBRect10MtlRollSlDot.gif | https://www.bestbottles.com/images/store/enlarged_pics/GBRect10MtlRollSlMatt.gif | https://www.bestbottles.com/images/store/enlarged_pics/GBRect10MtlRollSlSh.gif | https://www.bestbottles.com/images/store/enlarged_pics/GBRect10RollBlkDot.gif | https://www.bestbottles.com/images/store/enlarged_pics/GBRect10RollBlkSh.gif | https://www.bestbottles.com/images/store/enlarged_pics/GBRect10RollCuMatt.gif | https://www.bestbottles.com/images/store/enlarged_pics/GBRect10RollGlMatt.gif | https://www.bestbottles.com/images/store/enlarged_pics/GBRect10RollGlSh.gif | https://www.bestbottles.com/images/store/enlarged_pics/GBRect10RollPinkDot.gif | https://www.bestbottles.com/images/store/enlarged_pics/GBRect10RollSlDot.gif | https://www.bestbottles.com/images/store/enlarged_pics/GBRect10RollSlMatt.gif | https://www.bestbottles.com/images/store/enlarged_pics/GBRect10RollSlSh.gif | https://www.bestbottles.com/images/store/enlarged_pics/GBRect10Sl.gif | https://www.bestbottles.com/images/store/enlarged_pics/GBRect10SpryBlkMatt.gif | https://www.bestbottles.com/images/store/enlarged_pics/GBRect10SpryBlkSh.gif | https://www.bestbottles.com/images/store/enlarged_pics/GBRect10SpryBluMatt.gif | https://www.bestbottles.com/images/store/enlarged_pics/GBRect10SpryCuMatt.gif | https://www.bestbottles.com/images/store/enlarged_pics/GBRect10SpryGlMatt.gif | https://www.bestbottles.com/images/store/enlarged_pics/GBRect10SpryGlSh.gif | https://www.bestbottles.com/images/store/enlarged_pics/GBRect10SprySlMatt.gif | https://www.bestbottles.com/images/store/enlarged_pics/GBRect10SprySlSh.gif | https://www.bestbottles.com/images/store/enlarged_pics/GBRect10WhtSht.gif | https://www.bestbottles.com/images/store/measured/GBRect10Gl.gif | https://www.bestbottles.com/images/store/measured/GBRect10MtlRollBlkDot.gif | https://www.bestbottles.com/images/store/measured/GBRect10MtlRollBlkSh.gif | https://www.bestbottles.com/images/store/measured/GBRect10MtlRollCuMatt.gif | https://www.bestbottles.com/images/store/measured/GBRect10MtlRollGlMatt.gif | https://www.bestbottles.com/images/store/measured/GBRect10MtlRollGlSh.gif | https://www.bestbottles.com/images/store/measured/GBRect10MtlRollPinkDot.gif | https://www.bestbottles.com/images/store/measured/GBRect10MtlRollSlDot.gif | https://www.bestbottles.com/images/store/measured/GBRect10MtlRollSlMatt.gif | https://www.bestbottles.com/images/store/measured/GBRect10MtlRollSlSh.gif | https://www.bestbottles.com/images/store/measured/GBRect10RollBlkDot.gif | https://www.bestbottles.com/images/store/measured/GBRect10RollBlkSh.gif | https://www.bestbottles.com/images/store/measured/GBRect10RollCuMatt.gif | https://www.bestbottles.com/images/store/measured/GBRect10RollGlMatt.gif | https://www.bestbottles.com/images/store/measured/GBRect10RollGlSh.gif | https://www.bestbottles.com/images/store/measured/GBRect10RollPinkDot.gif | https://www.bestbottles.com/images/store/measured/GBRect10RollSlDot.gif | https://www.bestbottles.com/images/store/measured/GBRect10RollSlMatt.gif | https://www.bestbottles.com/images/store/measured/GBRect10RollSlSh.gif | https://www.bestbottles.com/images/store/measured/GBRect10Sl.gif | https://www.bestbottles.com/images/store/measured/GBRect10SpryBlkMatt.gif | https://www.bestbottles.com/images/store/measured/GBRect10SpryBlkSh.gif | https://www.bestbottles.com/images/store/measured/GBRect10SpryBluMatt.gif | https://www.bestbottles.com/images/store/measured/GBRect10SpryCuMatt.gif | https://www.bestbottles.com/images/store/measured/GBRect10SpryGlMatt.gif | https://www.bestbottles.com/images/store/measured/GBRect10SpryGlSh.gif | https://www.bestbottles.com/images/store/measured/GBRect10SprySlMatt.gif | https://www.bestbottles.com/images/store/measured/GBRect10SprySlSh.gif | https://www.bestbottles.com/images/store/measured/GBRect10WhtSht.gif,30,RECTANGLE-10ML-13-415,manual-review-required,P0-TRUTH,missing,measured-body-geometry-only,Resolve catalog geometry/body-color truth before authority creation.,,,convex_widthaxis_corrected_by_site(was=23.0)×30
91,shot__body__round__78ml__73x59x59.0__f3c87da5de__clear,body-appearance,body,Round,78,18-415,body__round__78ml__73x59x59.0__f3c87da5de,Clear,Glass,,https://cdn.shopify.com/s/files/1/0739/9420/7524/files/GB-RND-CLR-78ML-RDC-MSLV-01__GBRnd78RdcrMtSl__pdp-main__v001.png?v=1781252101 | https://cdn.shopify.com/s/files/1/0739/9420/7524/files/GB-RND-CLR-78ML-RDC-SBLK-01__GBRnd78RdcrShnBlk__pdp-main__v001.png?v=1781252101 | https://www.bestbottles.com/images/store/depthview/GBRnd78AnSpBlk.gif | https://www.bestbottles.com/images/store/depthview/GBRnd78AnSpGl.gif | https://www.bestbottles.com/images/store/depthview/GBRnd78AnSpIvyGl.gif | https://www.bestbottles.com/images/store/depthview/GBRnd78AnSpIvySl.gif | https://www.bestbottles.com/images/store/depthview/GBRnd78AnSpLvn.gif | https://www.bestbottles.com/images/store/depthview/GBRnd78AnSpMtSl.gif | https://www.bestbottles.com/images/store/depthview/GBRnd78AnSpPnk.gif | https://www.bestbottles.com/images/store/depthview/GBRnd78AnSpRed.gif | https://www.bestbottles.com/images/store/depthview/GBRnd78AnSpTslBlk.gif | https://www.bestbottles.com/images/store/depthview/GBRnd78AnSpTslGl.gif | https://www.bestbottles.com/images/store/depthview/GBRnd78AnSpTslIvyGl.gif | https://www.bestbottles.com/images/store/depthview/GBRnd78AnSpTslIvySl.gif | https://www.bestbottles.com/images/store/depthview/GBRnd78AnSpTslLvn.gif | https://www.bestbottles.com/images/store/depthview/GBRnd78AnSpTslMtSl.gif | https://www.bestbottles.com/images/store/depthview/GBRnd78AnSpTslPnk.gif | https://www.bestbottles.com/images/store/depthview/GBRnd78AnSpTslRed.gif | https://www.bestbottles.com/images/store/depthview/GBRnd78AnSpTslWht.gif | https://www.bestbottles.com/images/store/depthview/GBRnd78AnSpWht.gif | https://www.bestbottles.com/images/store/depthview/GBRnd78RdcrBlkLthr.gif | https://www.bestbottles.com/images/store/depthview/GBRnd78RdcrBrwnLthr.gif | https://www.bestbottles.com/images/store/depthview/GBRnd78RdcrIvyLthr.gif | https://www.bestbottles.com/images/store/depthview/GBRnd78RdcrLBrwnLthr.gif | https://www.bestbottles.com/images/store/depthview/GBRnd78RdcrMtSl.gif | https://www.bestbottles.com/images/store/depthview/GBRnd78RdcrMtSlTall.gif | https://www.bestbottles.com/images/store/depthview/GBRnd78RdcrPnkLthr.gif | https://www.bestbottles.com/images/store/depthview/GBRnd78RdcrShnBlk.gif | https://www.bestbottles.com/images/store/depthview/GBRnd78RdcrShnBlkTall.gif | https://www.bestbottles.com/images/store/depthview/GBRnd78RdcrShnGl.gif | https://www.bestbottles.com/images/store/depthview/GBRnd78RdcrShnSl.gif | https://www.bestbottles.com/images/store/depthview/GBRnd78RdcrWht.gif | https://www.bestbottles.com/images/store/depthview/GBRnd78SpryCu.gif | https://www.bestbottles.com/images/store/depthview/GBRnd78SpryMtGl.gif | https://www.bestbottles.com/images/store/depthview/GBRnd78SpryMtSl.gif | https://www.bestbottles.com/images/store/depthview/GBRnd78SpryShnBlk.gif | https://www.bestbottles.com/images/store/depthview/GBRnd78SpryShnGl.gif | https://www.bestbottles.com/images/store/depthview/GBRnd78SpryShnSl.gif | https://www.bestbottles.com/images/store/depthview/LBRnd78LtnClOvrCap.gif | https://www.bestbottles.com/images/store/depthview/LBRnd78LtnCu.gif | https://www.bestbottles.com/images/store/depthview/LBRnd78LtnMtGl.gif | https://www.bestbottles.com/images/store/depthview/LBRnd78LtnMtSl.gif | https://www.bestbottles.com/images/store/depthview/LBRnd78LtnShnBlk.gif | https://www.bestbottles.com/images/store/depthview/LBRnd78LtnShnGl.gif | https://www.bestbottles.com/images/store/depthview/LBRnd78LtnShnSl.gif | https://www.bestbottles.com/images/store/enlarged_pics/GBRnd78AnSpBlk.gif | https://www.bestbottles.com/images/store/enlarged_pics/GBRnd78AnSpGl.gif | https://www.bestbottles.com/images/store/enlarged_pics/GBRnd78AnSpIvyGl.gif | https://www.bestbottles.com/images/store/enlarged_pics/GBRnd78AnSpIvySl.gif | https://www.bestbottles.com/images/store/enlarged_pics/GBRnd78AnSpLvn.gif | https://www.bestbottles.com/images/store/enlarged_pics/GBRnd78AnSpMtSl.gif | https://www.bestbottles.com/images/store/enlarged_pics/GBRnd78AnSpPnk.gif | https://www.bestbottles.com/images/store/enlarged_pics/GBRnd78AnSpRed.gif | https://www.bestbottles.com/images/store/enlarged_pics/GBRnd78AnSpTslBlk.gif | https://www.bestbottles.com/images/store/enlarged_pics/GBRnd78AnSpTslGl.gif | https://www.bestbottles.com/images/store/enlarged_pics/GBRnd78AnSpTslIvyGl.gif | https://www.bestbottles.com/images/store/enlarged_pics/GBRnd78AnSpTslIvySl.gif | https://www.bestbottles.com/images/store/enlarged_pics/GBRnd78AnSpTslLvn.gif | https://www.bestbottles.com/images/store/enlarged_pics/GBRnd78AnSpTslMtSl.gif | https://www.bestbottles.com/images/store/enlarged_pics/GBRnd78AnSpTslPnk.gif | https://www.bestbottles.com/images/store/enlarged_pics/GBRnd78AnSpTslRed.gif | https://www.bestbottles.com/images/store/enlarged_pics/GBRnd78AnSpTslWht.gif | https://www.bestbottles.com/images/store/enlarged_pics/GBRnd78AnSpWht.gif | https://www.bestbottles.com/images/store/enlarged_pics/GBRnd78RdcrBlkLthr.gif | https://www.bestbottles.com/images/store/enlarged_pics/GBRnd78RdcrBrwnLthr.gif | https://www.bestbottles.com/images/store/enlarged_pics/GBRnd78RdcrIvyLthr.gif | https://www.bestbottles.com/images/store/enlarged_pics/GBRnd78RdcrLBrwnLthr.gif | https://www.bestbottles.com/images/store/enlarged_pics/GBRnd78RdcrMtSl.gif | https://www.bestbottles.com/images/store/enlarged_pics/GBRnd78RdcrMtSlTall.gif | https://www.bestbottles.com/images/store/enlarged_pics/GBRnd78RdcrPnkLthr.gif | https://www.bestbottles.com/images/store/enlarged_pics/GBRnd78RdcrShnBlk.gif | https://www.bestbottles.com/images/store/enlarged_pics/GBRnd78RdcrShnBlkTall.gif | https://www.bestbottles.com/images/store/enlarged_pics/GBRnd78RdcrShnGl.gif | https://www.bestbottles.com/images/store/enlarged_pics/GBRnd78RdcrShnSl.gif | https://www.bestbottles.com/images/store/enlarged_pics/GBRnd78RdcrWht.gif | https://www.bestbottles.com/images/store/enlarged_pics/GBRnd78SpryCu.gif | https://www.bestbottles.com/images/store/enlarged_pics/GBRnd78SpryMtGl.gif | https://www.bestbottles.com/images/store/enlarged_pics/GBRnd78SpryMtSl.gif | https://www.bestbottles.com/images/store/enlarged_pics/GBRnd78SpryShnBlk.gif | https://www.bestbottles.com/images/store/enlarged_pics/GBRnd78SpryShnGl.gif | https://www.bestbottles.com/images/store/enlarged_pics/GBRnd78SpryShnSl.gif | https://www.bestbottles.com/images/store/enlarged_pics/LBRnd78LtnClOvrCap.gif | https://www.bestbottles.com/images/store/enlarged_pics/LBRnd78LtnCu.gif | https://www.bestbottles.com/images/store/enlarged_pics/LBRnd78LtnMtGl.gif | https://www.bestbottles.com/images/store/enlarged_pics/LBRnd78LtnMtSl.gif | https://www.bestbottles.com/images/store/enlarged_pics/LBRnd78LtnShnBlk.gif | https://www.bestbottles.com/images/store/enlarged_pics/LBRnd78LtnShnGl.gif | https://www.bestbottles.com/images/store/enlarged_pics/LBRnd78LtnShnSl.gif | https://www.bestbottles.com/images/store/measured/GBRnd78AnSpBlk.gif | https://www.bestbottles.com/images/store/measured/GBRnd78AnSpGl.gif | https://www.bestbottles.com/images/store/measured/GBRnd78AnSpIvyGl.gif | https://www.bestbottles.com/images/store/measured/GBRnd78AnSpIvySl.gif | https://www.bestbottles.com/images/store/measured/GBRnd78AnSpLvn.gif | https://www.bestbottles.com/images/store/measured/GBRnd78AnSpMtSl.gif | https://www.bestbottles.com/images/store/measured/GBRnd78AnSpPnk.gif | https://www.bestbottles.com/images/store/measured/GBRnd78AnSpRed.gif | https://www.bestbottles.com/images/store/measured/GBRnd78AnSpTslBlk.gif | https://www.bestbottles.com/images/store/measured/GBRnd78AnSpTslGl.gif | https://www.bestbottles.com/images/store/measured/GBRnd78AnSpTslIvyGl.gif | https://www.bestbottles.com/images/store/measured/GBRnd78AnSpTslIvySl.gif | https://www.bestbottles.com/images/store/measured/GBRnd78AnSpTslLvn.gif | https://www.bestbottles.com/images/store/measured/GBRnd78AnSpTslMtSl.gif | https://www.bestbottles.com/images/store/measured/GBRnd78AnSpTslPnk.gif | https://www.bestbottles.com/images/store/measured/GBRnd78AnSpTslRed.gif | https://www.bestbottles.com/images/store/measured/GBRnd78AnSpTslWht.gif | https://www.bestbottles.com/images/store/measured/GBRnd78AnSpWht.gif | https://www.bestbottles.com/images/store/measured/GBRnd78RdcrBlkLthr.gif | https://www.bestbottles.com/images/store/measured/GBRnd78RdcrBrwnLthr.gif | https://www.bestbottles.com/images/store/measured/GBRnd78RdcrIvyLthr.gif | https://www.bestbottles.com/images/store/measured/GBRnd78RdcrLBrwnLthr.gif | https://www.bestbottles.com/images/store/measured/GBRnd78RdcrMtSl.gif | https://www.bestbottles.com/images/store/measured/GBRnd78RdcrMtSlTall.gif | https://www.bestbottles.com/images/store/measured/GBRnd78RdcrPnkLthr.gif | https://www.bestbottles.com/images/store/measured/GBRnd78RdcrShnBlk.gif | https://www.bestbottles.com/images/store/measured/GBRnd78RdcrShnBlkTall.gif | https://www.bestbottles.com/images/store/measured/GBRnd78RdcrShnGl.gif | https://www.bestbottles.com/images/store/measured/GBRnd78RdcrShnSl.gif | https://www.bestbottles.com/images/store/measured/GBRnd78RdcrWht.gif | https://www.bestbottles.com/images/store/measured/GBRnd78SpryCu.gif | https://www.bestbottles.com/images/store/measured/GBRnd78SpryMtGl.gif | https://www.bestbottles.com/images/store/measured/GBRnd78SpryMtSl.gif | https://www.bestbottles.com/images/store/measured/GBRnd78SpryShnBlk.gif | https://www.bestbottles.com/images/store/measured/GBRnd78SpryShnGl.gif | https://www.bestbottles.com/images/store/measured/GBRnd78SpryShnSl.gif | https://www.bestbottles.com/images/store/measured/LBRnd78LtnClOvrCap.gif | https://www.bestbottles.com/images/store/measured/LBRnd78LtnCu.gif | https://www.bestbottles.com/images/store/measured/LBRnd78LtnMtGl.gif | https://www.bestbottles.com/images/store/measured/LBRnd78LtnMtSl.gif | https://www.bestbottles.com/images/store/measured/LBRnd78LtnShnBlk.gif | https://www.bestbottles.com/images/store/measured/LBRnd78LtnShnGl.gif | https://www.bestbottles.com/images/store/measured/LBRnd78LtnShnSl.gif,43,ROUND-78ML-18-415,manual-review-required,P0-TRUTH,missing,measured-body-geometry-only,Resolve catalog geometry/body-color truth before authority creation.,,,d:group_outlier_unresolved×2 | h:group_outlier_unresolved×2 | convex_height_corrected_by_site(was=100.0)×2 | convex_widthaxis_corrected_by_site(was=75.0)×2
92,shot__body__round__78ml__73x59x59.0__f3c87da5de__frosted,body-appearance,body,Round,78,18-415,body__round__78ml__73x59x59.0__f3c87da5de,Frosted,Glass,,https://cdn.shopify.com/s/files/1/0739/9420/7524/files/GB-RND-FRS-78ML-RDC-MSLV-01__GBRndFrst78RdcrMtSl__pdp-main__v001.png?v=1781251561 | https://cdn.shopify.com/s/files/1/0739/9420/7524/files/GB-RND-FRS-78ML-RDC-SBLK-01__GBRndFrst78RdcrShnBlk__pdp-main__v001.png?v=1781251561 | https://www.bestbottles.com/images/store/depthview/GBRndFrst78AnSpBlk.gif | https://www.bestbottles.com/images/store/depthview/GBRndFrst78AnSpGl.gif | https://www.bestbottles.com/images/store/depthview/GBRndFrst78AnSpIvyGl.gif | https://www.bestbottles.com/images/store/depthview/GBRndFrst78AnSpIvySl.gif | https://www.bestbottles.com/images/store/depthview/GBRndFrst78AnSpLvn.gif | https://www.bestbottles.com/images/store/depthview/GBRndFrst78AnSpMtSl.gif | https://www.bestbottles.com/images/store/depthview/GBRndFrst78AnSpPnk.gif | https://www.bestbottles.com/images/store/depthview/GBRndFrst78AnSpRed.gif | https://www.bestbottles.com/images/store/depthview/GBRndFrst78AnSpTslBlk.gif | https://www.bestbottles.com/images/store/depthview/GBRndFrst78AnSpTslGl.gif | https://www.bestbottles.com/images/store/depthview/GBRndFrst78AnSpTslIvyGl.gif | https://www.bestbottles.com/images/store/depthview/GBRndFrst78AnSpTslIvySl.gif | https://www.bestbottles.com/images/store/depthview/GBRndFrst78AnSpTslLvn.gif | https://www.bestbottles.com/images/store/depthview/GBRndFrst78AnSpTslMtSl.gif | https://www.bestbottles.com/images/store/depthview/GBRndFrst78AnSpTslPnk.gif | https://www.bestbottles.com/images/store/depthview/GBRndFrst78AnSpTslRed.gif | https://www.bestbottles.com/images/store/depthview/GBRndFrst78AnSpTslWht.gif | https://www.bestbottles.com/images/store/depthview/GBRndFrst78AnSpWht.gif | https://www.bestbottles.com/images/store/depthview/GBRndFrst78RdcrBlkLthr.gif | https://www.bestbottles.com/images/store/depthview/GBRndFrst78RdcrBrwnLthr.gif | https://www.bestbottles.com/images/store/depthview/GBRndFrst78RdcrIvyLthr.gif | https://www.bestbottles.com/images/store/depthview/GBRndFrst78RdcrLBrwnLthr.gif | https://www.bestbottles.com/images/store/depthview/GBRndFrst78RdcrMtSl.gif | https://www.bestbottles.com/images/store/depthview/GBRndFrst78RdcrMtSlTall.gif | https://www.bestbottles.com/images/store/depthview/GBRndFrst78RdcrPnkLthr.gif | https://www.bestbottles.com/images/store/depthview/GBRndFrst78RdcrShnBlk.gif | https://www.bestbottles.com/images/store/depthview/GBRndFrst78RdcrShnBlkTall.gif | https://www.bestbottles.com/images/store/depthview/GBRndFrst78RdcrShnGl.gif | https://www.bestbottles.com/images/store/depthview/GBRndFrst78RdcrShnSl.gif | https://www.bestbottles.com/images/store/depthview/GBRndFrst78RdcrWht.gif | https://www.bestbottles.com/images/store/depthview/GBRndFrst78SpryCu.gif | https://www.bestbottles.com/images/store/depthview/GBRndFrst78SpryMtGl.gif | https://www.bestbottles.com/images/store/depthview/GBRndFrst78SpryMtSl.gif | https://www.bestbottles.com/images/store/depthview/GBRndFrst78SpryShnBlk.gif | https://www.bestbottles.com/images/store/depthview/GBRndFrst78SpryShnGl.gif | https://www.bestbottles.com/images/store/depthview/GBRndFrst78SpryShnSl.gif | https://www.bestbottles.com/images/store/depthview/LBRndFrst78LtnClOvrCap.gif | https://www.bestbottles.com/images/store/depthview/LBRndFrst78LtnCu.gif | https://www.bestbottles.com/images/store/depthview/LBRndFrst78LtnMtGl.gif | https://www.bestbottles.com/images/store/depthview/LBRndFrst78LtnMtSl.gif | https://www.bestbottles.com/images/store/depthview/LBRndFrst78LtnShnBlk.gif | https://www.bestbottles.com/images/store/depthview/LBRndFrst78LtnShnGl.gif | https://www.bestbottles.com/images/store/depthview/LBRndFrst78LtnShnSl.gif | https://www.bestbottles.com/images/store/enlarged_pics/GBRndFrst78AnSpBlk.gif | https://www.bestbottles.com/images/store/enlarged_pics/GBRndFrst78AnSpGl.gif | https://www.bestbottles.com/images/store/enlarged_pics/GBRndFrst78AnSpIvyGl.gif | https://www.bestbottles.com/images/store/enlarged_pics/GBRndFrst78AnSpIvySl.gif | https://www.bestbottles.com/images/store/enlarged_pics/GBRndFrst78AnSpLvn.gif | https://www.bestbottles.com/images/store/enlarged_pics/GBRndFrst78AnSpMtSl.gif | https://www.bestbottles.com/images/store/enlarged_pics/GBRndFrst78AnSpPnk.gif | https://www.bestbottles.com/images/store/enlarged_pics/GBRndFrst78AnSpRed.gif | https://www.bestbottles.com/images/store/enlarged_pics/GBRndFrst78AnSpTslBlk.gif | https://www.bestbottles.com/images/store/enlarged_pics/GBRndFrst78AnSpTslGl.gif | https://www.bestbottles.com/images/store/enlarged_pics/GBRndFrst78AnSpTslIvyGl.gif | https://www.bestbottles.com/images/store/enlarged_pics/GBRndFrst78AnSpTslIvySl.gif | https://www.bestbottles.com/images/store/enlarged_pics/GBRndFrst78AnSpTslLvn.gif | https://www.bestbottles.com/images/store/enlarged_pics/GBRndFrst78AnSpTslMtSl.gif | https://www.bestbottles.com/images/store/enlarged_pics/GBRndFrst78AnSpTslPnk.gif | https://www.bestbottles.com/images/store/enlarged_pics/GBRndFrst78AnSpTslRed.gif | https://www.bestbottles.com/images/store/enlarged_pics/GBRndFrst78AnSpTslWht.gif | https://www.bestbottles.com/images/store/enlarged_pics/GBRndFrst78AnSpWht.gif | https://www.bestbottles.com/images/store/enlarged_pics/GBRndFrst78RdcrBlkLthr.gif | https://www.bestbottles.com/images/store/enlarged_pics/GBRndFrst78RdcrBrwnLthr.gif | https://www.bestbottles.com/images/store/enlarged_pics/GBRndFrst78RdcrIvyLthr.gif | https://www.bestbottles.com/images/store/enlarged_pics/GBRndFrst78RdcrLBrwnLthr.gif | https://www.bestbottles.com/images/store/enlarged_pics/GBRndFrst78RdcrMtSl.gif | https://www.bestbottles.com/images/store/enlarged_pics/GBRndFrst78RdcrMtSlTall.gif | https://www.bestbottles.com/images/store/enlarged_pics/GBRndFrst78RdcrPnkLthr.gif | https://www.bestbottles.com/images/store/enlarged_pics/GBRndFrst78RdcrShnBlk.gif | https://www.bestbottles.com/images/store/enlarged_pics/GBRndFrst78RdcrShnBlkTall.gif | https://www.bestbottles.com/images/store/enlarged_pics/GBRndFrst78RdcrShnGl.gif | https://www.bestbottles.com/images/store/enlarged_pics/GBRndFrst78RdcrShnSl.gif | https://www.bestbottles.com/images/store/enlarged_pics/GBRndFrst78RdcrWht.gif | https://www.bestbottles.com/images/store/enlarged_pics/GBRndFrst78SpryCu.gif | https://www.bestbottles.com/images/store/enlarged_pics/GBRndFrst78SpryMtGl.gif | https://www.bestbottles.com/images/store/enlarged_pics/GBRndFrst78SpryMtSl.gif | https://www.bestbottles.com/images/store/enlarged_pics/GBRndFrst78SpryShnBlk.gif | https://www.bestbottles.com/images/store/enlarged_pics/GBRndFrst78SpryShnGl.gif | https://www.bestbottles.com/images/store/enlarged_pics/GBRndFrst78SpryShnSl.gif | https://www.bestbottles.com/images/store/enlarged_pics/LBRndFrst78LtnClOvrCap.gif | https://www.bestbottles.com/images/store/enlarged_pics/LBRndFrst78LtnCu.gif | https://www.bestbottles.com/images/store/enlarged_pics/LBRndFrst78LtnMtGl.gif | https://www.bestbottles.com/images/store/enlarged_pics/LBRndFrst78LtnMtSl.gif | https://www.bestbottles.com/images/store/enlarged_pics/LBRndFrst78LtnShnBlk.gif | https://www.bestbottles.com/images/store/enlarged_pics/LBRndFrst78LtnShnGl.gif | https://www.bestbottles.com/images/store/enlarged_pics/LBRndFrst78LtnShnSl.gif | https://www.bestbottles.com/images/store/measured/GBRndFrst78AnSpBlk.gif | https://www.bestbottles.com/images/store/measured/GBRndFrst78AnSpGl.gif | https://www.bestbottles.com/images/store/measured/GBRndFrst78AnSpIvyGl.gif | https://www.bestbottles.com/images/store/measured/GBRndFrst78AnSpIvySl.gif | https://www.bestbottles.com/images/store/measured/GBRndFrst78AnSpLvn.gif | https://www.bestbottles.com/images/store/measured/GBRndFrst78AnSpMtSl.gif | https://www.bestbottles.com/images/store/measured/GBRndFrst78AnSpPnk.gif | https://www.bestbottles.com/images/store/measured/GBRndFrst78AnSpRed.gif | https://www.bestbottles.com/images/store/measured/GBRndFrst78AnSpTslBlk.gif | https://www.bestbottles.com/images/store/measured/GBRndFrst78AnSpTslGl.gif | https://www.bestbottles.com/images/store/measured/GBRndFrst78AnSpTslIvyGl.gif | https://www.bestbottles.com/images/store/measured/GBRndFrst78AnSpTslIvySl.gif | https://www.bestbottles.com/images/store/measured/GBRndFrst78AnSpTslLvn.gif | https://www.bestbottles.com/images/store/measured/GBRndFrst78AnSpTslMtSl.gif | https://www.bestbottles.com/images/store/measured/GBRndFrst78AnSpTslPnk.gif | https://www.bestbottles.com/images/store/measured/GBRndFrst78AnSpTslRed.gif | https://www.bestbottles.com/images/store/measured/GBRndFrst78AnSpTslWht.gif | https://www.bestbottles.com/images/store/measured/GBRndFrst78AnSpWht.gif | https://www.bestbottles.com/images/store/measured/GBRndFrst78RdcrBlkLthr.gif | https://www.bestbottles.com/images/store/measured/GBRndFrst78RdcrBrwnLthr.gif | https://www.bestbottles.com/images/store/measured/GBRndFrst78RdcrIvyLthr.gif | https://www.bestbottles.com/images/store/measured/GBRndFrst78RdcrLBrwnLthr.gif | https://www.bestbottles.com/images/store/measured/GBRndFrst78RdcrMtSl.gif | https://www.bestbottles.com/images/store/measured/GBRndFrst78RdcrMtSlTall.gif | https://www.bestbottles.com/images/store/measured/GBRndFrst78RdcrPnkLthr.gif | https://www.bestbottles.com/images/store/measured/GBRndFrst78RdcrShnBlk.gif | https://www.bestbottles.com/images/store/measured/GBRndFrst78RdcrShnBlkTall.gif | https://www.bestbottles.com/images/store/measured/GBRndFrst78RdcrShnGl.gif | https://www.bestbottles.com/images/store/measured/GBRndFrst78RdcrShnSl.gif | https://www.bestbottles.com/images/store/measured/GBRndFrst78RdcrWht.gif | https://www.bestbottles.com/images/store/measured/GBRndFrst78SpryCu.gif | https://www.bestbottles.com/images/store/measured/GBRndFrst78SpryMtGl.gif | https://www.bestbottles.com/images/store/measured/GBRndFrst78SpryMtSl.gif | https://www.bestbottles.com/images/store/measured/GBRndFrst78SpryShnBlk.gif | https://www.bestbottles.com/images/store/measured/GBRndFrst78SpryShnGl.gif | https://www.bestbottles.com/images/store/measured/GBRndFrst78SpryShnSl.gif | https://www.bestbottles.com/images/store/measured/LBRndFrst78LtnClOvrCap.gif | https://www.bestbottles.com/images/store/measured/LBRndFrst78LtnCu.gif | https://www.bestbottles.com/images/store/measured/LBRndFrst78LtnMtGl.gif | https://www.bestbottles.com/images/store/measured/LBRndFrst78LtnMtSl.gif | https://www.bestbottles.com/images/store/measured/LBRndFrst78LtnShnBlk.gif | https://www.bestbottles.com/images/store/measured/LBRndFrst78LtnShnGl.gif | https://www.bestbottles.com/images/store/measured/LBRndFrst78LtnShnSl.gif,43,ROUND-78ML-18-415,manual-review-required,P0-TRUTH,missing,measured-body-geometry-only,Resolve catalog geometry/body-color truth before authority creation.,,,d:group_outlier_unresolved×2 | h:group_outlier_unresolved×2 | convex_height_corrected_by_site(was=100.0)×2 | convex_widthaxis_corrected_by_site(was=75.0)×2
93,shot__body__round__128ml__83x69x69.0__61a2fba7b7__clear,body-appearance,body,Round,128,18-415,body__round__128ml__83x69x69.0__61a2fba7b7,Clear,Glass,,https://cdn.shopify.com/s/files/1/0739/9420/7524/files/master_corrected_1780332873704_gmw5pb.png?v=1780700766 | https://cdn.shopify.com/s/files/1/0739/9420/7524/files/master_corrected_1780333230874_3kmzkv.png?v=1780700744 | https://www.bestbottles.com/images/store/depthview/GBRnd128AnSpBlk.gif | https://www.bestbottles.com/images/store/depthview/GBRnd128AnSpGl.gif | https://www.bestbottles.com/images/store/depthview/GBRnd128AnSpIvyGl.gif | https://www.bestbottles.com/images/store/depthview/GBRnd128AnSpIvySl.gif | https://www.bestbottles.com/images/store/depthview/GBRnd128AnSpLvn.gif | https://www.bestbottles.com/images/store/depthview/GBRnd128AnSpMtSl.gif | https://www.bestbottles.com/images/store/depthview/GBRnd128AnSpPnk.gif | https://www.bestbottles.com/images/store/depthview/GBRnd128AnSpRed.gif | https://www.bestbottles.com/images/store/depthview/GBRnd128AnSpTslBlk.gif | https://www.bestbottles.com/images/store/depthview/GBRnd128AnSpTslGl.gif | https://www.bestbottles.com/images/store/depthview/GBRnd128AnSpTslIvyGl.gif | https://www.bestbottles.com/images/store/depthview/GBRnd128AnSpTslIvySl.gif | https://www.bestbottles.com/images/store/depthview/GBRnd128AnSpTslLvn.gif | https://www.bestbottles.com/images/store/depthview/GBRnd128AnSpTslMtSl.gif | https://www.bestbottles.com/images/store/depthview/GBRnd128AnSpTslPnk.gif | https://www.bestbottles.com/images/store/depthview/GBRnd128AnSpTslRed.gif | https://www.bestbottles.com/images/store/depthview/GBRnd128AnSpTslWht.gif | https://www.bestbottles.com/images/store/depthview/GBRnd128AnSpWht.gif | https://www.bestbottles.com/images/store/depthview/GBRnd128DrpCu.gif | https://www.bestbottles.com/images/store/depthview/GBRnd128RdcrBlkLthr.gif | https://www.bestbottles.com/images/store/depthview/GBRnd128RdcrBrwnLthr.gif | https://www.bestbottles.com/images/store/depthview/GBRnd128RdcrIvyLthr.gif | https://www.bestbottles.com/images/store/depthview/GBRnd128RdcrLBrwnLthr.gif | https://www.bestbottles.com/images/store/depthview/GBRnd128RdcrMtSl.gif | https://www.bestbottles.com/images/store/depthview/GBRnd128RdcrMtSlTall.gif | https://www.bestbottles.com/images/store/depthview/GBRnd128RdcrPnkLthr.gif | https://www.bestbottles.com/images/store/depthview/GBRnd128RdcrShnBlk.gif | https://www.bestbottles.com/images/store/depthview/GBRnd128RdcrShnBlkTall.gif | https://www.bestbottles.com/images/store/depthview/GBRnd128RdcrShnGl.gif | https://www.bestbottles.com/images/store/depthview/GBRnd128RdcrShnSl.gif | https://www.bestbottles.com/images/store/depthview/GBRnd128RdcrWht.gif | https://www.bestbottles.com/images/store/depthview/GBRnd128SpryCu.gif | https://www.bestbottles.com/images/store/depthview/GBRnd128SpryMtGl.gif | https://www.bestbottles.com/images/store/depthview/GBRnd128SpryMtSl.gif | https://www.bestbottles.com/images/store/depthview/GBRnd128SpryShnBlk.gif | https://www.bestbottles.com/images/store/depthview/GBRnd128SpryShnGl.gif | https://www.bestbottles.com/images/store/depthview/GBRnd128SpryShnSl.gif | https://www.bestbottles.com/images/store/depthview/LBRnd128LtnClOvrCap.gif | https://www.bestbottles.com/images/store/depthview/LBRnd128LtnCu.gif | https://www.bestbottles.com/images/store/depthview/LBRnd128LtnMtGl.gif | https://www.bestbottles.com/images/store/depthview/LBRnd128LtnMtSl.gif | https://www.bestbottles.com/images/store/depthview/LBRnd128LtnShnBlk.gif | https://www.bestbottles.com/images/store/depthview/LBRnd128LtnShnGl.gif | https://www.bestbottles.com/images/store/depthview/LBRnd128LtnShnSl.gif | https://www.bestbottles.com/images/store/enlarged_pics/GBRnd128AnSpBlk.gif | https://www.bestbottles.com/images/store/enlarged_pics/GBRnd128AnSpGl.gif | https://www.bestbottles.com/images/store/enlarged_pics/GBRnd128AnSpIvyGl.gif | https://www.bestbottles.com/images/store/enlarged_pics/GBRnd128AnSpIvySl.gif | https://www.bestbottles.com/images/store/enlarged_pics/GBRnd128AnSpLvn.gif | https://www.bestbottles.com/images/store/enlarged_pics/GBRnd128AnSpMtSl.gif | https://www.bestbottles.com/images/store/enlarged_pics/GBRnd128AnSpPnk.gif | https://www.bestbottles.com/images/store/enlarged_pics/GBRnd128AnSpRed.gif | https://www.bestbottles.com/images/store/enlarged_pics/GBRnd128AnSpTslBlk.gif | https://www.bestbottles.com/images/store/enlarged_pics/GBRnd128AnSpTslGl.gif | https://www.bestbottles.com/images/store/enlarged_pics/GBRnd128AnSpTslIvyGl.gif | https://www.bestbottles.com/images/store/enlarged_pics/GBRnd128AnSpTslIvySl.gif | https://www.bestbottles.com/images/store/enlarged_pics/GBRnd128AnSpTslLvn.gif | https://www.bestbottles.com/images/store/enlarged_pics/GBRnd128AnSpTslMtSl.gif | https://www.bestbottles.com/images/store/enlarged_pics/GBRnd128AnSpTslPnk.gif | https://www.bestbottles.com/images/store/enlarged_pics/GBRnd128AnSpTslRed.gif | https://www.bestbottles.com/images/store/enlarged_pics/GBRnd128AnSpTslWht.gif | https://www.bestbottles.com/images/store/enlarged_pics/GBRnd128AnSpWht.gif | https://www.bestbottles.com/images/store/enlarged_pics/GBRnd128DrpCu.gif | https://www.bestbottles.com/images/store/enlarged_pics/GBRnd128RdcrBlkLthr.gif | https://www.bestbottles.com/images/store/enlarged_pics/GBRnd128RdcrBrwnLthr.gif | https://www.bestbottles.com/images/store/enlarged_pics/GBRnd128RdcrIvyLthr.gif | https://www.bestbottles.com/images/store/enlarged_pics/GBRnd128RdcrLBrwnLthr.gif | https://www.bestbottles.com/images/store/enlarged_pics/GBRnd128RdcrMtSl.gif | https://www.bestbottles.com/images/store/enlarged_pics/GBRnd128RdcrMtSlTall.gif | https://www.bestbottles.com/images/store/enlarged_pics/GBRnd128RdcrPnkLthr.gif | https://www.bestbottles.com/images/store/enlarged_pics/GBRnd128RdcrShnBlk.gif | https://www.bestbottles.com/images/store/enlarged_pics/GBRnd128RdcrShnBlkTall.gif | https://www.bestbottles.com/images/store/enlarged_pics/GBRnd128RdcrShnGl.gif | https://www.bestbottles.com/images/store/enlarged_pics/GBRnd128RdcrShnSl.gif | https://www.bestbottles.com/images/store/enlarged_pics/GBRnd128RdcrWht.gif | https://www.bestbottles.com/images/store/enlarged_pics/GBRnd128SpryCu.gif | https://www.bestbottles.com/images/store/enlarged_pics/GBRnd128SpryMtGl.gif | https://www.bestbottles.com/images/store/enlarged_pics/GBRnd128SpryMtSl.gif | https://www.bestbottles.com/images/store/enlarged_pics/GBRnd128SpryShnBlk.gif | https://www.bestbottles.com/images/store/enlarged_pics/GBRnd128SpryShnGl.gif | https://www.bestbottles.com/images/store/enlarged_pics/GBRnd128SpryShnSl.gif | https://www.bestbottles.com/images/store/enlarged_pics/LBRnd128LtnClOvrCap.gif | https://www.bestbottles.com/images/store/enlarged_pics/LBRnd128LtnCu.gif | https://www.bestbottles.com/images/store/enlarged_pics/LBRnd128LtnMtGl.gif | https://www.bestbottles.com/images/store/enlarged_pics/LBRnd128LtnMtSl.gif | https://www.bestbottles.com/images/store/enlarged_pics/LBRnd128LtnShnBlk.gif | https://www.bestbottles.com/images/store/enlarged_pics/LBRnd128LtnShnGl.gif | https://www.bestbottles.com/images/store/enlarged_pics/LBRnd128LtnShnSl.gif | https://www.bestbottles.com/images/store/measured/GBRnd128AnSpBlk.gif | https://www.bestbottles.com/images/store/measured/GBRnd128AnSpGl.gif | https://www.bestbottles.com/images/store/measured/GBRnd128AnSpIvyGl.gif | https://www.bestbottles.com/images/store/measured/GBRnd128AnSpIvySl.gif | https://www.bestbottles.com/images/store/measured/GBRnd128AnSpLvn.gif | https://www.bestbottles.com/images/store/measured/GBRnd128AnSpMtSl.gif | https://www.bestbottles.com/images/store/measured/GBRnd128AnSpPnk.gif | https://www.bestbottles.com/images/store/measured/GBRnd128AnSpRed.gif | https://www.bestbottles.com/images/store/measured/GBRnd128AnSpTslBlk.gif | https://www.bestbottles.com/images/store/measured/GBRnd128AnSpTslGl.gif | https://www.bestbottles.com/images/store/measured/GBRnd128AnSpTslIvyGl.gif | https://www.bestbottles.com/images/store/measured/GBRnd128AnSpTslIvySl.gif | https://www.bestbottles.com/images/store/measured/GBRnd128AnSpTslLvn.gif | https://www.bestbottles.com/images/store/measured/GBRnd128AnSpTslMtSl.gif | https://www.bestbottles.com/images/store/measured/GBRnd128AnSpTslPnk.gif | https://www.bestbottles.com/images/store/measured/GBRnd128AnSpTslRed.gif | https://www.bestbottles.com/images/store/measured/GBRnd128AnSpTslWht.gif | https://www.bestbottles.com/images/store/measured/GBRnd128AnSpWht.gif | https://www.bestbottles.com/images/store/measured/GBRnd128DrpCu.gif | https://www.bestbottles.com/images/store/measured/GBRnd128RdcrBlkLthr.gif | https://www.bestbottles.com/images/store/measured/GBRnd128RdcrBrwnLthr.gif | https://www.bestbottles.com/images/store/measured/GBRnd128RdcrIvyLthr.gif | https://www.bestbottles.com/images/store/measured/GBRnd128RdcrLBrwnLthr.gif | https://www.bestbottles.com/images/store/measured/GBRnd128RdcrMtSl.gif | https://www.bestbottles.com/images/store/measured/GBRnd128RdcrMtSlTall.gif | https://www.bestbottles.com/images/store/measured/GBRnd128RdcrPnkLthr.gif | https://www.bestbottles.com/images/store/measured/GBRnd128RdcrShnBlk.gif | https://www.bestbottles.com/images/store/measured/GBRnd128RdcrShnBlkTall.gif | https://www.bestbottles.com/images/store/measured/GBRnd128RdcrShnGl.gif | https://www.bestbottles.com/images/store/measured/GBRnd128RdcrShnSl.gif | https://www.bestbottles.com/images/store/measured/GBRnd128RdcrWht.gif | https://www.bestbottles.com/images/store/measured/GBRnd128SpryCu.gif | https://www.bestbottles.com/images/store/measured/GBRnd128SpryMtGl.gif | https://www.bestbottles.com/images/store/measured/GBRnd128SpryMtSl.gif | https://www.bestbottles.com/images/store/measured/GBRnd128SpryShnBlk.gif | https://www.bestbottles.com/images/store/measured/GBRnd128SpryShnGl.gif | https://www.bestbottles.com/images/store/measured/GBRnd128SpryShnSl.gif | https://www.bestbottles.com/images/store/measured/LBRnd128LtnClOvrCap.gif | https://www.bestbottles.com/images/store/measured/LBRnd128LtnCu.gif | https://www.bestbottles.com/images/store/measured/LBRnd128LtnMtGl.gif | https://www.bestbottles.com/images/store/measured/LBRnd128LtnMtSl.gif | https://www.bestbottles.com/images/store/measured/LBRnd128LtnShnBlk.gif | https://www.bestbottles.com/images/store/measured/LBRnd128LtnShnGl.gif | https://www.bestbottles.com/images/store/measured/LBRnd128LtnShnSl.gif,44,ROUND-128ML-18-415,manual-review-required,P0-TRUTH,missing,measured-body-geometry-only,Resolve catalog geometry/body-color truth before authority creation.,,,d:group_outlier_unresolved×3 | convex_widthaxis_corrected_by_site(was=85.0)×3 | h:group_outlier_unresolved×2 | convex_height_corrected_by_site(was=110.0)×2 | hc:inch_conversion_artifact×1 | convex_height_corrected_by_site(was=78.7)×1
94,shot__body__round__128ml__83x69x69.0__61a2fba7b7__frosted,body-appearance,body,Round,128,18-415,body__round__128ml__83x69x69.0__61a2fba7b7,Frosted,Glass,,https://cdn.shopify.com/s/files/1/0739/9420/7524/files/GB-RND-FRS-128ML-RDC-MSLV-01__GBRndFrst128RdcrMtSl__pdp-main__v001.png?v=1781252173 | https://cdn.shopify.com/s/files/1/0739/9420/7524/files/GB-RND-FRS-128ML-RDC-SBLK-01__GBRndFrst128RdcrShnBlk__pdp-main__v001.png?v=1781252173 | https://www.bestbottles.com/images/store/depthview/GBRndFrst128AnSpBlk.gif | https://www.bestbottles.com/images/store/depthview/GBRndFrst128AnSpGl.gif | https://www.bestbottles.com/images/store/depthview/GBRndFrst128AnSpIvyGl.gif | https://www.bestbottles.com/images/store/depthview/GBRndFrst128AnSpIvySl.gif | https://www.bestbottles.com/images/store/depthview/GBRndFrst128AnSpLvn.gif | https://www.bestbottles.com/images/store/depthview/GBRndFrst128AnSpMtSl.gif | https://www.bestbottles.com/images/store/depthview/GBRndFrst128AnSpPnk.gif | https://www.bestbottles.com/images/store/depthview/GBRndFrst128AnSpRed.gif | https://www.bestbottles.com/images/store/depthview/GBRndFrst128AnSpTslBlk.gif | https://www.bestbottles.com/images/store/depthview/GBRndFrst128AnSpTslGl.gif | https://www.bestbottles.com/images/store/depthview/GBRndFrst128AnSpTslIvyGl.gif | https://www.bestbottles.com/images/store/depthview/GBRndFrst128AnSpTslIvySl.gif | https://www.bestbottles.com/images/store/depthview/GBRndFrst128AnSpTslLvn.gif | https://www.bestbottles.com/images/store/depthview/GBRndFrst128AnSpTslMtSl.gif | https://www.bestbottles.com/images/store/depthview/GBRndFrst128AnSpTslPnk.gif | https://www.bestbottles.com/images/store/depthview/GBRndFrst128AnSpTslRed.gif | https://www.bestbottles.com/images/store/depthview/GBRndFrst128AnSpTslWht.gif | https://www.bestbottles.com/images/store/depthview/GBRndFrst128AnSpWht.gif | https://www.bestbottles.com/images/store/depthview/GBRndFrst128DrpCu.gif | https://www.bestbottles.com/images/store/depthview/GBRndFrst128DrpGl.gif | https://www.bestbottles.com/images/store/depthview/GBRndFrst128RdcrBlkLthr.gif | https://www.bestbottles.com/images/store/depthview/GBRndFrst128RdcrBrwnLthr.gif | https://www.bestbottles.com/images/store/depthview/GBRndFrst128RdcrIvyLthr.gif | https://www.bestbottles.com/images/store/depthview/GBRndFrst128RdcrLBrwnLthr.gif | https://www.bestbottles.com/images/store/depthview/GBRndFrst128RdcrMtSl.gif | https://www.bestbottles.com/images/store/depthview/GBRndFrst128RdcrMtSlTall.gif | https://www.bestbottles.com/images/store/depthview/GBRndFrst128RdcrPnkLthr.gif | https://www.bestbottles.com/images/store/depthview/GBRndFrst128RdcrShnBlk.gif | https://www.bestbottles.com/images/store/depthview/GBRndFrst128RdcrShnBlkTall.gif | https://www.bestbottles.com/images/store/depthview/GBRndFrst128RdcrShnGl.gif | https://www.bestbottles.com/images/store/depthview/GBRndFrst128RdcrShnSl.gif | https://www.bestbottles.com/images/store/depthview/GBRndFrst128RdcrWht.gif | https://www.bestbottles.com/images/store/depthview/GBRndFrst128SpryCu.gif | https://www.bestbottles.com/images/store/depthview/GBRndFrst128SpryMtGl.gif | https://www.bestbottles.com/images/store/depthview/GBRndFrst128SpryMtSl.gif | https://www.bestbottles.com/images/store/depthview/GBRndFrst128SpryShnBlk.gif | https://www.bestbottles.com/images/store/depthview/GBRndFrst128SpryShnGl.gif | https://www.bestbottles.com/images/store/depthview/GBRndFrst128SpryShnSl.gif | https://www.bestbottles.com/images/store/depthview/LBRndFrst128LtnClOvrCap.gif | https://www.bestbottles.com/images/store/depthview/LBRndFrst128LtnCu.gif | https://www.bestbottles.com/images/store/depthview/LBRndFrst128LtnMtGl.gif | https://www.bestbottles.com/images/store/depthview/LBRndFrst128LtnMtSl.gif | https://www.bestbottles.com/images/store/depthview/LBRndFrst128LtnShnBlk.gif | https://www.bestbottles.com/images/store/depthview/LBRndFrst128LtnShnGl.gif | https://www.bestbottles.com/images/store/depthview/LBRndFrst128LtnShnSl.gif | https://www.bestbottles.com/images/store/enlarged_pics/GBRndFrst128AnSpBlk.gif | https://www.bestbottles.com/images/store/enlarged_pics/GBRndFrst128AnSpGl.gif | https://www.bestbottles.com/images/store/enlarged_pics/GBRndFrst128AnSpIvyGl.gif | https://www.bestbottles.com/images/store/enlarged_pics/GBRndFrst128AnSpIvySl.gif | https://www.bestbottles.com/images/store/enlarged_pics/GBRndFrst128AnSpLvn.gif | https://www.bestbottles.com/images/store/enlarged_pics/GBRndFrst128AnSpMtSl.gif | https://www.bestbottles.com/images/store/enlarged_pics/GBRndFrst128AnSpPnk.gif | https://www.bestbottles.com/images/store/enlarged_pics/GBRndFrst128AnSpRed.gif | https://www.bestbottles.com/images/store/enlarged_pics/GBRndFrst128AnSpTslBlk.gif | https://www.bestbottles.com/images/store/enlarged_pics/GBRndFrst128AnSpTslGl.gif | https://www.bestbottles.com/images/store/enlarged_pics/GBRndFrst128AnSpTslIvyGl.gif | https://www.bestbottles.com/images/store/enlarged_pics/GBRndFrst128AnSpTslIvySl.gif | https://www.bestbottles.com/images/store/enlarged_pics/GBRndFrst128AnSpTslLvn.gif | https://www.bestbottles.com/images/store/enlarged_pics/GBRndFrst128AnSpTslMtSl.gif | https://www.bestbottles.com/images/store/enlarged_pics/GBRndFrst128AnSpTslPnk.gif | https://www.bestbottles.com/images/store/enlarged_pics/GBRndFrst128AnSpTslRed.gif | https://www.bestbottles.com/images/store/enlarged_pics/GBRndFrst128AnSpTslWht.gif | https://www.bestbottles.com/images/store/enlarged_pics/GBRndFrst128AnSpWht.gif | https://www.bestbottles.com/images/store/enlarged_pics/GBRndFrst128DrpCu.gif | https://www.bestbottles.com/images/store/enlarged_pics/GBRndFrst128DrpGl.gif | https://www.bestbottles.com/images/store/enlarged_pics/GBRndFrst128RdcrBlkLthr.gif | https://www.bestbottles.com/images/store/enlarged_pics/GBRndFrst128RdcrBrwnLthr.gif | https://www.bestbottles.com/images/store/enlarged_pics/GBRndFrst128RdcrIvyLthr.gif | https://www.bestbottles.com/images/store/enlarged_pics/GBRndFrst128RdcrLBrwnLthr.gif | https://www.bestbottles.com/images/store/enlarged_pics/GBRndFrst128RdcrMtSl.gif | https://www.bestbottles.com/images/store/enlarged_pics/GBRndFrst128RdcrMtSlTall.gif | https://www.bestbottles.com/images/store/enlarged_pics/GBRndFrst128RdcrPnkLthr.gif | https://www.bestbottles.com/images/store/enlarged_pics/GBRndFrst128RdcrShnBlk.gif | https://www.bestbottles.com/images/store/enlarged_pics/GBRndFrst128RdcrShnBlkTall.gif | https://www.bestbottles.com/images/store/enlarged_pics/GBRndFrst128RdcrShnGl.gif | https://www.bestbottles.com/images/store/enlarged_pics/GBRndFrst128RdcrShnSl.gif | https://www.bestbottles.com/images/store/enlarged_pics/GBRndFrst128RdcrWht.gif | https://www.bestbottles.com/images/store/enlarged_pics/GBRndFrst128SpryCu.gif | https://www.bestbottles.com/images/store/enlarged_pics/GBRndFrst128SpryMtGl.gif | https://www.bestbottles.com/images/store/enlarged_pics/GBRndFrst128SpryMtSl.gif | https://www.bestbottles.com/images/store/enlarged_pics/GBRndFrst128SpryShnBlk.gif | https://www.bestbottles.com/images/store/enlarged_pics/GBRndFrst128SpryShnGl.gif | https://www.bestbottles.com/images/store/enlarged_pics/GBRndFrst128SpryShnSl.gif | https://www.bestbottles.com/images/store/enlarged_pics/LBRndFrst128LtnClOvrCap.gif | https://www.bestbottles.com/images/store/enlarged_pics/LBRndFrst128LtnCu.gif | https://www.bestbottles.com/images/store/enlarged_pics/LBRndFrst128LtnMtGl.gif | https://www.bestbottles.com/images/store/enlarged_pics/LBRndFrst128LtnMtSl.gif | https://www.bestbottles.com/images/store/enlarged_pics/LBRndFrst128LtnShnBlk.gif | https://www.bestbottles.com/images/store/enlarged_pics/LBRndFrst128LtnShnGl.gif | https://www.bestbottles.com/images/store/enlarged_pics/LBRndFrst128LtnShnSl.gif | https://www.bestbottles.com/images/store/measured/GBRndFrst128AnSpBlk.gif | https://www.bestbottles.com/images/store/measured/GBRndFrst128AnSpGl.gif | https://www.bestbottles.com/images/store/measured/GBRndFrst128AnSpIvyGl.gif | https://www.bestbottles.com/images/store/measured/GBRndFrst128AnSpIvySl.gif | https://www.bestbottles.com/images/store/measured/GBRndFrst128AnSpLvn.gif | https://www.bestbottles.com/images/store/measured/GBRndFrst128AnSpMtSl.gif | https://www.bestbottles.com/images/store/measured/GBRndFrst128AnSpPnk.gif | https://www.bestbottles.com/images/store/measured/GBRndFrst128AnSpRed.gif | https://www.bestbottles.com/images/store/measured/GBRndFrst128AnSpTslBlk.gif | https://www.bestbottles.com/images/store/measured/GBRndFrst128AnSpTslGl.gif | https://www.bestbottles.com/images/store/measured/GBRndFrst128AnSpTslIvyGl.gif | https://www.bestbottles.com/images/store/measured/GBRndFrst128AnSpTslIvySl.gif | https://www.bestbottles.com/images/store/measured/GBRndFrst128AnSpTslLvn.gif | https://www.bestbottles.com/images/store/measured/GBRndFrst128AnSpTslMtSl.gif | https://www.bestbottles.com/images/store/measured/GBRndFrst128AnSpTslPnk.gif | https://www.bestbottles.com/images/store/measured/GBRndFrst128AnSpTslRed.gif | https://www.bestbottles.com/images/store/measured/GBRndFrst128AnSpTslWht.gif | https://www.bestbottles.com/images/store/measured/GBRndFrst128AnSpWht.gif | https://www.bestbottles.com/images/store/measured/GBRndFrst128DrpCu.gif | https://www.bestbottles.com/images/store/measured/GBRndFrst128DrpGl.gif | https://www.bestbottles.com/images/store/measured/GBRndFrst128RdcrBlkLthr.gif | https://www.bestbottles.com/images/store/measured/GBRndFrst128RdcrBrwnLthr.gif | https://www.bestbottles.com/images/store/measured/GBRndFrst128RdcrIvyLthr.gif | https://www.bestbottles.com/images/store/measured/GBRndFrst128RdcrLBrwnLthr.gif | https://www.bestbottles.com/images/store/measured/GBRndFrst128RdcrMtSl.gif | https://www.bestbottles.com/images/store/measured/GBRndFrst128RdcrMtSlTall.gif | https://www.bestbottles.com/images/store/measured/GBRndFrst128RdcrPnkLthr.gif | https://www.bestbottles.com/images/store/measured/GBRndFrst128RdcrShnBlk.gif | https://www.bestbottles.com/images/store/measured/GBRndFrst128RdcrShnBlkTall.gif | https://www.bestbottles.com/images/store/measured/GBRndFrst128RdcrShnGl.gif | https://www.bestbottles.com/images/store/measured/GBRndFrst128RdcrShnSl.gif | https://www.bestbottles.com/images/store/measured/GBRndFrst128RdcrWht.gif | https://www.bestbottles.com/images/store/measured/GBRndFrst128SpryCu.gif | https://www.bestbottles.com/images/store/measured/GBRndFrst128SpryMtGl.gif | https://www.bestbottles.com/images/store/measured/GBRndFrst128SpryMtSl.gif | https://www.bestbottles.com/images/store/measured/GBRndFrst128SpryShnBlk.gif | https://www.bestbottles.com/images/store/measured/GBRndFrst128SpryShnGl.gif | https://www.bestbottles.com/images/store/measured/GBRndFrst128SpryShnSl.gif | https://www.bestbottles.com/images/store/measured/LBRndFrst128LtnClOvrCap.gif | https://www.bestbottles.com/images/store/measured/LBRndFrst128LtnCu.gif | https://www.bestbottles.com/images/store/measured/LBRndFrst128LtnMtGl.gif | https://www.bestbottles.com/images/store/measured/LBRndFrst128LtnMtSl.gif | https://www.bestbottles.com/images/store/measured/LBRndFrst128LtnShnBlk.gif | https://www.bestbottles.com/images/store/measured/LBRndFrst128LtnShnGl.gif | https://www.bestbottles.com/images/store/measured/LBRndFrst128LtnShnSl.gif,45,ROUND-128ML-18-415,manual-review-required,P0-TRUTH,missing,measured-body-geometry-only,Resolve catalog geometry/body-color truth before authority creation.,,,d:group_outlier_unresolved×3 | convex_widthaxis_corrected_by_site(was=85.0)×3 | h:group_outlier_unresolved×2 | convex_height_corrected_by_site(was=110.0)×2 | hc:inch_conversion_artifact×1 | convex_height_corrected_by_site(was=78.7)×1
95,shot__body__royal__13ml__56x44x43.7__46dd478cd0__clear,body-appearance,body,Royal,13,13-415,body__royal__13ml__56x44x43.7__46dd478cd0,Clear,Glass,,https://www.bestbottles.com/images/store/depthview/GBRoyal13MtlRollBlkDot.gif | https://www.bestbottles.com/images/store/depthview/GBRoyal13MtlRollBlkSh.gif | https://www.bestbottles.com/images/store/depthview/GBRoyal13MtlRollCuMatt.gif | https://www.bestbottles.com/images/store/depthview/GBRoyal13MtlRollGlMatt.gif | https://www.bestbottles.com/images/store/depthview/GBRoyal13MtlRollGlSh.gif | https://www.bestbottles.com/images/store/depthview/GBRoyal13MtlRollPinkDot.gif | https://www.bestbottles.com/images/store/depthview/GBRoyal13MtlRollSlDot.gif | https://www.bestbottles.com/images/store/depthview/GBRoyal13MtlRollSlMatt.gif | https://www.bestbottles.com/images/store/depthview/GBRoyal13MtlRollSlSh.gif | https://www.bestbottles.com/images/store/depthview/GBRoyal13RollBlkDot.gif | https://www.bestbottles.com/images/store/depthview/GBRoyal13RollBlkSh.gif | https://www.bestbottles.com/images/store/depthview/GBRoyal13RollCuMatt.gif | https://www.bestbottles.com/images/store/depthview/GBRoyal13RollGlMatt.gif | https://www.bestbottles.com/images/store/depthview/GBRoyal13RollGlSh.gif | https://www.bestbottles.com/images/store/depthview/GBRoyal13RollPinkDot.gif | https://www.bestbottles.com/images/store/depthview/GBRoyal13RollSlDot.gif | https://www.bestbottles.com/images/store/depthview/GBRoyal13RollSlMatt.gif | https://www.bestbottles.com/images/store/depthview/GBRoyal13RollSlSh.gif | https://www.bestbottles.com/images/store/depthview/GBRoyal13SpryBlkSh.gif | https://www.bestbottles.com/images/store/depthview/GBRoyal13SpryBluMatt.gif | https://www.bestbottles.com/images/store/depthview/GBRoyal13SpryCuMatt.gif | https://www.bestbottles.com/images/store/depthview/GBRoyal13SpryGlMatt.gif | https://www.bestbottles.com/images/store/depthview/GBRoyal13SpryGlSh.gif | https://www.bestbottles.com/images/store/depthview/GBRoyal13SprySlMatt.gif | https://www.bestbottles.com/images/store/depthview/GBRoyal13SprySlSh.gif | https://www.bestbottles.com/images/store/enlarged_pics/GBRoyal13MtlRollBlkDot.gif | https://www.bestbottles.com/images/store/enlarged_pics/GBRoyal13MtlRollBlkSh.gif | https://www.bestbottles.com/images/store/enlarged_pics/GBRoyal13MtlRollCuMatt.gif | https://www.bestbottles.com/images/store/enlarged_pics/GBRoyal13MtlRollGlMatt.gif | https://www.bestbottles.com/images/store/enlarged_pics/GBRoyal13MtlRollGlSh.gif | https://www.bestbottles.com/images/store/enlarged_pics/GBRoyal13MtlRollPinkDot.gif | https://www.bestbottles.com/images/store/enlarged_pics/GBRoyal13MtlRollSlDot.gif | https://www.bestbottles.com/images/store/enlarged_pics/GBRoyal13MtlRollSlMatt.gif | https://www.bestbottles.com/images/store/enlarged_pics/GBRoyal13MtlRollSlSh.gif | https://www.bestbottles.com/images/store/enlarged_pics/GBRoyal13RollBlkDot.gif | https://www.bestbottles.com/images/store/enlarged_pics/GBRoyal13RollBlkSh.gif | https://www.bestbottles.com/images/store/enlarged_pics/GBRoyal13RollCuMatt.gif | https://www.bestbottles.com/images/store/enlarged_pics/GBRoyal13RollGlMatt.gif | https://www.bestbottles.com/images/store/enlarged_pics/GBRoyal13RollGlSh.gif | https://www.bestbottles.com/images/store/enlarged_pics/GBRoyal13RollPinkDot.gif | https://www.bestbottles.com/images/store/enlarged_pics/GBRoyal13RollSlDot.gif | https://www.bestbottles.com/images/store/enlarged_pics/GBRoyal13RollSlMatt.gif | https://www.bestbottles.com/images/store/enlarged_pics/GBRoyal13RollSlSh.gif | https://www.bestbottles.com/images/store/enlarged_pics/GBRoyal13SpryBlkSh.gif | https://www.bestbottles.com/images/store/enlarged_pics/GBRoyal13SpryBluMatt.gif | https://www.bestbottles.com/images/store/enlarged_pics/GBRoyal13SpryCuMatt.gif | https://www.bestbottles.com/images/store/enlarged_pics/GBRoyal13SpryGlMatt.gif | https://www.bestbottles.com/images/store/enlarged_pics/GBRoyal13SpryGlSh.gif | https://www.bestbottles.com/images/store/enlarged_pics/GBRoyal13SprySlMatt.gif | https://www.bestbottles.com/images/store/enlarged_pics/GBRoyal13SprySlSh.gif | https://www.bestbottles.com/images/store/measured/GBRoyal13MtlRollBlkDot.gif | https://www.bestbottles.com/images/store/measured/GBRoyal13MtlRollBlkSh.gif | https://www.bestbottles.com/images/store/measured/GBRoyal13MtlRollCuMatt.gif | https://www.bestbottles.com/images/store/measured/GBRoyal13MtlRollGlMatt.gif | https://www.bestbottles.com/images/store/measured/GBRoyal13MtlRollGlSh.gif | https://www.bestbottles.com/images/store/measured/GBRoyal13MtlRollPinkDot.gif | https://www.bestbottles.com/images/store/measured/GBRoyal13MtlRollSlDot.gif | https://www.bestbottles.com/images/store/measured/GBRoyal13MtlRollSlMatt.gif | https://www.bestbottles.com/images/store/measured/GBRoyal13MtlRollSlSh.gif | https://www.bestbottles.com/images/store/measured/GBRoyal13RollBlkDot.gif | https://www.bestbottles.com/images/store/measured/GBRoyal13RollBlkSh.gif | https://www.bestbottles.com/images/store/measured/GBRoyal13RollCuMatt.gif | https://www.bestbottles.com/images/store/measured/GBRoyal13RollGlMatt.gif | https://www.bestbottles.com/images/store/measured/GBRoyal13RollGlSh.gif | https://www.bestbottles.com/images/store/measured/GBRoyal13RollPinkDot.gif | https://www.bestbottles.com/images/store/measured/GBRoyal13RollSlDot.gif | https://www.bestbottles.com/images/store/measured/GBRoyal13RollSlMatt.gif | https://www.bestbottles.com/images/store/measured/GBRoyal13RollSlSh.gif | https://www.bestbottles.com/images/store/measured/GBRoyal13SpryBlkSh.gif | https://www.bestbottles.com/images/store/measured/GBRoyal13SpryBluMatt.gif | https://www.bestbottles.com/images/store/measured/GBRoyal13SpryCuMatt.gif | https://www.bestbottles.com/images/store/measured/GBRoyal13SpryGlMatt.gif | https://www.bestbottles.com/images/store/measured/GBRoyal13SpryGlSh.gif | https://www.bestbottles.com/images/store/measured/GBRoyal13SprySlMatt.gif | https://www.bestbottles.com/images/store/measured/GBRoyal13SprySlSh.gif,25,ROYAL-13ML-13-415,manual-review-required,P0-TRUTH,missing,measured-body-geometry-only,Resolve catalog geometry/body-color truth before authority creation.,,,d:group_outlier_unresolved×1
96,shot__body__sleek__5ml__45x17x17.0__5022ee087e__clear,body-appearance,body,Sleek,5,13-415,body__sleek__5ml__45x17x17.0__5022ee087e,Clear,Glass,,https://www.bestbottles.com/images/store/depthview/GBSleek5Gl.gif | https://www.bestbottles.com/images/store/depthview/GBSleek5MtlRollBlkDot.gif | https://www.bestbottles.com/images/store/depthview/GBSleek5MtlRollBlkSh.gif | https://www.bestbottles.com/images/store/depthview/GBSleek5MtlRollCuMatt.gif | https://www.bestbottles.com/images/store/depthview/GBSleek5MtlRollGlMatt.gif | https://www.bestbottles.com/images/store/depthview/GBSleek5MtlRollGlSh.gif | https://www.bestbottles.com/images/store/depthview/GBSleek5MtlRollPinkDot.gif | https://www.bestbottles.com/images/store/depthview/GBSleek5MtlRollSlDot.gif | https://www.bestbottles.com/images/store/depthview/GBSleek5MtlRollSlMatt.gif | https://www.bestbottles.com/images/store/depthview/GBSleek5MtlRollSlSh.gif | https://www.bestbottles.com/images/store/depthview/GBSleek5RollBlkDot.gif | https://www.bestbottles.com/images/store/depthview/GBSleek5RollBlkSh.gif | https://www.bestbottles.com/images/store/depthview/GBSleek5RollCuMatt.gif | https://www.bestbottles.com/images/store/depthview/GBSleek5RollGlMatt.gif | https://www.bestbottles.com/images/store/depthview/GBSleek5RollGlSh.gif | https://www.bestbottles.com/images/store/depthview/GBSleek5RollPinkDot.gif | https://www.bestbottles.com/images/store/depthview/GBSleek5RollSlDot.gif | https://www.bestbottles.com/images/store/depthview/GBSleek5RollSlMatt.gif | https://www.bestbottles.com/images/store/depthview/GBSleek5RollSlSh.gif | https://www.bestbottles.com/images/store/depthview/GBSleek5Sl.gif | https://www.bestbottles.com/images/store/depthview/GBSleek5SpryBlkMatt.gif | https://www.bestbottles.com/images/store/depthview/GBSleek5SpryBlkSh.gif | https://www.bestbottles.com/images/store/depthview/GBSleek5SpryBluMatt.gif | https://www.bestbottles.com/images/store/depthview/GBSleek5SpryCuMatt.gif | https://www.bestbottles.com/images/store/depthview/GBSleek5SpryGlMatt.gif | https://www.bestbottles.com/images/store/depthview/GBSleek5SpryGlSh.gif | https://www.bestbottles.com/images/store/depthview/GBSleek5SprySlMatt.gif | https://www.bestbottles.com/images/store/depthview/GBSleek5SprySlSh.gif | https://www.bestbottles.com/images/store/depthview/GBSleek5WhtSht.gif | https://www.bestbottles.com/images/store/enlarged_pics/GBSleek5Gl.gif | https://www.bestbottles.com/images/store/enlarged_pics/GBSleek5MtlRollBlkDot.gif | https://www.bestbottles.com/images/store/enlarged_pics/GBSleek5MtlRollBlkSh.gif | https://www.bestbottles.com/images/store/enlarged_pics/GBSleek5MtlRollCuMatt.gif | https://www.bestbottles.com/images/store/enlarged_pics/GBSleek5MtlRollGlMatt.gif | https://www.bestbottles.com/images/store/enlarged_pics/GBSleek5MtlRollGlSh.gif | https://www.bestbottles.com/images/store/enlarged_pics/GBSleek5MtlRollPinkDot.gif | https://www.bestbottles.com/images/store/enlarged_pics/GBSleek5MtlRollSlDot.gif | https://www.bestbottles.com/images/store/enlarged_pics/GBSleek5MtlRollSlMatt.gif | https://www.bestbottles.com/images/store/enlarged_pics/GBSleek5MtlRollSlSh.gif | https://www.bestbottles.com/images/store/enlarged_pics/GBSleek5RollBlkDot.gif | https://www.bestbottles.com/images/store/enlarged_pics/GBSleek5RollBlkSh.gif | https://www.bestbottles.com/images/store/enlarged_pics/GBSleek5RollCuMatt.gif | https://www.bestbottles.com/images/store/enlarged_pics/GBSleek5RollGlMatt.gif | https://www.bestbottles.com/images/store/enlarged_pics/GBSleek5RollGlSh.gif | https://www.bestbottles.com/images/store/enlarged_pics/GBSleek5RollPinkDot.gif | https://www.bestbottles.com/images/store/enlarged_pics/GBSleek5RollSlDot.gif | https://www.bestbottles.com/images/store/enlarged_pics/GBSleek5RollSlMatt.gif | https://www.bestbottles.com/images/store/enlarged_pics/GBSleek5RollSlSh.gif | https://www.bestbottles.com/images/store/enlarged_pics/GBSleek5Sl.gif | https://www.bestbottles.com/images/store/enlarged_pics/GBSleek5SpryBlkMatt.gif | https://www.bestbottles.com/images/store/enlarged_pics/GBSleek5SpryBlkSh.gif | https://www.bestbottles.com/images/store/enlarged_pics/GBSleek5SpryBluMatt.gif | https://www.bestbottles.com/images/store/enlarged_pics/GBSleek5SpryCuMatt.gif | https://www.bestbottles.com/images/store/enlarged_pics/GBSleek5SpryGlMatt.gif | https://www.bestbottles.com/images/store/enlarged_pics/GBSleek5SpryGlSh.gif | https://www.bestbottles.com/images/store/enlarged_pics/GBSleek5SprySlMatt.gif | https://www.bestbottles.com/images/store/enlarged_pics/GBSleek5SprySlSh.gif | https://www.bestbottles.com/images/store/enlarged_pics/GBSleek5WhtSht.gif | https://www.bestbottles.com/images/store/measured/GBSleek5Gl.gif | https://www.bestbottles.com/images/store/measured/GBSleek5MtlRollBlkDot.gif | https://www.bestbottles.com/images/store/measured/GBSleek5MtlRollBlkSh.gif | https://www.bestbottles.com/images/store/measured/GBSleek5MtlRollCuMatt.gif | https://www.bestbottles.com/images/store/measured/GBSleek5MtlRollGlMatt.gif | https://www.bestbottles.com/images/store/measured/GBSleek5MtlRollGlSh.gif | https://www.bestbottles.com/images/store/measured/GBSleek5MtlRollPinkDot.gif | https://www.bestbottles.com/images/store/measured/GBSleek5MtlRollSlDot.gif | https://www.bestbottles.com/images/store/measured/GBSleek5MtlRollSlMatt.gif | https://www.bestbottles.com/images/store/measured/GBSleek5MtlRollSlSh.gif | https://www.bestbottles.com/images/store/measured/GBSleek5RollBlkDot.gif | https://www.bestbottles.com/images/store/measured/GBSleek5RollBlkSh.gif | https://www.bestbottles.com/images/store/measured/GBSleek5RollCuMatt.gif | https://www.bestbottles.com/images/store/measured/GBSleek5RollGlMatt.gif | https://www.bestbottles.com/images/store/measured/GBSleek5RollGlSh.gif | https://www.bestbottles.com/images/store/measured/GBSleek5RollPinkDot.gif | https://www.bestbottles.com/images/store/measured/GBSleek5RollSlDot.gif | https://www.bestbottles.com/images/store/measured/GBSleek5RollSlMatt.gif | https://www.bestbottles.com/images/store/measured/GBSleek5RollSlSh.gif | https://www.bestbottles.com/images/store/measured/GBSleek5Sl.gif | https://www.bestbottles.com/images/store/measured/GBSleek5SpryBlkMatt.gif | https://www.bestbottles.com/images/store/measured/GBSleek5SpryBlkSh.gif | https://www.bestbottles.com/images/store/measured/GBSleek5SpryBluMatt.gif | https://www.bestbottles.com/images/store/measured/GBSleek5SpryCuMatt.gif | https://www.bestbottles.com/images/store/measured/GBSleek5SpryGlMatt.gif | https://www.bestbottles.com/images/store/measured/GBSleek5SpryGlSh.gif | https://www.bestbottles.com/images/store/measured/GBSleek5SprySlMatt.gif | https://www.bestbottles.com/images/store/measured/GBSleek5SprySlSh.gif | https://www.bestbottles.com/images/store/measured/GBSleek5WhtSht.gif,29,SLEEK-5ML-13-415,manual-review-required,P0-TRUTH,missing,measured-body-geometry-only,Resolve catalog geometry/body-color truth before authority creation.,,,convex_widthaxis_corrected_by_site(was=23.0)×29 | h:group_outlier_unresolved×8 | convex_height_corrected_by_site(was=48.0)×8
97,shot__body__sleek__5ml__45x18x18.0__f45f9ee5a7__clear,body-appearance,body,Sleek,5,13-415,body__sleek__5ml__45x18x18.0__f45f9ee5a7,Clear,Glass,,https://www.bestbottles.com/images/store/depthview/GBSleek5BlkSht.gif | https://www.bestbottles.com/images/store/enlarged_pics/GBSleek5BlkSht.gif | https://www.bestbottles.com/images/store/measured/GBSleek5BlkSht.gif,1,SLEEK-5ML-13-415,manual-review-required,P0-TRUTH,missing,measured-body-geometry-only,Resolve catalog geometry/body-color truth before authority creation.,,,d:group_outlier_unresolved×1
98,shot__body__sleek__8ml__66x17x17.0__2182a34b54__clear,body-appearance,body,Sleek,8,13-415,body__sleek__8ml__66x17x17.0__2182a34b54,Clear,Glass,,https://www.bestbottles.com/images/store/depthview/GBSleek8BlkSht.gif | https://www.bestbottles.com/images/store/depthview/GBSleek8Gl.gif | https://www.bestbottles.com/images/store/depthview/GBSleek8MtlRollBlkDot.gif | https://www.bestbottles.com/images/store/depthview/GBSleek8MtlRollBlkSh.gif | https://www.bestbottles.com/images/store/depthview/GBSleek8MtlRollCuMatt.gif | https://www.bestbottles.com/images/store/depthview/GBSleek8MtlRollGlMatt.gif | https://www.bestbottles.com/images/store/depthview/GBSleek8MtlRollGlSh.gif | https://www.bestbottles.com/images/store/depthview/GBSleek8MtlRollPinkDot.gif | https://www.bestbottles.com/images/store/depthview/GBSleek8MtlRollSlDot.gif | https://www.bestbottles.com/images/store/depthview/GBSleek8MtlRollSlMatt.gif | https://www.bestbottles.com/images/store/depthview/GBSleek8MtlRollSlSh.gif | https://www.bestbottles.com/images/store/depthview/GBSleek8RollBlkDot.gif | https://www.bestbottles.com/images/store/depthview/GBSleek8RollBlkSh.gif | https://www.bestbottles.com/images/store/depthview/GBSleek8RollCuMatt.gif | https://www.bestbottles.com/images/store/depthview/GBSleek8RollGlMatt.gif | https://www.bestbottles.com/images/store/depthview/GBSleek8RollGlSh.gif | https://www.bestbottles.com/images/store/depthview/GBSleek8RollPinkDot.gif | https://www.bestbottles.com/images/store/depthview/GBSleek8RollSlDot.gif | https://www.bestbottles.com/images/store/depthview/GBSleek8RollSlMatt.gif | https://www.bestbottles.com/images/store/depthview/GBSleek8RollSlSh.gif | https://www.bestbottles.com/images/store/depthview/GBSleek8Sl.gif | https://www.bestbottles.com/images/store/depthview/GBSleek8SpryBlkMatt.gif | https://www.bestbottles.com/images/store/depthview/GBSleek8SpryBlkSh.gif | https://www.bestbottles.com/images/store/depthview/GBSleek8SpryBluMatt.gif | https://www.bestbottles.com/images/store/depthview/GBSleek8SpryCuMatt.gif | https://www.bestbottles.com/images/store/depthview/GBSleek8SpryGlMatt.gif | https://www.bestbottles.com/images/store/depthview/GBSleek8SpryGlSh.gif | https://www.bestbottles.com/images/store/depthview/GBSleek8SprySlMatt.gif | https://www.bestbottles.com/images/store/depthview/GBSleek8SprySlSh.gif | https://www.bestbottles.com/images/store/depthview/GBSleek8WhtSht.gif | https://www.bestbottles.com/images/store/enlarged_pics/GBSleek8BlkSht.gif | https://www.bestbottles.com/images/store/enlarged_pics/GBSleek8Gl.gif | https://www.bestbottles.com/images/store/enlarged_pics/GBSleek8MtlRollBlkDot.gif | https://www.bestbottles.com/images/store/enlarged_pics/GBSleek8MtlRollBlkSh.gif | https://www.bestbottles.com/images/store/enlarged_pics/GBSleek8MtlRollCuMatt.gif | https://www.bestbottles.com/images/store/enlarged_pics/GBSleek8MtlRollGlMatt.gif | https://www.bestbottles.com/images/store/enlarged_pics/GBSleek8MtlRollGlSh.gif | https://www.bestbottles.com/images/store/enlarged_pics/GBSleek8MtlRollPinkDot.gif | https://www.bestbottles.com/images/store/enlarged_pics/GBSleek8MtlRollSlDot.gif | https://www.bestbottles.com/images/store/enlarged_pics/GBSleek8MtlRollSlMatt.gif | https://www.bestbottles.com/images/store/enlarged_pics/GBSleek8MtlRollSlSh.gif | https://www.bestbottles.com/images/store/enlarged_pics/GBSleek8RollBlkDot.gif | https://www.bestbottles.com/images/store/enlarged_pics/GBSleek8RollBlkSh.gif | https://www.bestbottles.com/images/store/enlarged_pics/GBSleek8RollCuMatt.gif | https://www.bestbottles.com/images/store/enlarged_pics/GBSleek8RollGlMatt.gif | https://www.bestbottles.com/images/store/enlarged_pics/GBSleek8RollGlSh.gif | https://www.bestbottles.com/images/store/enlarged_pics/GBSleek8RollPinkDot.gif | https://www.bestbottles.com/images/store/enlarged_pics/GBSleek8RollSlDot.gif | https://www.bestbottles.com/images/store/enlarged_pics/GBSleek8RollSlMatt.gif | https://www.bestbottles.com/images/store/enlarged_pics/GBSleek8RollSlSh.gif | https://www.bestbottles.com/images/store/enlarged_pics/GBSleek8Sl.gif | https://www.bestbottles.com/images/store/enlarged_pics/GBSleek8SpryBlkMatt.gif | https://www.bestbottles.com/images/store/enlarged_pics/GBSleek8SpryBlkSh.gif | https://www.bestbottles.com/images/store/enlarged_pics/GBSleek8SpryBluMatt.gif | https://www.bestbottles.com/images/store/enlarged_pics/GBSleek8SpryCuMatt.gif | https://www.bestbottles.com/images/store/enlarged_pics/GBSleek8SpryGlMatt.gif | https://www.bestbottles.com/images/store/enlarged_pics/GBSleek8SpryGlSh.gif | https://www.bestbottles.com/images/store/enlarged_pics/GBSleek8SprySlMatt.gif | https://www.bestbottles.com/images/store/enlarged_pics/GBSleek8SprySlSh.gif | https://www.bestbottles.com/images/store/enlarged_pics/GBSleek8WhtSht.gif | https://www.bestbottles.com/images/store/measured/GBSleek8BlkSht.gif | https://www.bestbottles.com/images/store/measured/GBSleek8Gl.gif | https://www.bestbottles.com/images/store/measured/GBSleek8MtlRollBlkDot.gif | https://www.bestbottles.com/images/store/measured/GBSleek8MtlRollBlkSh.gif | https://www.bestbottles.com/images/store/measured/GBSleek8MtlRollCuMatt.gif | https://www.bestbottles.com/images/store/measured/GBSleek8MtlRollGlMatt.gif | https://www.bestbottles.com/images/store/measured/GBSleek8MtlRollGlSh.gif | https://www.bestbottles.com/images/store/measured/GBSleek8MtlRollPinkDot.gif | https://www.bestbottles.com/images/store/measured/GBSleek8MtlRollSlDot.gif | https://www.bestbottles.com/images/store/measured/GBSleek8MtlRollSlMatt.gif | https://www.bestbottles.com/images/store/measured/GBSleek8MtlRollSlSh.gif | https://www.bestbottles.com/images/store/measured/GBSleek8RollBlkDot.gif | https://www.bestbottles.com/images/store/measured/GBSleek8RollBlkSh.gif | https://www.bestbottles.com/images/store/measured/GBSleek8RollCuMatt.gif | https://www.bestbottles.com/images/store/measured/GBSleek8RollGlMatt.gif | https://www.bestbottles.com/images/store/measured/GBSleek8RollGlSh.gif | https://www.bestbottles.com/images/store/measured/GBSleek8RollPinkDot.gif | https://www.bestbottles.com/images/store/measured/GBSleek8RollSlDot.gif | https://www.bestbottles.com/images/store/measured/GBSleek8RollSlMatt.gif | https://www.bestbottles.com/images/store/measured/GBSleek8RollSlSh.gif | https://www.bestbottles.com/images/store/measured/GBSleek8Sl.gif | https://www.bestbottles.com/images/store/measured/GBSleek8SpryBlkMatt.gif | https://www.bestbottles.com/images/store/measured/GBSleek8SpryBlkSh.gif | https://www.bestbottles.com/images/store/measured/GBSleek8SpryBluMatt.gif | https://www.bestbottles.com/images/store/measured/GBSleek8SpryCuMatt.gif | https://www.bestbottles.com/images/store/measured/GBSleek8SpryGlMatt.gif | https://www.bestbottles.com/images/store/measured/GBSleek8SpryGlSh.gif | https://www.bestbottles.com/images/store/measured/GBSleek8SprySlMatt.gif | https://www.bestbottles.com/images/store/measured/GBSleek8SprySlSh.gif | https://www.bestbottles.com/images/store/measured/GBSleek8WhtSht.gif,30,SLEEK-8ML-13-415,manual-review-required,P0-TRUTH,missing,measured-body-geometry-only,Resolve catalog geometry/body-color truth before authority creation.,,,convex_widthaxis_corrected_by_site(was=23.0)×30 | h:group_outlier_unresolved×8 | convex_height_corrected_by_site(was=48.0)×8
99,shot__body__sleek__30ml__98x28x28.0__689d2ef97b__clear,body-appearance,body,Sleek,30,18-415,body__sleek__30ml__98x28x28.0__689d2ef97b,Clear,Glass,,https://cdn.shopify.com/s/files/1/0739/9420/7524/files/GB-SLK-CLR-30ML-RDC-MSLV-01__GBSlk30RdcrMtSl__pdp-main__v001_455f38a0-9cb6-4314-b33b-17b346bbe345.png?v=1781252261 | https://cdn.shopify.com/s/files/1/0739/9420/7524/files/GB-SLK-CLR-30ML-RDC-SBLK-01__GBSlk30RdcrShnBlk__pdp-main__v001.png?v=1781252261 | https://www.bestbottles.com/images/store/depthview/GBSlk30AnSpBlk.gif | https://www.bestbottles.com/images/store/depthview/GBSlk30AnSpGl.gif | https://www.bestbottles.com/images/store/depthview/GBSlk30AnSpIvyGl.gif | https://www.bestbottles.com/images/store/depthview/GBSlk30AnSpIvySl.gif | https://www.bestbottles.com/images/store/depthview/GBSlk30AnSpLvn.gif | https://www.bestbottles.com/images/store/depthview/GBSlk30AnSpMtSl.gif | https://www.bestbottles.com/images/store/depthview/GBSlk30AnSpPnk.gif | https://www.bestbottles.com/images/store/depthview/GBSlk30AnSpRed.gif | https://www.bestbottles.com/images/store/depthview/GBSlk30AnSpWht.gif | https://www.bestbottles.com/images/store/depthview/GBSlk30DrpCu.gif | https://www.bestbottles.com/images/store/depthview/GBSlk30DrpGl.gif | https://www.bestbottles.com/images/store/depthview/GBSlk30DrpSl.gif | https://www.bestbottles.com/images/store/depthview/GBSlk30RdcrBlkLthr.gif | https://www.bestbottles.com/images/store/depthview/GBSlk30RdcrBrwnLthr.gif | https://www.bestbottles.com/images/store/depthview/GBSlk30RdcrIvyLthr.gif | https://www.bestbottles.com/images/store/depthview/GBSlk30RdcrLBrwnLthr.gif | https://www.bestbottles.com/images/store/depthview/GBSlk30RdcrMtSl.gif | https://www.bestbottles.com/images/store/depthview/GBSlk30RdcrMtSlTall.gif | https://www.bestbottles.com/images/store/depthview/GBSlk30RdcrPnkLthr.gif | https://www.bestbottles.com/images/store/depthview/GBSlk30RdcrShnBlk.gif | https://www.bestbottles.com/images/store/depthview/GBSlk30RdcrShnBlkTall.gif | https://www.bestbottles.com/images/store/depthview/GBSlk30RdcrShnGl.gif | https://www.bestbottles.com/images/store/depthview/GBSlk30RdcrShnSl.gif | https://www.bestbottles.com/images/store/depthview/GBSlk30RdcrWht.gif | https://www.bestbottles.com/images/store/depthview/GBSlk30SpryCu.gif | https://www.bestbottles.com/images/store/depthview/GBSlk30SpryMtGl.gif | https://www.bestbottles.com/images/store/depthview/GBSlk30SpryMtSl.gif | https://www.bestbottles.com/images/store/depthview/GBSlk30SpryShnBlk.gif | https://www.bestbottles.com/images/store/depthview/GBSlk30SpryShnGl.gif | https://www.bestbottles.com/images/store/depthview/GBSlk30SpryShnSl.gif | https://www.bestbottles.com/images/store/depthview/LBSlk30LtnClOvrCap.gif | https://www.bestbottles.com/images/store/depthview/LBSlk30LtnCu.gif | https://www.bestbottles.com/images/store/depthview/LBSlk30LtnMtGl.gif | https://www.bestbottles.com/images/store/depthview/LBSlk30LtnMtSl.gif | https://www.bestbottles.com/images/store/depthview/LBSlk30LtnShnBlk.gif | https://www.bestbottles.com/images/store/depthview/LBSlk30LtnShnGl.gif | https://www.bestbottles.com/images/store/depthview/LBSlk30LtnShnSl.gif | https://www.bestbottles.com/images/store/depthview/LBSlk30WhtRectClOverCap.gif | https://www.bestbottles.com/images/store/enlarged_pics/GBSlk30AnSpBlk.gif | https://www.bestbottles.com/images/store/enlarged_pics/GBSlk30AnSpGl.gif | https://www.bestbottles.com/images/store/enlarged_pics/GBSlk30AnSpIvyGl.gif | https://www.bestbottles.com/images/store/enlarged_pics/GBSlk30AnSpIvySl.gif | https://www.bestbottles.com/images/store/enlarged_pics/GBSlk30AnSpLvn.gif | https://www.bestbottles.com/images/store/enlarged_pics/GBSlk30AnSpMtSl.gif | https://www.bestbottles.com/images/store/enlarged_pics/GBSlk30AnSpPnk.gif | https://www.bestbottles.com/images/store/enlarged_pics/GBSlk30AnSpRed.gif | https://www.bestbottles.com/images/store/enlarged_pics/GBSlk30AnSpWht.gif | https://www.bestbottles.com/images/store/enlarged_pics/GBSlk30DrpCu.gif | https://www.bestbottles.com/images/store/enlarged_pics/GBSlk30DrpGl.gif | https://www.bestbottles.com/images/store/enlarged_pics/GBSlk30DrpSl.gif | https://www.bestbottles.com/images/store/enlarged_pics/GBSlk30RdcrBlkLthr.gif | https://www.bestbottles.com/images/store/enlarged_pics/GBSlk30RdcrBrwnLthr.gif | https://www.bestbottles.com/images/store/enlarged_pics/GBSlk30RdcrIvyLthr.gif | https://www.bestbottles.com/images/store/enlarged_pics/GBSlk30RdcrLBrwnLthr.gif | https://www.bestbottles.com/images/store/enlarged_pics/GBSlk30RdcrMtSl.gif | https://www.bestbottles.com/images/store/enlarged_pics/GBSlk30RdcrMtSlTall.gif | https://www.bestbottles.com/images/store/enlarged_pics/GBSlk30RdcrPnkLthr.gif | https://www.bestbottles.com/images/store/enlarged_pics/GBSlk30RdcrShnBlk.gif | https://www.bestbottles.com/images/store/enlarged_pics/GBSlk30RdcrShnBlkTall.gif | https://www.bestbottles.com/images/store/enlarged_pics/GBSlk30RdcrShnGl.gif | https://www.bestbottles.com/images/store/enlarged_pics/GBSlk30RdcrShnSl.gif | https://www.bestbottles.com/images/store/enlarged_pics/GBSlk30RdcrWht.gif | https://www.bestbottles.com/images/store/enlarged_pics/GBSlk30SpryCu.gif | https://www.bestbottles.com/images/store/enlarged_pics/GBSlk30SpryMtGl.gif | https://www.bestbottles.com/images/store/enlarged_pics/GBSlk30SpryMtSl.gif | https://www.bestbottles.com/images/store/enlarged_pics/GBSlk30SpryShnBlk.gif | https://www.bestbottles.com/images/store/enlarged_pics/GBSlk30SpryShnGl.gif | https://www.bestbottles.com/images/store/enlarged_pics/GBSlk30SpryShnSl.gif | https://www.bestbottles.com/images/store/enlarged_pics/LBSlk30LtnClOvrCap.gif | https://www.bestbottles.com/images/store/enlarged_pics/LBSlk30LtnCu.gif | https://www.bestbottles.com/images/store/enlarged_pics/LBSlk30LtnMtGl.gif | https://www.bestbottles.com/images/store/enlarged_pics/LBSlk30LtnMtSl.gif | https://www.bestbottles.com/images/store/enlarged_pics/LBSlk30LtnShnBlk.gif | https://www.bestbottles.com/images/store/enlarged_pics/LBSlk30LtnShnGl.gif | https://www.bestbottles.com/images/store/enlarged_pics/LBSlk30LtnShnSl.gif | https://www.bestbottles.com/images/store/enlarged_pics/LBSlk30WhtRectClOverCap.gif | https://www.bestbottles.com/images/store/measured/GBSlk30AnSpBlk.gif | https://www.bestbottles.com/images/store/measured/GBSlk30AnSpGl.gif | https://www.bestbottles.com/images/store/measured/GBSlk30AnSpIvyGl.gif | https://www.bestbottles.com/images/store/measured/GBSlk30AnSpIvySl.gif | https://www.bestbottles.com/images/store/measured/GBSlk30AnSpLvn.gif | https://www.bestbottles.com/images/store/measured/GBSlk30AnSpMtSl.gif | https://www.bestbottles.com/images/store/measured/GBSlk30AnSpPnk.gif | https://www.bestbottles.com/images/store/measured/GBSlk30AnSpRed.gif | https://www.bestbottles.com/images/store/measured/GBSlk30AnSpWht.gif | https://www.bestbottles.com/images/store/measured/GBSlk30DrpCu.gif | https://www.bestbottles.com/images/store/measured/GBSlk30DrpGl.gif | https://www.bestbottles.com/images/store/measured/GBSlk30DrpSl.gif | https://www.bestbottles.com/images/store/measured/GBSlk30RdcrBlkLthr.gif | https://www.bestbottles.com/images/store/measured/GBSlk30RdcrBrwnLthr.gif | https://www.bestbottles.com/images/store/measured/GBSlk30RdcrIvyLthr.gif | https://www.bestbottles.com/images/store/measured/GBSlk30RdcrLBrwnLthr.gif | https://www.bestbottles.com/images/store/measured/GBSlk30RdcrMtSl.gif | https://www.bestbottles.com/images/store/measured/GBSlk30RdcrMtSlTall.gif | https://www.bestbottles.com/images/store/measured/GBSlk30RdcrPnkLthr.gif | https://www.bestbottles.com/images/store/measured/GBSlk30RdcrShnBlk.gif | https://www.bestbottles.com/images/store/measured/GBSlk30RdcrShnBlkTall.gif | https://www.bestbottles.com/images/store/measured/GBSlk30RdcrShnGl.gif | https://www.bestbottles.com/images/store/measured/GBSlk30RdcrShnSl.gif | https://www.bestbottles.com/images/store/measured/GBSlk30RdcrWht.gif | https://www.bestbottles.com/images/store/measured/GBSlk30SpryCu.gif | https://www.bestbottles.com/images/store/measured/GBSlk30SpryMtGl.gif | https://www.bestbottles.com/images/store/measured/GBSlk30SpryMtSl.gif | https://www.bestbottles.com/images/store/measured/GBSlk30SpryShnBlk.gif | https://www.bestbottles.com/images/store/measured/GBSlk30SpryShnGl.gif | https://www.bestbottles.com/images/store/measured/GBSlk30SpryShnSl.gif | https://www.bestbottles.com/images/store/measured/LBSlk30LtnClOvrCap.gif | https://www.bestbottles.com/images/store/measured/LBSlk30LtnCu.gif | https://www.bestbottles.com/images/store/measured/LBSlk30LtnMtGl.gif | https://www.bestbottles.com/images/store/measured/LBSlk30LtnMtSl.gif | https://www.bestbottles.com/images/store/measured/LBSlk30LtnShnBlk.gif | https://www.bestbottles.com/images/store/measured/LBSlk30LtnShnGl.gif | https://www.bestbottles.com/images/store/measured/LBSlk30LtnShnSl.gif | https://www.bestbottles.com/images/store/measured/LBSlk30WhtRectClOverCap.gif,38,SLEEK-30ML-18-415,manual-review-required,P0-TRUTH,missing,measured-body-geometry-only,Resolve catalog geometry/body-color truth before authority creation.,,,convex_widthaxis_corrected_by_site(was=37.0)×27 | convex_widthaxis_corrected_by_site(was=34.8)×5 | d:group_outlier_unresolved×4
100,shot__body__sleek__50ml__139x28x28.0__6f385422b8__clear,body-appearance,body,Sleek,50,18-415,body__sleek__50ml__139x28x28.0__6f385422b8,Clear,Glass,,https://cdn.shopify.com/s/files/1/0739/9420/7524/files/GB-SLK-CLR-50ML-RDC-MSLV-01__GBSlk50RdcrMtSl__pdp-main__v001.png?v=1781252487 | https://cdn.shopify.com/s/files/1/0739/9420/7524/files/GB-SLK-CLR-50ML-RDC-SBLK-01__GBSlk50RdcrShnBlk__pdp-main__v001_69e47732-a83b-4601-b5f1-482ba7c5fb9d.png?v=1781252487 | https://www.bestbottles.com/images/store/depthview/GBSlk50AnSpBlk.gif | https://www.bestbottles.com/images/store/depthview/GBSlk50AnSpGl.gif | https://www.bestbottles.com/images/store/depthview/GBSlk50AnSpIvyGl.gif | https://www.bestbottles.com/images/store/depthview/GBSlk50AnSpIvySl.gif | https://www.bestbottles.com/images/store/depthview/GBSlk50AnSpLvn.gif | https://www.bestbottles.com/images/store/depthview/GBSlk50AnSpMtSl.gif | https://www.bestbottles.com/images/store/depthview/GBSlk50AnSpPnk.gif | https://www.bestbottles.com/images/store/depthview/GBSlk50AnSpRed.gif | https://www.bestbottles.com/images/store/depthview/GBSlk50AnSpTslBlk.gif | https://www.bestbottles.com/images/store/depthview/GBSlk50AnSpTslGl.gif | https://www.bestbottles.com/images/store/depthview/GBSlk50AnSpTslIvyGl.gif | https://www.bestbottles.com/images/store/depthview/GBSlk50AnSpTslIvySl.gif | https://www.bestbottles.com/images/store/depthview/GBSlk50AnSpTslLvn.gif | https://www.bestbottles.com/images/store/depthview/GBSlk50AnSpTslMtSl.gif | https://www.bestbottles.com/images/store/depthview/GBSlk50AnSpTslPnk.gif | https://www.bestbottles.com/images/store/depthview/GBSlk50AnSpTslRed.gif | https://www.bestbottles.com/images/store/depthview/GBSlk50AnSpTslWht.gif | https://www.bestbottles.com/images/store/depthview/GBSlk50AnSpWht.gif | https://www.bestbottles.com/images/store/depthview/GBSlk50RdcrBlkLthr.gif | https://www.bestbottles.com/images/store/depthview/GBSlk50RdcrBrwnLthr.gif | https://www.bestbottles.com/images/store/depthview/GBSlk50RdcrIvyLthr.gif | https://www.bestbottles.com/images/store/depthview/GBSlk50RdcrLBrwnLthr.gif | https://www.bestbottles.com/images/store/depthview/GBSlk50RdcrMtSl.gif | https://www.bestbottles.com/images/store/depthview/GBSlk50RdcrMtSlTall.gif | https://www.bestbottles.com/images/store/depthview/GBSlk50RdcrPnkLthr.gif | https://www.bestbottles.com/images/store/depthview/GBSlk50RdcrShnBlk.gif | https://www.bestbottles.com/images/store/depthview/GBSlk50RdcrShnBlkTall.gif | https://www.bestbottles.com/images/store/depthview/GBSlk50RdcrShnGl.gif | https://www.bestbottles.com/images/store/depthview/GBSlk50RdcrShnSl.gif | https://www.bestbottles.com/images/store/depthview/GBSlk50RdcrWht.gif | https://www.bestbottles.com/images/store/depthview/GBSlk50SpryCu.gif | https://www.bestbottles.com/images/store/depthview/GBSlk50SpryMtGl.gif | https://www.bestbottles.com/images/store/depthview/GBSlk50SpryMtSl.gif | https://www.bestbottles.com/images/store/depthview/GBSlk50SpryShnBlk.gif | https://www.bestbottles.com/images/store/depthview/GBSlk50SpryShnGl.gif | https://www.bestbottles.com/images/store/depthview/GBSlk50SpryShnSl.gif | https://www.bestbottles.com/images/store/depthview/LBSlk50LtnClOvrCap.gif | https://www.bestbottles.com/images/store/depthview/LBSlk50LtnCu.gif | https://www.bestbottles.com/images/store/depthview/LBSlk50LtnMtGl.gif | https://www.bestbottles.com/images/store/depthview/LBSlk50LtnMtSl.gif | https://www.bestbottles.com/images/store/depthview/LBSlk50LtnShnBlk.gif | https://www.bestbottles.com/images/store/depthview/LBSlk50LtnShnGl.gif | https://www.bestbottles.com/images/store/depthview/LBSlk50LtnShnSl.gif | https://www.bestbottles.com/images/store/depthview/LBSlk50WhtRectClOverCap.gif | https://www.bestbottles.com/images/store/enlarged_pics/GBSlk50AnSpBlk.gif | https://www.bestbottles.com/images/store/enlarged_pics/GBSlk50AnSpGl.gif | https://www.bestbottles.com/images/store/enlarged_pics/GBSlk50AnSpIvyGl.gif | https://www.bestbottles.com/images/store/enlarged_pics/GBSlk50AnSpIvySl.gif | https://www.bestbottles.com/images/store/enlarged_pics/GBSlk50AnSpLvn.gif | https://www.bestbottles.com/images/store/enlarged_pics/GBSlk50AnSpMtSl.gif | https://www.bestbottles.com/images/store/enlarged_pics/GBSlk50AnSpPnk.gif | https://www.bestbottles.com/images/store/enlarged_pics/GBSlk50AnSpRed.gif | https://www.bestbottles.com/images/store/enlarged_pics/GBSlk50AnSpTslBlk.gif | https://www.bestbottles.com/images/store/enlarged_pics/GBSlk50AnSpTslGl.gif | https://www.bestbottles.com/images/store/enlarged_pics/GBSlk50AnSpTslIvyGl.gif | https://www.bestbottles.com/images/store/enlarged_pics/GBSlk50AnSpTslIvySl.gif | https://www.bestbottles.com/images/store/enlarged_pics/GBSlk50AnSpTslLvn.gif | https://www.bestbottles.com/images/store/enlarged_pics/GBSlk50AnSpTslMtSl.gif | https://www.bestbottles.com/images/store/enlarged_pics/GBSlk50AnSpTslPnk.gif | https://www.bestbottles.com/images/store/enlarged_pics/GBSlk50AnSpTslRed.gif | https://www.bestbottles.com/images/store/enlarged_pics/GBSlk50AnSpTslWht.gif | https://www.bestbottles.com/images/store/enlarged_pics/GBSlk50AnSpWht.gif | https://www.bestbottles.com/images/store/enlarged_pics/GBSlk50RdcrBlkLthr.gif | https://www.bestbottles.com/images/store/enlarged_pics/GBSlk50RdcrBrwnLthr.gif | https://www.bestbottles.com/images/store/enlarged_pics/GBSlk50RdcrIvyLthr.gif | https://www.bestbottles.com/images/store/enlarged_pics/GBSlk50RdcrLBrwnLthr.gif | https://www.bestbottles.com/images/store/enlarged_pics/GBSlk50RdcrMtSl.gif | https://www.bestbottles.com/images/store/enlarged_pics/GBSlk50RdcrMtSlTall.gif | https://www.bestbottles.com/images/store/enlarged_pics/GBSlk50RdcrPnkLthr.gif | https://www.bestbottles.com/images/store/enlarged_pics/GBSlk50RdcrShnBlk.gif | https://www.bestbottles.com/images/store/enlarged_pics/GBSlk50RdcrShnBlkTall.gif | https://www.bestbottles.com/images/store/enlarged_pics/GBSlk50RdcrShnGl.gif | https://www.bestbottles.com/images/store/enlarged_pics/GBSlk50RdcrShnSl.gif | https://www.bestbottles.com/images/store/enlarged_pics/GBSlk50RdcrWht.gif | https://www.bestbottles.com/images/store/enlarged_pics/GBSlk50SpryCu.gif | https://www.bestbottles.com/images/store/enlarged_pics/GBSlk50SpryMtGl.gif | https://www.bestbottles.com/images/store/enlarged_pics/GBSlk50SpryMtSl.gif | https://www.bestbottles.com/images/store/enlarged_pics/GBSlk50SpryShnBlk.gif | https://www.bestbottles.com/images/store/enlarged_pics/GBSlk50SpryShnGl.gif | https://www.bestbottles.com/images/store/enlarged_pics/GBSlk50SpryShnSl.gif | https://www.bestbottles.com/images/store/enlarged_pics/LBSlk50LtnClOvrCap.gif | https://www.bestbottles.com/images/store/enlarged_pics/LBSlk50LtnCu.gif | https://www.bestbottles.com/images/store/enlarged_pics/LBSlk50LtnMtGl.gif | https://www.bestbottles.com/images/store/enlarged_pics/LBSlk50LtnMtSl.gif | https://www.bestbottles.com/images/store/enlarged_pics/LBSlk50LtnShnBlk.gif | https://www.bestbottles.com/images/store/enlarged_pics/LBSlk50LtnShnGl.gif | https://www.bestbottles.com/images/store/enlarged_pics/LBSlk50LtnShnSl.gif | https://www.bestbottles.com/images/store/enlarged_pics/LBSlk50WhtRectClOverCap.gif | https://www.bestbottles.com/images/store/measured/GBSlk50SpryCu.gif | https://www.bestbottles.com/images/store/measured/GBSlk50SpryMtGl.gif | https://www.bestbottles.com/images/store/measured/GBSlk50SpryMtSl.gif | https://www.bestbottles.com/images/store/measured/GBSlk50SpryShnBlk.gif | https://www.bestbottles.com/images/store/measured/GBSlk50SpryShnGl.gif | https://www.bestbottles.com/images/store/measured/GBSlk50SpryShnSl.gif,44,SLEEK-50ML-18-415,manual-review-required,P0-TRUTH,missing,measured-body-geometry-only,Resolve catalog geometry/body-color truth before authority creation.,,,convex_widthaxis_corrected_by_site(was=72.0)×38
101,shot__body__sleek__100ml__149x36x36.0__d61f318be1__clear,body-appearance,body,Sleek,100,18-415,body__sleek__100ml__149x36x36.0__d61f318be1,Clear,Glass,,https://cdn.shopify.com/s/files/1/0739/9420/7524/files/GB-SLK-CLR-100ML-RDC-MSLV-01__GBSlk100RdcrMtSl__pdp-main__v001.png?v=1781251974 | https://cdn.shopify.com/s/files/1/0739/9420/7524/files/GB-SLK-CLR-100ML-RDC-SBLK-01__GBSlk100RdcrShnBlk__pdp-main__v001.png?v=1781251974 | https://www.bestbottles.com/images/store/depthview/GBSlk100AnSpBlk.gif | https://www.bestbottles.com/images/store/depthview/GBSlk100AnSpGl.gif | https://www.bestbottles.com/images/store/depthview/GBSlk100AnSpIvyGl.gif | https://www.bestbottles.com/images/store/depthview/GBSlk100AnSpIvySl.gif | https://www.bestbottles.com/images/store/depthview/GBSlk100AnSpLvn.gif | https://www.bestbottles.com/images/store/depthview/GBSlk100AnSpMtSl.gif | https://www.bestbottles.com/images/store/depthview/GBSlk100AnSpPnk.gif | https://www.bestbottles.com/images/store/depthview/GBSlk100AnSpRed.gif | https://www.bestbottles.com/images/store/depthview/GBSlk100AnSpTslBlk.gif | https://www.bestbottles.com/images/store/depthview/GBSlk100AnSpTslGl.gif | https://www.bestbottles.com/images/store/depthview/GBSlk100AnSpTslIvyGl.gif | https://www.bestbottles.com/images/store/depthview/GBSlk100AnSpTslIvySl.gif | https://www.bestbottles.com/images/store/depthview/GBSlk100AnSpTslLvn.gif | https://www.bestbottles.com/images/store/depthview/GBSlk100AnSpTslMtSl.gif | https://www.bestbottles.com/images/store/depthview/GBSlk100AnSpTslPnk.gif | https://www.bestbottles.com/images/store/depthview/GBSlk100AnSpTslRed.gif | https://www.bestbottles.com/images/store/depthview/GBSlk100AnSpTslWht.gif | https://www.bestbottles.com/images/store/depthview/GBSlk100AnSpWht.gif | https://www.bestbottles.com/images/store/depthview/GBSlk100RdcrBlkLthr.gif | https://www.bestbottles.com/images/store/depthview/GBSlk100RdcrBrwnLthr.gif | https://www.bestbottles.com/images/store/depthview/GBSlk100RdcrIvyLthr.gif | https://www.bestbottles.com/images/store/depthview/GBSlk100RdcrLBrwnLthr.gif | https://www.bestbottles.com/images/store/depthview/GBSlk100RdcrMtSl.gif | https://www.bestbottles.com/images/store/depthview/GBSlk100RdcrMtSlTall.gif | https://www.bestbottles.com/images/store/depthview/GBSlk100RdcrPnkLthr.gif | https://www.bestbottles.com/images/store/depthview/GBSlk100RdcrShnBlk.gif | https://www.bestbottles.com/images/store/depthview/GBSlk100RdcrShnBlkTall.gif | https://www.bestbottles.com/images/store/depthview/GBSlk100RdcrShnGl.gif | https://www.bestbottles.com/images/store/depthview/GBSlk100RdcrShnSl.gif | https://www.bestbottles.com/images/store/depthview/GBSlk100RdcrWht.gif | https://www.bestbottles.com/images/store/depthview/GBSlk100SpryCu.gif | https://www.bestbottles.com/images/store/depthview/GBSlk100SpryMtGl.gif | https://www.bestbottles.com/images/store/depthview/GBSlk100SpryMtSl.gif | https://www.bestbottles.com/images/store/depthview/GBSlk100SpryShnBlk.gif | https://www.bestbottles.com/images/store/depthview/GBSlk100SpryShnGl.gif | https://www.bestbottles.com/images/store/depthview/GBSlk100SpryShnSl.gif | https://www.bestbottles.com/images/store/enlarged_pics/GBSlk100AnSpBlk.gif | https://www.bestbottles.com/images/store/enlarged_pics/GBSlk100AnSpGl.gif | https://www.bestbottles.com/images/store/enlarged_pics/GBSlk100AnSpIvyGl.gif | https://www.bestbottles.com/images/store/enlarged_pics/GBSlk100AnSpIvySl.gif | https://www.bestbottles.com/images/store/enlarged_pics/GBSlk100AnSpLvn.gif | https://www.bestbottles.com/images/store/enlarged_pics/GBSlk100AnSpMtSl.gif | https://www.bestbottles.com/images/store/enlarged_pics/GBSlk100AnSpPnk.gif | https://www.bestbottles.com/images/store/enlarged_pics/GBSlk100AnSpRed.gif | https://www.bestbottles.com/images/store/enlarged_pics/GBSlk100AnSpTslBlk.gif | https://www.bestbottles.com/images/store/enlarged_pics/GBSlk100AnSpTslGl.gif | https://www.bestbottles.com/images/store/enlarged_pics/GBSlk100AnSpTslIvyGl.gif | https://www.bestbottles.com/images/store/enlarged_pics/GBSlk100AnSpTslIvySl.gif | https://www.bestbottles.com/images/store/enlarged_pics/GBSlk100AnSpTslLvn.gif | https://www.bestbottles.com/images/store/enlarged_pics/GBSlk100AnSpTslMtSl.gif | https://www.bestbottles.com/images/store/enlarged_pics/GBSlk100AnSpTslPnk.gif | https://www.bestbottles.com/images/store/enlarged_pics/GBSlk100AnSpTslRed.gif | https://www.bestbottles.com/images/store/enlarged_pics/GBSlk100AnSpTslWht.gif | https://www.bestbottles.com/images/store/enlarged_pics/GBSlk100AnSpWht.gif | https://www.bestbottles.com/images/store/enlarged_pics/GBSlk100RdcrBlkLthr.gif | https://www.bestbottles.com/images/store/enlarged_pics/GBSlk100RdcrBrwnLthr.gif | https://www.bestbottles.com/images/store/enlarged_pics/GBSlk100RdcrIvyLthr.gif | https://www.bestbottles.com/images/store/enlarged_pics/GBSlk100RdcrLBrwnLthr.gif | https://www.bestbottles.com/images/store/enlarged_pics/GBSlk100RdcrMtSl.gif | https://www.bestbottles.com/images/store/enlarged_pics/GBSlk100RdcrMtSlTall.gif | https://www.bestbottles.com/images/store/enlarged_pics/GBSlk100RdcrPnkLthr.gif | https://www.bestbottles.com/images/store/enlarged_pics/GBSlk100RdcrShnBlk.gif | https://www.bestbottles.com/images/store/enlarged_pics/GBSlk100RdcrShnBlkTall.gif | https://www.bestbottles.com/images/store/enlarged_pics/GBSlk100RdcrShnGl.gif | https://www.bestbottles.com/images/store/enlarged_pics/GBSlk100RdcrShnSl.gif | https://www.bestbottles.com/images/store/enlarged_pics/GBSlk100RdcrWht.gif | https://www.bestbottles.com/images/store/enlarged_pics/GBSlk100SpryCu.gif | https://www.bestbottles.com/images/store/enlarged_pics/GBSlk100SpryMtGl.gif | https://www.bestbottles.com/images/store/enlarged_pics/GBSlk100SpryMtSl.gif | https://www.bestbottles.com/images/store/enlarged_pics/GBSlk100SpryShnBlk.gif | https://www.bestbottles.com/images/store/enlarged_pics/GBSlk100SpryShnGl.gif | https://www.bestbottles.com/images/store/enlarged_pics/GBSlk100SpryShnSl.gif | https://www.bestbottles.com/images/store/measured/GBSlk100AnSpBlk.gif | https://www.bestbottles.com/images/store/measured/GBSlk100AnSpGl.gif | https://www.bestbottles.com/images/store/measured/GBSlk100AnSpIvyGl.gif | https://www.bestbottles.com/images/store/measured/GBSlk100AnSpIvySl.gif | https://www.bestbottles.com/images/store/measured/GBSlk100AnSpLvn.gif | https://www.bestbottles.com/images/store/measured/GBSlk100AnSpMtSl.gif | https://www.bestbottles.com/images/store/measured/GBSlk100AnSpPnk.gif | https://www.bestbottles.com/images/store/measured/GBSlk100AnSpRed.gif | https://www.bestbottles.com/images/store/measured/GBSlk100AnSpTslBlk.gif | https://www.bestbottles.com/images/store/measured/GBSlk100AnSpTslGl.gif | https://www.bestbottles.com/images/store/measured/GBSlk100AnSpTslIvyGl.gif | https://www.bestbottles.com/images/store/measured/GBSlk100AnSpTslIvySl.gif | https://www.bestbottles.com/images/store/measured/GBSlk100AnSpTslLvn.gif | https://www.bestbottles.com/images/store/measured/GBSlk100AnSpTslMtSl.gif | https://www.bestbottles.com/images/store/measured/GBSlk100AnSpTslPnk.gif | https://www.bestbottles.com/images/store/measured/GBSlk100AnSpTslRed.gif | https://www.bestbottles.com/images/store/measured/GBSlk100AnSpTslWht.gif | https://www.bestbottles.com/images/store/measured/GBSlk100AnSpWht.gif | https://www.bestbottles.com/images/store/measured/GBSlk100RdcrBlkLthr.gif | https://www.bestbottles.com/images/store/measured/GBSlk100RdcrBrwnLthr.gif | https://www.bestbottles.com/images/store/measured/GBSlk100RdcrIvyLthr.gif | https://www.bestbottles.com/images/store/measured/GBSlk100RdcrLBrwnLthr.gif | https://www.bestbottles.com/images/store/measured/GBSlk100RdcrMtSl.gif | https://www.bestbottles.com/images/store/measured/GBSlk100RdcrMtSlTall.gif | https://www.bestbottles.com/images/store/measured/GBSlk100RdcrPnkLthr.gif | https://www.bestbottles.com/images/store/measured/GBSlk100RdcrShnBlk.gif | https://www.bestbottles.com/images/store/measured/GBSlk100RdcrShnBlkTall.gif | https://www.bestbottles.com/images/store/measured/GBSlk100RdcrShnGl.gif | https://www.bestbottles.com/images/store/measured/GBSlk100RdcrShnSl.gif | https://www.bestbottles.com/images/store/measured/GBSlk100RdcrWht.gif | https://www.bestbottles.com/images/store/measured/GBSlk100SpryCu.gif | https://www.bestbottles.com/images/store/measured/GBSlk100SpryMtGl.gif | https://www.bestbottles.com/images/store/measured/GBSlk100SpryMtSl.gif | https://www.bestbottles.com/images/store/measured/GBSlk100SpryShnBlk.gif | https://www.bestbottles.com/images/store/measured/GBSlk100SpryShnGl.gif | https://www.bestbottles.com/images/store/measured/GBSlk100SpryShnSl.gif,36,SLEEK-100ML-18-415,manual-review-required,P0-TRUTH,missing,measured-body-geometry-only,Resolve catalog geometry/body-color truth before authority creation.,,,convex_widthaxis_corrected_by_site(was=78.0)×38
102,shot__body__slim__30ml__87x30x30.0__5b91ed8aee__clear,body-appearance,body,Slim,30,18-415,body__slim__30ml__87x30x30.0__5b91ed8aee,Clear,Glass,,https://cdn.shopify.com/s/files/1/0739/9420/7524/files/GB-SLM-CLR-30ML-RDC-MSLV-01__GBSlm30RdcrMtSl__pdp-main__v001.png?v=1781252356 | https://cdn.shopify.com/s/files/1/0739/9420/7524/files/GB-SLM-CLR-30ML-RDC-SBLK-01__GBSlm30RdcrShnBlk__pdp-main__v001.png?v=1781252356 | https://www.bestbottles.com/images/store/depthview/GBSlm30AnSpBlk.gif | https://www.bestbottles.com/images/store/depthview/GBSlm30AnSpGl.gif | https://www.bestbottles.com/images/store/depthview/GBSlm30AnSpIvyGl.gif | https://www.bestbottles.com/images/store/depthview/GBSlm30AnSpIvySl.gif | https://www.bestbottles.com/images/store/depthview/GBSlm30AnSpLvn.gif | https://www.bestbottles.com/images/store/depthview/GBSlm30AnSpMtSl.gif | https://www.bestbottles.com/images/store/depthview/GBSlm30AnSpPnk.gif | https://www.bestbottles.com/images/store/depthview/GBSlm30AnSpRed.gif | https://www.bestbottles.com/images/store/depthview/GBSlm30AnSpWht.gif | https://www.bestbottles.com/images/store/depthview/GBSlm30DrpCu.gif | https://www.bestbottles.com/images/store/depthview/GBSlm30DrpGl.gif | https://www.bestbottles.com/images/store/depthview/GBSlm30DrpSl.gif | https://www.bestbottles.com/images/store/depthview/GBSlm30RdcrBlkLthr.gif | https://www.bestbottles.com/images/store/depthview/GBSlm30RdcrBrwnLthr.gif | https://www.bestbottles.com/images/store/depthview/GBSlm30RdcrIvyLthr.gif | https://www.bestbottles.com/images/store/depthview/GBSlm30RdcrLBrwnLthr.gif | https://www.bestbottles.com/images/store/depthview/GBSlm30RdcrMtSl.gif | https://www.bestbottles.com/images/store/depthview/GBSlm30RdcrMtSlTall.gif | https://www.bestbottles.com/images/store/depthview/GBSlm30RdcrPnkLthr.gif | https://www.bestbottles.com/images/store/depthview/GBSlm30RdcrShnBlk.gif | https://www.bestbottles.com/images/store/depthview/GBSlm30RdcrShnBlkTall.gif | https://www.bestbottles.com/images/store/depthview/GBSlm30RdcrShnGl.gif | https://www.bestbottles.com/images/store/depthview/GBSlm30RdcrShnSl.gif | https://www.bestbottles.com/images/store/depthview/GBSlm30RdcrWht.gif | https://www.bestbottles.com/images/store/depthview/GBSlm30SpryCu.gif | https://www.bestbottles.com/images/store/depthview/GBSlm30SpryMtGl.gif | https://www.bestbottles.com/images/store/depthview/GBSlm30SpryMtSl.gif | https://www.bestbottles.com/images/store/depthview/GBSlm30SpryShnBlk.gif | https://www.bestbottles.com/images/store/depthview/GBSlm30SpryShnGl.gif | https://www.bestbottles.com/images/store/depthview/GBSlm30SpryShnSl.gif | https://www.bestbottles.com/images/store/depthview/LBSlm30LtnClOvrCap.gif | https://www.bestbottles.com/images/store/depthview/LBSlm30LtnCu.gif | https://www.bestbottles.com/images/store/depthview/LBSlm30LtnMtGl.gif | https://www.bestbottles.com/images/store/depthview/LBSlm30LtnMtSl.gif | https://www.bestbottles.com/images/store/depthview/LBSlm30LtnShnBlk.gif | https://www.bestbottles.com/images/store/depthview/LBSlm30LtnShnGl.gif | https://www.bestbottles.com/images/store/depthview/LBSlm30LtnShnSl.gif | https://www.bestbottles.com/images/store/enlarged_pics/GBSlm30AnSpBlk.gif | https://www.bestbottles.com/images/store/enlarged_pics/GBSlm30AnSpGl.gif | https://www.bestbottles.com/images/store/enlarged_pics/GBSlm30AnSpIvyGl.gif | https://www.bestbottles.com/images/store/enlarged_pics/GBSlm30AnSpIvySl.gif | https://www.bestbottles.com/images/store/enlarged_pics/GBSlm30AnSpLvn.gif | https://www.bestbottles.com/images/store/enlarged_pics/GBSlm30AnSpMtSl.gif | https://www.bestbottles.com/images/store/enlarged_pics/GBSlm30AnSpPnk.gif | https://www.bestbottles.com/images/store/enlarged_pics/GBSlm30AnSpRed.gif | https://www.bestbottles.com/images/store/enlarged_pics/GBSlm30AnSpWht.gif | https://www.bestbottles.com/images/store/enlarged_pics/GBSlm30DrpCu.gif | https://www.bestbottles.com/images/store/enlarged_pics/GBSlm30DrpGl.gif | https://www.bestbottles.com/images/store/enlarged_pics/GBSlm30DrpSl.gif | https://www.bestbottles.com/images/store/enlarged_pics/GBSlm30RdcrBlkLthr.gif | https://www.bestbottles.com/images/store/enlarged_pics/GBSlm30RdcrBrwnLthr.gif | https://www.bestbottles.com/images/store/enlarged_pics/GBSlm30RdcrIvyLthr.gif | https://www.bestbottles.com/images/store/enlarged_pics/GBSlm30RdcrLBrwnLthr.gif | https://www.bestbottles.com/images/store/enlarged_pics/GBSlm30RdcrMtSl.gif | https://www.bestbottles.com/images/store/enlarged_pics/GBSlm30RdcrMtSlTall.gif | https://www.bestbottles.com/images/store/enlarged_pics/GBSlm30RdcrPnkLthr.gif | https://www.bestbottles.com/images/store/enlarged_pics/GBSlm30RdcrShnBlk.gif | https://www.bestbottles.com/images/store/enlarged_pics/GBSlm30RdcrShnBlkTall.gif | https://www.bestbottles.com/images/store/enlarged_pics/GBSlm30RdcrShnGl.gif | https://www.bestbottles.com/images/store/enlarged_pics/GBSlm30RdcrShnSl.gif | https://www.bestbottles.com/images/store/enlarged_pics/GBSlm30RdcrWht.gif | https://www.bestbottles.com/images/store/enlarged_pics/GBSlm30SpryCu.gif | https://www.bestbottles.com/images/store/enlarged_pics/GBSlm30SpryMtGl.gif | https://www.bestbottles.com/images/store/enlarged_pics/GBSlm30SpryMtSl.gif | https://www.bestbottles.com/images/store/enlarged_pics/GBSlm30SpryShnBlk.gif | https://www.bestbottles.com/images/store/enlarged_pics/GBSlm30SpryShnGl.gif | https://www.bestbottles.com/images/store/enlarged_pics/GBSlm30SpryShnSl.gif | https://www.bestbottles.com/images/store/enlarged_pics/LBSlm30LtnClOvrCap.gif | https://www.bestbottles.com/images/store/enlarged_pics/LBSlm30LtnCu.gif | https://www.bestbottles.com/images/store/enlarged_pics/LBSlm30LtnMtGl.gif | https://www.bestbottles.com/images/store/enlarged_pics/LBSlm30LtnMtSl.gif | https://www.bestbottles.com/images/store/enlarged_pics/LBSlm30LtnShnBlk.gif | https://www.bestbottles.com/images/store/enlarged_pics/LBSlm30LtnShnGl.gif | https://www.bestbottles.com/images/store/enlarged_pics/LBSlm30LtnShnSl.gif | https://www.bestbottles.com/images/store/measured/GBSlm30AnSpBlk.gif | https://www.bestbottles.com/images/store/measured/GBSlm30AnSpGl.gif | https://www.bestbottles.com/images/store/measured/GBSlm30AnSpIvyGl.gif | https://www.bestbottles.com/images/store/measured/GBSlm30AnSpIvySl.gif | https://www.bestbottles.com/images/store/measured/GBSlm30AnSpLvn.gif | https://www.bestbottles.com/images/store/measured/GBSlm30AnSpMtSl.gif | https://www.bestbottles.com/images/store/measured/GBSlm30AnSpPnk.gif | https://www.bestbottles.com/images/store/measured/GBSlm30AnSpRed.gif | https://www.bestbottles.com/images/store/measured/GBSlm30AnSpWht.gif | https://www.bestbottles.com/images/store/measured/GBSlm30DrpCu.gif | https://www.bestbottles.com/images/store/measured/GBSlm30DrpGl.gif | https://www.bestbottles.com/images/store/measured/GBSlm30DrpSl.gif | https://www.bestbottles.com/images/store/measured/GBSlm30RdcrBlkLthr.gif | https://www.bestbottles.com/images/store/measured/GBSlm30RdcrBrwnLthr.gif | https://www.bestbottles.com/images/store/measured/GBSlm30RdcrIvyLthr.gif | https://www.bestbottles.com/images/store/measured/GBSlm30RdcrLBrwnLthr.gif | https://www.bestbottles.com/images/store/measured/GBSlm30RdcrMtSl.gif | https://www.bestbottles.com/images/store/measured/GBSlm30RdcrMtSlTall.gif | https://www.bestbottles.com/images/store/measured/GBSlm30RdcrPnkLthr.gif | https://www.bestbottles.com/images/store/measured/GBSlm30RdcrShnBlk.gif | https://www.bestbottles.com/images/store/measured/GBSlm30RdcrShnBlkTall.gif | https://www.bestbottles.com/images/store/measured/GBSlm30RdcrShnGl.gif | https://www.bestbottles.com/images/store/measured/GBSlm30RdcrShnSl.gif | https://www.bestbottles.com/images/store/measured/GBSlm30RdcrWht.gif | https://www.bestbottles.com/images/store/measured/GBSlm30SpryCu.gif | https://www.bestbottles.com/images/store/measured/GBSlm30SpryMtGl.gif | https://www.bestbottles.com/images/store/measured/GBSlm30SpryMtSl.gif | https://www.bestbottles.com/images/store/measured/GBSlm30SpryShnBlk.gif | https://www.bestbottles.com/images/store/measured/GBSlm30SpryShnGl.gif | https://www.bestbottles.com/images/store/measured/GBSlm30SpryShnSl.gif | https://www.bestbottles.com/images/store/measured/LBSlm30LtnClOvrCap.gif | https://www.bestbottles.com/images/store/measured/LBSlm30LtnCu.gif | https://www.bestbottles.com/images/store/measured/LBSlm30LtnMtGl.gif | https://www.bestbottles.com/images/store/measured/LBSlm30LtnMtSl.gif | https://www.bestbottles.com/images/store/measured/LBSlm30LtnShnBlk.gif | https://www.bestbottles.com/images/store/measured/LBSlm30LtnShnGl.gif | https://www.bestbottles.com/images/store/measured/LBSlm30LtnShnSl.gif,37,SLIM-30ML-18-415,manual-review-required,P0-TRUTH,missing,measured-body-geometry-only,Resolve catalog geometry/body-color truth before authority creation.,,,convex_widthaxis_corrected_by_site(was=33.0)×7
103,shot__body__slim__50ml__121x30x30.0__2a4b6d14e9__clear,body-appearance,body,Slim,50,18-415,body__slim__50ml__121x30x30.0__2a4b6d14e9,Clear,Glass,,https://www.bestbottles.com/images/store/depthview/GBSlm50AnSpPnk.gif | https://www.bestbottles.com/images/store/enlarged_pics/GBSlm50AnSpPnk.gif | https://www.bestbottles.com/images/store/measured/GBSlm50AnSpPnk.gif,1,SLIM-50ML-18-415,manual-review-required,P0-TRUTH,missing,measured-body-geometry-only,Resolve catalog geometry/body-color truth before authority creation.,,,h:group_outlier_unresolved×1 | convex_height_corrected_by_site(was=85.0)×1
104,shot__body__slim__50ml__121x31x31.0__b173cb428b__clear,body-appearance,body,Slim,50,18-415,body__slim__50ml__121x31x31.0__b173cb428b,Clear,Glass,,https://cdn.shopify.com/s/files/1/0739/9420/7524/files/GB-SLM-CLR-50ML-RDC-MSLV-01__GBSlm50RdcrMtSl__pdp-main__v001.png?v=1781252507 | https://cdn.shopify.com/s/files/1/0739/9420/7524/files/GB-SLM-CLR-50ML-RDC-SBLK-01__GBSlm50RdcrShnBlk__pdp-main__v001_7fa305a7-534b-4f68-a29b-c5e653a35cd2.png?v=1781252507 | https://www.bestbottles.com/images/store/depthview/GBSlm50AnSpBlk.gif | https://www.bestbottles.com/images/store/depthview/GBSlm50AnSpGl.gif | https://www.bestbottles.com/images/store/depthview/GBSlm50AnSpIvyGl.gif | https://www.bestbottles.com/images/store/depthview/GBSlm50AnSpIvySl.gif | https://www.bestbottles.com/images/store/depthview/GBSlm50AnSpLvn.gif | https://www.bestbottles.com/images/store/depthview/GBSlm50AnSpMtSl.gif | https://www.bestbottles.com/images/store/depthview/GBSlm50AnSpRed.gif | https://www.bestbottles.com/images/store/depthview/GBSlm50AnSpTslBlk.gif | https://www.bestbottles.com/images/store/depthview/GBSlm50AnSpTslGl.gif | https://www.bestbottles.com/images/store/depthview/GBSlm50AnSpTslIvyGl.gif | https://www.bestbottles.com/images/store/depthview/GBSlm50AnSpTslIvySl.gif | https://www.bestbottles.com/images/store/depthview/GBSlm50AnSpTslLvn.gif | https://www.bestbottles.com/images/store/depthview/GBSlm50AnSpTslMtSl.gif | https://www.bestbottles.com/images/store/depthview/GBSlm50AnSpTslPnk.gif | https://www.bestbottles.com/images/store/depthview/GBSlm50AnSpTslRed.gif | https://www.bestbottles.com/images/store/depthview/GBSlm50AnSpTslWht.gif | https://www.bestbottles.com/images/store/depthview/GBSlm50AnSpWht.gif | https://www.bestbottles.com/images/store/depthview/GBSlm50RdcrBlkLthr.gif | https://www.bestbottles.com/images/store/depthview/GBSlm50RdcrBrwnLthr.gif | https://www.bestbottles.com/images/store/depthview/GBSlm50RdcrIvyLthr.gif | https://www.bestbottles.com/images/store/depthview/GBSlm50RdcrLBrwnLthr.gif | https://www.bestbottles.com/images/store/depthview/GBSlm50RdcrMtSl.gif | https://www.bestbottles.com/images/store/depthview/GBSlm50RdcrMtSlTall.gif | https://www.bestbottles.com/images/store/depthview/GBSlm50RdcrPnkLthr.gif | https://www.bestbottles.com/images/store/depthview/GBSlm50RdcrShnBlk.gif | https://www.bestbottles.com/images/store/depthview/GBSlm50RdcrShnBlkTall.gif | https://www.bestbottles.com/images/store/depthview/GBSlm50RdcrShnGl.gif | https://www.bestbottles.com/images/store/depthview/GBSlm50RdcrShnSl.gif | https://www.bestbottles.com/images/store/depthview/GBSlm50RdcrWht.gif | https://www.bestbottles.com/images/store/depthview/GBSlm50SpryCu.gif | https://www.bestbottles.com/images/store/depthview/GBSlm50SpryMtGl.gif | https://www.bestbottles.com/images/store/depthview/GBSlm50SpryMtSl.gif | https://www.bestbottles.com/images/store/depthview/GBSlm50SpryShnBlk.gif | https://www.bestbottles.com/images/store/depthview/GBSlm50SpryShnGl.gif | https://www.bestbottles.com/images/store/depthview/GBSlm50SpryShnSl.gif | https://www.bestbottles.com/images/store/depthview/LBSlm50LtnClOvrCap.gif | https://www.bestbottles.com/images/store/depthview/LBSlm50LtnCu.gif | https://www.bestbottles.com/images/store/depthview/LBSlm50LtnMtGl.gif | https://www.bestbottles.com/images/store/depthview/LBSlm50LtnMtSl.gif | https://www.bestbottles.com/images/store/depthview/LBSlm50LtnShnBlk.gif | https://www.bestbottles.com/images/store/depthview/LBSlm50LtnShnGl.gif | https://www.bestbottles.com/images/store/depthview/LBSlm50LtnShnSl.gif | https://www.bestbottles.com/images/store/enlarged_pics/GBSlm50AnSpBlk.gif | https://www.bestbottles.com/images/store/enlarged_pics/GBSlm50AnSpGl.gif | https://www.bestbottles.com/images/store/enlarged_pics/GBSlm50AnSpIvyGl.gif | https://www.bestbottles.com/images/store/enlarged_pics/GBSlm50AnSpIvySl.gif | https://www.bestbottles.com/images/store/enlarged_pics/GBSlm50AnSpLvn.gif | https://www.bestbottles.com/images/store/enlarged_pics/GBSlm50AnSpMtSl.gif | https://www.bestbottles.com/images/store/enlarged_pics/GBSlm50AnSpRed.gif | https://www.bestbottles.com/images/store/enlarged_pics/GBSlm50AnSpTslBlk.gif | https://www.bestbottles.com/images/store/enlarged_pics/GBSlm50AnSpTslGl.gif | https://www.bestbottles.com/images/store/enlarged_pics/GBSlm50AnSpTslIvyGl.gif | https://www.bestbottles.com/images/store/enlarged_pics/GBSlm50AnSpTslIvySl.gif | https://www.bestbottles.com/images/store/enlarged_pics/GBSlm50AnSpTslLvn.gif | https://www.bestbottles.com/images/store/enlarged_pics/GBSlm50AnSpTslMtSl.gif | https://www.bestbottles.com/images/store/enlarged_pics/GBSlm50AnSpTslPnk.gif | https://www.bestbottles.com/images/store/enlarged_pics/GBSlm50AnSpTslRed.gif | https://www.bestbottles.com/images/store/enlarged_pics/GBSlm50AnSpTslWht.gif | https://www.bestbottles.com/images/store/enlarged_pics/GBSlm50AnSpWht.gif | https://www.bestbottles.com/images/store/enlarged_pics/GBSlm50RdcrBlkLthr.gif | https://www.bestbottles.com/images/store/enlarged_pics/GBSlm50RdcrBrwnLthr.gif | https://www.bestbottles.com/images/store/enlarged_pics/GBSlm50RdcrIvyLthr.gif | https://www.bestbottles.com/images/store/enlarged_pics/GBSlm50RdcrLBrwnLthr.gif | https://www.bestbottles.com/images/store/enlarged_pics/GBSlm50RdcrMtSl.gif | https://www.bestbottles.com/images/store/enlarged_pics/GBSlm50RdcrMtSlTall.gif | https://www.bestbottles.com/images/store/enlarged_pics/GBSlm50RdcrPnkLthr.gif | https://www.bestbottles.com/images/store/enlarged_pics/GBSlm50RdcrShnBlk.gif | https://www.bestbottles.com/images/store/enlarged_pics/GBSlm50RdcrShnBlkTall.gif | https://www.bestbottles.com/images/store/enlarged_pics/GBSlm50RdcrShnGl.gif | https://www.bestbottles.com/images/store/enlarged_pics/GBSlm50RdcrShnSl.gif | https://www.bestbottles.com/images/store/enlarged_pics/GBSlm50RdcrWht.gif | https://www.bestbottles.com/images/store/enlarged_pics/GBSlm50SpryCu.gif | https://www.bestbottles.com/images/store/enlarged_pics/GBSlm50SpryMtGl.gif | https://www.bestbottles.com/images/store/enlarged_pics/GBSlm50SpryMtSl.gif | https://www.bestbottles.com/images/store/enlarged_pics/GBSlm50SpryShnBlk.gif | https://www.bestbottles.com/images/store/enlarged_pics/GBSlm50SpryShnGl.gif | https://www.bestbottles.com/images/store/enlarged_pics/GBSlm50SpryShnSl.gif | https://www.bestbottles.com/images/store/enlarged_pics/LBSlm50LtnClOvrCap.gif | https://www.bestbottles.com/images/store/enlarged_pics/LBSlm50LtnCu.gif | https://www.bestbottles.com/images/store/enlarged_pics/LBSlm50LtnMtGl.gif | https://www.bestbottles.com/images/store/enlarged_pics/LBSlm50LtnMtSl.gif | https://www.bestbottles.com/images/store/enlarged_pics/LBSlm50LtnShnBlk.gif | https://www.bestbottles.com/images/store/enlarged_pics/LBSlm50LtnShnGl.gif | https://www.bestbottles.com/images/store/enlarged_pics/LBSlm50LtnShnSl.gif | https://www.bestbottles.com/images/store/measured/GBSlm50AnSpBlk.gif | https://www.bestbottles.com/images/store/measured/GBSlm50AnSpGl.gif | https://www.bestbottles.com/images/store/measured/GBSlm50AnSpIvyGl.gif | https://www.bestbottles.com/images/store/measured/GBSlm50AnSpIvySl.gif | https://www.bestbottles.com/images/store/measured/GBSlm50AnSpLvn.gif | https://www.bestbottles.com/images/store/measured/GBSlm50AnSpMtSl.gif | https://www.bestbottles.com/images/store/measured/GBSlm50AnSpRed.gif | https://www.bestbottles.com/images/store/measured/GBSlm50AnSpTslBlk.gif | https://www.bestbottles.com/images/store/measured/GBSlm50AnSpTslGl.gif | https://www.bestbottles.com/images/store/measured/GBSlm50AnSpTslIvyGl.gif | https://www.bestbottles.com/images/store/measured/GBSlm50AnSpTslIvySl.gif | https://www.bestbottles.com/images/store/measured/GBSlm50AnSpTslLvn.gif | https://www.bestbottles.com/images/store/measured/GBSlm50AnSpTslMtSl.gif | https://www.bestbottles.com/images/store/measured/GBSlm50AnSpTslPnk.gif | https://www.bestbottles.com/images/store/measured/GBSlm50AnSpTslRed.gif | https://www.bestbottles.com/images/store/measured/GBSlm50AnSpTslWht.gif | https://www.bestbottles.com/images/store/measured/GBSlm50AnSpWht.gif | https://www.bestbottles.com/images/store/measured/GBSlm50RdcrBlkLthr.gif | https://www.bestbottles.com/images/store/measured/GBSlm50RdcrBrwnLthr.gif | https://www.bestbottles.com/images/store/measured/GBSlm50RdcrIvyLthr.gif | https://www.bestbottles.com/images/store/measured/GBSlm50RdcrLBrwnLthr.gif | https://www.bestbottles.com/images/store/measured/GBSlm50RdcrMtSl.gif | https://www.bestbottles.com/images/store/measured/GBSlm50RdcrMtSlTall.gif | https://www.bestbottles.com/images/store/measured/GBSlm50RdcrPnkLthr.gif | https://www.bestbottles.com/images/store/measured/GBSlm50RdcrShnBlk.gif | https://www.bestbottles.com/images/store/measured/GBSlm50RdcrShnBlkTall.gif | https://www.bestbottles.com/images/store/measured/GBSlm50RdcrShnGl.gif | https://www.bestbottles.com/images/store/measured/GBSlm50RdcrShnSl.gif | https://www.bestbottles.com/images/store/measured/GBSlm50RdcrWht.gif | https://www.bestbottles.com/images/store/measured/GBSlm50SpryCu.gif | https://www.bestbottles.com/images/store/measured/GBSlm50SpryMtGl.gif | https://www.bestbottles.com/images/store/measured/GBSlm50SpryMtSl.gif | https://www.bestbottles.com/images/store/measured/GBSlm50SpryShnBlk.gif | https://www.bestbottles.com/images/store/measured/GBSlm50SpryShnGl.gif | https://www.bestbottles.com/images/store/measured/GBSlm50SpryShnSl.gif | https://www.bestbottles.com/images/store/measured/LBSlm50LtnClOvrCap.gif | https://www.bestbottles.com/images/store/measured/LBSlm50LtnCu.gif | https://www.bestbottles.com/images/store/measured/LBSlm50LtnMtGl.gif | https://www.bestbottles.com/images/store/measured/LBSlm50LtnMtSl.gif | https://www.bestbottles.com/images/store/measured/LBSlm50LtnShnBlk.gif | https://www.bestbottles.com/images/store/measured/LBSlm50LtnShnGl.gif | https://www.bestbottles.com/images/store/measured/LBSlm50LtnShnSl.gif,42,SLIM-50ML-18-415,manual-review-required,P0-TRUTH,missing,measured-body-geometry-only,Resolve catalog geometry/body-color truth before authority creation.,,,convex_widthaxis_corrected_by_site(was=72.0)×7
105,shot__body__slim__100ml__154x37x37.0__c84fb9def0__clear,body-appearance,body,Slim,100,18-415,body__slim__100ml__154x37x37.0__c84fb9def0,Clear,Glass,,https://cdn.shopify.com/s/files/1/0739/9420/7524/files/GB-SLM-CLR-100ML-RDC-MSLV-01__GBSlm100RdcrMtSl__pdp-main__v001.png?v=1781252053 | https://cdn.shopify.com/s/files/1/0739/9420/7524/files/GB-SLM-CLR-100ML-RDC-SBLK-01__GBSlm100RdcrShnBlk__pdp-main__v001_3bdc5780-574b-4d60-85d4-c92feac7d81f.png?v=1781252053 | https://www.bestbottles.com/images/store/depthview/GBSlm100AnSpBlk.gif | https://www.bestbottles.com/images/store/depthview/GBSlm100AnSpGl.gif | https://www.bestbottles.com/images/store/depthview/GBSlm100AnSpIvyGl.gif | https://www.bestbottles.com/images/store/depthview/GBSlm100AnSpIvySl.gif | https://www.bestbottles.com/images/store/depthview/GBSlm100AnSpLvn.gif | https://www.bestbottles.com/images/store/depthview/GBSlm100AnSpMtSl.gif | https://www.bestbottles.com/images/store/depthview/GBSlm100AnSpPnk.gif | https://www.bestbottles.com/images/store/depthview/GBSlm100AnSpRed.gif | https://www.bestbottles.com/images/store/depthview/GBSlm100AnSpTslBlk.gif | https://www.bestbottles.com/images/store/depthview/GBSlm100AnSpTslGl.gif | https://www.bestbottles.com/images/store/depthview/GBSlm100AnSpTslIvyGl.gif | https://www.bestbottles.com/images/store/depthview/GBSlm100AnSpTslIvySl.gif | https://www.bestbottles.com/images/store/depthview/GBSlm100AnSpTslLvn.gif | https://www.bestbottles.com/images/store/depthview/GBSlm100AnSpTslMtSl.gif | https://www.bestbottles.com/images/store/depthview/GBSlm100AnSpTslPnk.gif | https://www.bestbottles.com/images/store/depthview/GBSlm100AnSpTslRed.gif | https://www.bestbottles.com/images/store/depthview/GBSlm100AnSpTslWht.gif | https://www.bestbottles.com/images/store/depthview/GBSlm100AnSpWht.gif | https://www.bestbottles.com/images/store/depthview/GBSlm100RdcrBlkLthr.gif | https://www.bestbottles.com/images/store/depthview/GBSlm100RdcrBrwnLthr.gif | https://www.bestbottles.com/images/store/depthview/GBSlm100RdcrIvyLthr.gif | https://www.bestbottles.com/images/store/depthview/GBSlm100RdcrLBrwnLthr.gif | https://www.bestbottles.com/images/store/depthview/GBSlm100RdcrMtSl.gif | https://www.bestbottles.com/images/store/depthview/GBSlm100RdcrMtSlTall.gif | https://www.bestbottles.com/images/store/depthview/GBSlm100RdcrPnkLthr.gif | https://www.bestbottles.com/images/store/depthview/GBSlm100RdcrShnBlk.gif | https://www.bestbottles.com/images/store/depthview/GBSlm100RdcrShnBlkTall.gif | https://www.bestbottles.com/images/store/depthview/GBSlm100RdcrShnGl.gif | https://www.bestbottles.com/images/store/depthview/GBSlm100RdcrShnSl.gif | https://www.bestbottles.com/images/store/depthview/GBSlm100RdcrWht.gif | https://www.bestbottles.com/images/store/depthview/GBSlm100SpryCu.gif | https://www.bestbottles.com/images/store/depthview/GBSlm100SpryMtGl.gif | https://www.bestbottles.com/images/store/depthview/GBSlm100SpryMtSl.gif | https://www.bestbottles.com/images/store/depthview/GBSlm100SpryShnBlk.gif | https://www.bestbottles.com/images/store/depthview/GBSlm100SpryShnGl.gif | https://www.bestbottles.com/images/store/depthview/GBSlm100SpryShnSl.gif | https://www.bestbottles.com/images/store/enlarged_pics/GBSlm100AnSpBlk.gif | https://www.bestbottles.com/images/store/enlarged_pics/GBSlm100AnSpGl.gif | https://www.bestbottles.com/images/store/enlarged_pics/GBSlm100AnSpIvyGl.gif | https://www.bestbottles.com/images/store/enlarged_pics/GBSlm100AnSpIvySl.gif | https://www.bestbottles.com/images/store/enlarged_pics/GBSlm100AnSpLvn.gif | https://www.bestbottles.com/images/store/enlarged_pics/GBSlm100AnSpMtSl.gif | https://www.bestbottles.com/images/store/enlarged_pics/GBSlm100AnSpPnk.gif | https://www.bestbottles.com/images/store/enlarged_pics/GBSlm100AnSpRed.gif | https://www.bestbottles.com/images/store/enlarged_pics/GBSlm100AnSpTslBlk.gif | https://www.bestbottles.com/images/store/enlarged_pics/GBSlm100AnSpTslGl.gif | https://www.bestbottles.com/images/store/enlarged_pics/GBSlm100AnSpTslIvyGl.gif | https://www.bestbottles.com/images/store/enlarged_pics/GBSlm100AnSpTslIvySl.gif | https://www.bestbottles.com/images/store/enlarged_pics/GBSlm100AnSpTslLvn.gif | https://www.bestbottles.com/images/store/enlarged_pics/GBSlm100AnSpTslMtSl.gif | https://www.bestbottles.com/images/store/enlarged_pics/GBSlm100AnSpTslPnk.gif | https://www.bestbottles.com/images/store/enlarged_pics/GBSlm100AnSpTslRed.gif | https://www.bestbottles.com/images/store/enlarged_pics/GBSlm100AnSpTslWht.gif | https://www.bestbottles.com/images/store/enlarged_pics/GBSlm100AnSpWht.gif | https://www.bestbottles.com/images/store/enlarged_pics/GBSlm100RdcrBlkLthr.gif | https://www.bestbottles.com/images/store/enlarged_pics/GBSlm100RdcrBrwnLthr.gif | https://www.bestbottles.com/images/store/enlarged_pics/GBSlm100RdcrIvyLthr.gif | https://www.bestbottles.com/images/store/enlarged_pics/GBSlm100RdcrLBrwnLthr.gif | https://www.bestbottles.com/images/store/enlarged_pics/GBSlm100RdcrMtSl.gif | https://www.bestbottles.com/images/store/enlarged_pics/GBSlm100RdcrMtSlTall.gif | https://www.bestbottles.com/images/store/enlarged_pics/GBSlm100RdcrPnkLthr.gif | https://www.bestbottles.com/images/store/enlarged_pics/GBSlm100RdcrShnBlk.gif | https://www.bestbottles.com/images/store/enlarged_pics/GBSlm100RdcrShnBlkTall.gif | https://www.bestbottles.com/images/store/enlarged_pics/GBSlm100RdcrShnGl.gif | https://www.bestbottles.com/images/store/enlarged_pics/GBSlm100RdcrShnSl.gif | https://www.bestbottles.com/images/store/enlarged_pics/GBSlm100RdcrWht.gif | https://www.bestbottles.com/images/store/enlarged_pics/GBSlm100SpryCu.gif | https://www.bestbottles.com/images/store/enlarged_pics/GBSlm100SpryMtGl.gif | https://www.bestbottles.com/images/store/enlarged_pics/GBSlm100SpryMtSl.gif | https://www.bestbottles.com/images/store/enlarged_pics/GBSlm100SpryShnBlk.gif | https://www.bestbottles.com/images/store/enlarged_pics/GBSlm100SpryShnGl.gif | https://www.bestbottles.com/images/store/enlarged_pics/GBSlm100SpryShnSl.gif | https://www.bestbottles.com/images/store/enlarged_pics/LBSlm100MtSlClOvrCap.gif | https://www.bestbottles.com/images/store/measured/GBSlm100AnSpBlk.gif | https://www.bestbottles.com/images/store/measured/GBSlm100AnSpGl.gif | https://www.bestbottles.com/images/store/measured/GBSlm100AnSpIvyGl.gif | https://www.bestbottles.com/images/store/measured/GBSlm100AnSpIvySl.gif | https://www.bestbottles.com/images/store/measured/GBSlm100AnSpLvn.gif | https://www.bestbottles.com/images/store/measured/GBSlm100AnSpMtSl.gif | https://www.bestbottles.com/images/store/measured/GBSlm100AnSpPnk.gif | https://www.bestbottles.com/images/store/measured/GBSlm100AnSpRed.gif | https://www.bestbottles.com/images/store/measured/GBSlm100AnSpTslBlk.gif | https://www.bestbottles.com/images/store/measured/GBSlm100AnSpTslGl.gif | https://www.bestbottles.com/images/store/measured/GBSlm100AnSpTslIvyGl.gif | https://www.bestbottles.com/images/store/measured/GBSlm100AnSpTslIvySl.gif | https://www.bestbottles.com/images/store/measured/GBSlm100AnSpTslLvn.gif | https://www.bestbottles.com/images/store/measured/GBSlm100AnSpTslMtSl.gif | https://www.bestbottles.com/images/store/measured/GBSlm100AnSpTslPnk.gif | https://www.bestbottles.com/images/store/measured/GBSlm100AnSpTslRed.gif | https://www.bestbottles.com/images/store/measured/GBSlm100AnSpTslWht.gif | https://www.bestbottles.com/images/store/measured/GBSlm100AnSpWht.gif | https://www.bestbottles.com/images/store/measured/GBSlm100RdcrBlkLthr.gif | https://www.bestbottles.com/images/store/measured/GBSlm100RdcrBrwnLthr.gif | https://www.bestbottles.com/images/store/measured/GBSlm100RdcrIvyLthr.gif | https://www.bestbottles.com/images/store/measured/GBSlm100RdcrLBrwnLthr.gif | https://www.bestbottles.com/images/store/measured/GBSlm100RdcrMtSl.gif | https://www.bestbottles.com/images/store/measured/GBSlm100RdcrMtSlTall.gif | https://www.bestbottles.com/images/store/measured/GBSlm100RdcrPnkLthr.gif | https://www.bestbottles.com/images/store/measured/GBSlm100RdcrShnBlk.gif | https://www.bestbottles.com/images/store/measured/GBSlm100RdcrShnBlkTall.gif | https://www.bestbottles.com/images/store/measured/GBSlm100RdcrShnGl.gif | https://www.bestbottles.com/images/store/measured/GBSlm100RdcrShnSl.gif | https://www.bestbottles.com/images/store/measured/GBSlm100RdcrWht.gif | https://www.bestbottles.com/images/store/measured/GBSlm100SpryCu.gif | https://www.bestbottles.com/images/store/measured/GBSlm100SpryMtGl.gif | https://www.bestbottles.com/images/store/measured/GBSlm100SpryMtSl.gif | https://www.bestbottles.com/images/store/measured/GBSlm100SpryShnBlk.gif | https://www.bestbottles.com/images/store/measured/GBSlm100SpryShnGl.gif | https://www.bestbottles.com/images/store/measured/GBSlm100SpryShnSl.gif,37,SLIM-100ML-18-415,manual-review-required,P0-TRUTH,missing,measured-body-geometry-only,Resolve catalog geometry/body-color truth before authority creation.,,,d:group_outlier_unresolved×2 | h:group_outlier_unresolved×2 | convex_widthaxis_corrected_by_site(was=32.0)×2 | convex_height_corrected_by_site(was=125.0)×1 | convex_height_corrected_by_site(was=120.0)×1
106,shot__body__square__15ml__52x26x26.0__ff55281229__clear,body-appearance,body,Square,15,13-415,body__square__15ml__52x26x26.0__ff55281229,Clear,Glass,,https://www.bestbottles.com/images/store/depthview/GBSqr15BlkSht.gif | https://www.bestbottles.com/images/store/depthview/GBSqr15Gl.gif | https://www.bestbottles.com/images/store/depthview/GBSqr15MtlRollBlkDot.gif | https://www.bestbottles.com/images/store/depthview/GBSqr15MtlRollBlkSh.gif | https://www.bestbottles.com/images/store/depthview/GBSqr15MtlRollCuMatt.gif | https://www.bestbottles.com/images/store/depthview/GBSqr15MtlRollGlMatt.gif | https://www.bestbottles.com/images/store/depthview/GBSqr15MtlRollGlSh.gif | https://www.bestbottles.com/images/store/depthview/GBSqr15MtlRollPinkDot.gif | https://www.bestbottles.com/images/store/depthview/GBSqr15MtlRollSlDot.gif | https://www.bestbottles.com/images/store/depthview/GBSqr15MtlRollSlMatt.gif | https://www.bestbottles.com/images/store/depthview/GBSqr15MtlRollSlSh.gif | https://www.bestbottles.com/images/store/depthview/GBSqr15RollBlkDot.gif | https://www.bestbottles.com/images/store/depthview/GBSqr15RollBlkSh.gif | https://www.bestbottles.com/images/store/depthview/GBSqr15RollCuMatt.gif | https://www.bestbottles.com/images/store/depthview/GBSqr15RollGlMatt.gif | https://www.bestbottles.com/images/store/depthview/GBSqr15RollGlSh.gif | https://www.bestbottles.com/images/store/depthview/GBSqr15RollPinkDot.gif | https://www.bestbottles.com/images/store/depthview/GBSqr15RollSlDot.gif | https://www.bestbottles.com/images/store/depthview/GBSqr15RollSlMatt.gif | https://www.bestbottles.com/images/store/depthview/GBSqr15RollSlSh.gif | https://www.bestbottles.com/images/store/depthview/GBSqr15Sl.gif | https://www.bestbottles.com/images/store/depthview/GBSqr15SpryBlkSh.gif | https://www.bestbottles.com/images/store/depthview/GBSqr15SpryBluMatt.gif | https://www.bestbottles.com/images/store/depthview/GBSqr15SpryCuMatt.gif | https://www.bestbottles.com/images/store/depthview/GBSqr15SpryGlMatt.gif | https://www.bestbottles.com/images/store/depthview/GBSqr15SpryGlSh.gif | https://www.bestbottles.com/images/store/depthview/GBSqr15SprySlMatt.gif | https://www.bestbottles.com/images/store/depthview/GBSqr15SprySlSh.gif | https://www.bestbottles.com/images/store/depthview/GBSqr15WhtSht.gif | https://www.bestbottles.com/images/store/enlarged_pics/GBSqr15BlkSht.gif | https://www.bestbottles.com/images/store/enlarged_pics/GBSqr15Gl.gif | https://www.bestbottles.com/images/store/enlarged_pics/GBSqr15MtlRollBlkDot.gif | https://www.bestbottles.com/images/store/enlarged_pics/GBSqr15MtlRollBlkSh.gif | https://www.bestbottles.com/images/store/enlarged_pics/GBSqr15MtlRollCuMatt.gif | https://www.bestbottles.com/images/store/enlarged_pics/GBSqr15MtlRollGlMatt.gif | https://www.bestbottles.com/images/store/enlarged_pics/GBSqr15MtlRollGlSh.gif | https://www.bestbottles.com/images/store/enlarged_pics/GBSqr15MtlRollPinkDot.gif | https://www.bestbottles.com/images/store/enlarged_pics/GBSqr15MtlRollSlDot.gif | https://www.bestbottles.com/images/store/enlarged_pics/GBSqr15MtlRollSlMatt.gif | https://www.bestbottles.com/images/store/enlarged_pics/GBSqr15MtlRollSlSh.gif | https://www.bestbottles.com/images/store/enlarged_pics/GBSqr15RollBlkDot.gif | https://www.bestbottles.com/images/store/enlarged_pics/GBSqr15RollBlkSh.gif | https://www.bestbottles.com/images/store/enlarged_pics/GBSqr15RollCuMatt.gif | https://www.bestbottles.com/images/store/enlarged_pics/GBSqr15RollGlMatt.gif | https://www.bestbottles.com/images/store/enlarged_pics/GBSqr15RollGlSh.gif | https://www.bestbottles.com/images/store/enlarged_pics/GBSqr15RollPinkDot.gif | https://www.bestbottles.com/images/store/enlarged_pics/GBSqr15RollSlDot.gif | https://www.bestbottles.com/images/store/enlarged_pics/GBSqr15RollSlMatt.gif | https://www.bestbottles.com/images/store/enlarged_pics/GBSqr15RollSlSh.gif | https://www.bestbottles.com/images/store/enlarged_pics/GBSqr15Sl.gif | https://www.bestbottles.com/images/store/enlarged_pics/GBSqr15SpryBlkSh.gif | https://www.bestbottles.com/images/store/enlarged_pics/GBSqr15SpryBluMatt.gif | https://www.bestbottles.com/images/store/enlarged_pics/GBSqr15SpryCuMatt.gif | https://www.bestbottles.com/images/store/enlarged_pics/GBSqr15SpryGlMatt.gif | https://www.bestbottles.com/images/store/enlarged_pics/GBSqr15SpryGlSh.gif | https://www.bestbottles.com/images/store/enlarged_pics/GBSqr15SprySlMatt.gif | https://www.bestbottles.com/images/store/enlarged_pics/GBSqr15SprySlSh.gif | https://www.bestbottles.com/images/store/enlarged_pics/GBSqr15WhtSht.gif | https://www.bestbottles.com/images/store/measured/GBSqr15BlkSht.gif | https://www.bestbottles.com/images/store/measured/GBSqr15Gl.gif | https://www.bestbottles.com/images/store/measured/GBSqr15MtlRollBlkDot.gif | https://www.bestbottles.com/images/store/measured/GBSqr15MtlRollBlkSh.gif | https://www.bestbottles.com/images/store/measured/GBSqr15MtlRollCuMatt.gif | https://www.bestbottles.com/images/store/measured/GBSqr15MtlRollGlMatt.gif | https://www.bestbottles.com/images/store/measured/GBSqr15MtlRollGlSh.gif | https://www.bestbottles.com/images/store/measured/GBSqr15MtlRollPinkDot.gif | https://www.bestbottles.com/images/store/measured/GBSqr15MtlRollSlDot.gif | https://www.bestbottles.com/images/store/measured/GBSqr15MtlRollSlMatt.gif | https://www.bestbottles.com/images/store/measured/GBSqr15MtlRollSlSh.gif | https://www.bestbottles.com/images/store/measured/GBSqr15RollBlkDot.gif | https://www.bestbottles.com/images/store/measured/GBSqr15RollBlkSh.gif | https://www.bestbottles.com/images/store/measured/GBSqr15RollCuMatt.gif | https://www.bestbottles.com/images/store/measured/GBSqr15RollGlMatt.gif | https://www.bestbottles.com/images/store/measured/GBSqr15RollGlSh.gif | https://www.bestbottles.com/images/store/measured/GBSqr15RollPinkDot.gif | https://www.bestbottles.com/images/store/measured/GBSqr15RollSlDot.gif | https://www.bestbottles.com/images/store/measured/GBSqr15RollSlMatt.gif | https://www.bestbottles.com/images/store/measured/GBSqr15RollSlSh.gif | https://www.bestbottles.com/images/store/measured/GBSqr15Sl.gif | https://www.bestbottles.com/images/store/measured/GBSqr15SpryBlkSh.gif | https://www.bestbottles.com/images/store/measured/GBSqr15SpryBluMatt.gif | https://www.bestbottles.com/images/store/measured/GBSqr15SpryCuMatt.gif | https://www.bestbottles.com/images/store/measured/GBSqr15SpryGlMatt.gif | https://www.bestbottles.com/images/store/measured/GBSqr15SpryGlSh.gif | https://www.bestbottles.com/images/store/measured/GBSqr15SprySlMatt.gif | https://www.bestbottles.com/images/store/measured/GBSqr15SprySlSh.gif | https://www.bestbottles.com/images/store/measured/GBSqr15WhtSht.gif,29,SQUARE-15ML-13-415,manual-review-required,P0-TRUTH,missing,measured-body-geometry-only,Resolve catalog geometry/body-color truth before authority creation.,,,convex_widthaxis_corrected_by_site(was=30.0)×29
107,shot__body__tulip__5ml__45x23x23.0__6649a8dd4b__amber,body-appearance,body,Tulip,5,13-415,body__tulip__5ml__45x23x23.0__6649a8dd4b,Amber,Glass,,https://www.bestbottles.com/images/store/enlarged_pics/GBTulipAmb5BlkSht.gif | https://www.bestbottles.com/images/store/enlarged_pics/GBTulipAmb5Gl.gif | https://www.bestbottles.com/images/store/enlarged_pics/GBTulipAmb5MtlRollBlkDot.gif | https://www.bestbottles.com/images/store/enlarged_pics/GBTulipAmb5MtlRollBlkSh.gif | https://www.bestbottles.com/images/store/enlarged_pics/GBTulipAmb5MtlRollCuMatt.gif | https://www.bestbottles.com/images/store/enlarged_pics/GBTulipAmb5MtlRollGlMatt.gif | https://www.bestbottles.com/images/store/enlarged_pics/GBTulipAmb5MtlRollGlSh.gif | https://www.bestbottles.com/images/store/enlarged_pics/GBTulipAmb5MtlRollPinkDot.gif | https://www.bestbottles.com/images/store/enlarged_pics/GBTulipAmb5MtlRollSlDot.gif | https://www.bestbottles.com/images/store/enlarged_pics/GBTulipAmb5MtlRollSlMatt.gif | https://www.bestbottles.com/images/store/enlarged_pics/GBTulipAmb5MtlRollSlSh.gif | https://www.bestbottles.com/images/store/enlarged_pics/GBTulipAmb5RollBlkDot.gif | https://www.bestbottles.com/images/store/enlarged_pics/GBTulipAmb5RollBlkSh.gif | https://www.bestbottles.com/images/store/enlarged_pics/GBTulipAmb5RollCuMatt.gif | https://www.bestbottles.com/images/store/enlarged_pics/GBTulipAmb5RollGlMatt.gif | https://www.bestbottles.com/images/store/enlarged_pics/GBTulipAmb5RollGlSh.gif | https://www.bestbottles.com/images/store/enlarged_pics/GBTulipAmb5RollPinkDot.gif | https://www.bestbottles.com/images/store/enlarged_pics/GBTulipAmb5RollSlDot.gif | https://www.bestbottles.com/images/store/enlarged_pics/GBTulipAmb5RollSlMatt.gif | https://www.bestbottles.com/images/store/enlarged_pics/GBTulipAmb5RollSlSh.gif | https://www.bestbottles.com/images/store/enlarged_pics/GBTulipAmb5Sl.gif | https://www.bestbottles.com/images/store/enlarged_pics/GBTulipAmb5SpryBlkMatt.gif | https://www.bestbottles.com/images/store/enlarged_pics/GBTulipAmb5SpryBlkSh.gif | https://www.bestbottles.com/images/store/enlarged_pics/GBTulipAmb5SpryBluMatt.gif | https://www.bestbottles.com/images/store/enlarged_pics/GBTulipAmb5SpryCuMatt.gif | https://www.bestbottles.com/images/store/enlarged_pics/GBTulipAmb5SpryGlMatt.gif | https://www.bestbottles.com/images/store/enlarged_pics/GBTulipAmb5SpryGlSh.gif | https://www.bestbottles.com/images/store/enlarged_pics/GBTulipAmb5SprySlMatt.gif | https://www.bestbottles.com/images/store/enlarged_pics/GBTulipAmb5SprySlSh.gif | https://www.bestbottles.com/images/store/enlarged_pics/GBTulipAmb5WhtSht.gif,30,TULIP-5ML-13-415,manual-review-required,P0-TRUTH,missing,measured-body-geometry-only,Resolve catalog geometry/body-color truth before authority creation.,,,d:group_outlier_unresolved×5 | h:group_outlier_unresolved×5 | convex_height_corrected_by_site(was=61.0)×5 | convex_widthaxis_corrected_by_site(was=17.0)×5
108,shot__body__tulip__6ml__45x23x23.0__42a583e5e6__clear,body-appearance,body,Tulip,6,13-415,body__tulip__6ml__45x23x23.0__42a583e5e6,Clear,Glass,,https://cdn.shopify.com/s/files/1/0739/9420/7524/files/GB-TUL-CLR-6ML-CAP-SBLK__GBTulip6BlkShSht__pdp-main__v001.png?v=1781251781 | https://www.bestbottles.com/images/store/enlarged_pics/GBTulip6BlkSht.gif | https://www.bestbottles.com/images/store/enlarged_pics/GBTulip6Gl.gif | https://www.bestbottles.com/images/store/enlarged_pics/GBTulip6MtlRollBlkDot.gif | https://www.bestbottles.com/images/store/enlarged_pics/GBTulip6MtlRollBlkSh.gif | https://www.bestbottles.com/images/store/enlarged_pics/GBTulip6MtlRollCuMatt.gif | https://www.bestbottles.com/images/store/enlarged_pics/GBTulip6MtlRollGlMatt.gif | https://www.bestbottles.com/images/store/enlarged_pics/GBTulip6MtlRollGlSh.gif | https://www.bestbottles.com/images/store/enlarged_pics/GBTulip6MtlRollPinkDot.gif | https://www.bestbottles.com/images/store/enlarged_pics/GBTulip6MtlRollSlDot.gif | https://www.bestbottles.com/images/store/enlarged_pics/GBTulip6MtlRollSlMatt.gif | https://www.bestbottles.com/images/store/enlarged_pics/GBTulip6MtlRollSlSh.gif | https://www.bestbottles.com/images/store/enlarged_pics/GBTulip6RollBlkDot.gif | https://www.bestbottles.com/images/store/enlarged_pics/GBTulip6RollBlkSh.gif | https://www.bestbottles.com/images/store/enlarged_pics/GBTulip6RollCuMatt.gif | https://www.bestbottles.com/images/store/enlarged_pics/GBTulip6RollGlMatt.gif | https://www.bestbottles.com/images/store/enlarged_pics/GBTulip6RollGlSh.gif | https://www.bestbottles.com/images/store/enlarged_pics/GBTulip6RollPinkDot.gif | https://www.bestbottles.com/images/store/enlarged_pics/GBTulip6RollSlDot.gif | https://www.bestbottles.com/images/store/enlarged_pics/GBTulip6RollSlMatt.gif | https://www.bestbottles.com/images/store/enlarged_pics/GBTulip6RollSlSh.gif | https://www.bestbottles.com/images/store/enlarged_pics/GBTulip6Sl.gif | https://www.bestbottles.com/images/store/enlarged_pics/GBTulip6SpryBlkSh.gif | https://www.bestbottles.com/images/store/enlarged_pics/GBTulip6SpryBluMatt.gif | https://www.bestbottles.com/images/store/enlarged_pics/GBTulip6SpryCuMatt.gif | https://www.bestbottles.com/images/store/enlarged_pics/GBTulip6SpryGlMatt.gif | https://www.bestbottles.com/images/store/enlarged_pics/GBTulip6SpryGlSh.gif | https://www.bestbottles.com/images/store/enlarged_pics/GBTulip6SprySlMatt.gif | https://www.bestbottles.com/images/store/enlarged_pics/GBTulip6SprySlSh.gif | https://www.bestbottles.com/images/store/enlarged_pics/GBTulip6WhtSht.gif,30,TULIP-6ML-13-415,manual-review-required,P0-TRUTH,missing,measured-body-geometry-only,Resolve catalog geometry/body-color truth before authority creation.,,,h:group_outlier_unresolved×8 | convex_height_corrected_by_site(was=60.0)×8 | d:group_outlier_unresolved×1 | d:inch_conversion_artifact×1 | h:missing_filled_from_group×1 | convex_widthaxis_corrected_by_site(was=25.4)×1
109,shot__body__vial__3ml__29x14x14.0__067e7854d7__clear,body-appearance,body,Vial,3,13-425,body__vial__3ml__29x14x14.0__067e7854d7,Clear,Glass,,https://www.bestbottles.com/images/store/enlarged_pics/GBVGreen2o4BlackCapSht.gif,1,VIAL-3ML-13-425,manual-review-required,P0-TRUTH,missing,measured-body-geometry-only,Resolve catalog geometry/body-color truth before authority creation.,,,convex_height_corrected_by_site(was=60.0)×1 | convex_widthaxis_corrected_by_site(was=22.0)×1
110,shot__body__vial__3ml__27x15x15.0__3e943fe330__cobalt-blue,body-appearance,body,Vial,3,13-425,body__vial__3ml__27x15x15.0__3e943fe330,Cobalt Blue,Glass,,https://www.bestbottles.com/images/store/enlarged_pics/GBVBlu1o9BlackCapSht.gif,1,VIAL-3ML-13-425,manual-review-required,P0-TRUTH,missing,measured-body-geometry-only,Resolve catalog geometry/body-color truth before authority creation.,,,d:override_applied×1 | h:override_applied×1
111,shot__body__vial__3ml__29x14x14.0__067e7854d7__green,body-appearance,body,Vial,3,13-425,body__vial__3ml__29x14x14.0__067e7854d7,Green,Glass,,https://www.bestbottles.com/images/store/enlarged_pics/GBVGreen2o4WhtCapSht.gif,1,VIAL-3ML-13-425,manual-review-required,P0-TRUTH,missing,measured-body-geometry-only,Resolve catalog geometry/body-color truth before authority creation.,,,convex_height_corrected_by_site(was=60.0)×1 | convex_widthaxis_corrected_by_site(was=22.0)×1
112,shot__body__vial__4ml__45x15x15.0__f7cd2e576f__clear,body-appearance,body,Vial,4,13-425,body__vial__4ml__45x15x15.0__f7cd2e576f,Clear,Glass,,https://www.bestbottles.com/images/store/enlarged_pics/GBV1DrmBlkDropper.gif | https://www.bestbottles.com/images/store/enlarged_pics/GBVAmb1DrmBlackCapSht.gif | https://www.bestbottles.com/images/store/enlarged_pics/GBVAmb1DrmBlkDropper.gif | https://www.bestbottles.com/images/store/enlarged_pics/GBVAmb1DrmWhtCapSht.gif | https://www.bestbottles.com/images/store/enlarged_pics/GBVBlu1DrmBlackCapSht.gif | https://www.bestbottles.com/images/store/enlarged_pics/GBVBlu1DrmBlkDropper.gif | https://www.bestbottles.com/images/store/enlarged_pics/GBVBlu1DrmWhtCapSht.gif | https://www.bestbottles.com/images/store/enlarged_pics/GBVGr1DrmBlackCapSht.gif | https://www.bestbottles.com/images/store/enlarged_pics/GBVGr1DrmBlkDropper.gif | https://www.bestbottles.com/images/store/enlarged_pics/GBVGr1DrmWhtCapSht.gif | https://www.bestbottles.com/images/store/enlarged_pics/GBVial1DrmBlackCapSht.gif | https://www.bestbottles.com/images/store/enlarged_pics/GBVial1DrmWhtCapSht.gif,12,VIAL-4ML-13-425,manual-review-required,P0-TRUTH,missing,measured-body-geometry-only,Resolve catalog geometry/body-color truth before authority creation.,,,convex_height_corrected_by_site(was=35.0)×1
113,shot__component__cap__13-425__cp13-425blk__77ab0c3d,component-source,cap,Cap/Closure,,13-425,component__cap__13-425__cp13-425blk__77ab0c3d,Black · Cap/Closure,Component (see capStyle/applicator),CP13-425Blk,,,,manual-review-required,P0-TRUTH,missing,unverified,Resolve source identity/reference evidence before authority creation.,,,
114,shot__component__cap__22-400__capblackpoly22mm-400__3d433927,component-source,cap,Cap/Closure,,22-400,component__cap__22-400__capblackpoly22mm-400__3d433927,Black · Cap/Closure,Component (see capStyle/applicator),CapBlackPoly22mm-400,,,,manual-review-required,P0-TRUTH,missing,unverified,Resolve source identity/reference evidence before authority creation.,,,
115,shot__component__cap__press-fit__cj30blkcap__6af052b5,component-source,cap,Cap/Closure,,PRESS-FIT,component__cap__press-fit__cj30blkcap__6af052b5,Black · Cap/Closure,Component (see capStyle/applicator),CJ30BlkCap,,,,manual-review-required,P0-TRUTH,missing,unverified,Resolve source identity/reference evidence before authority creation.,,,
116,shot__component__cap__press-fit__cj40blkcap__13646349,component-source,cap,Cap/Closure,,PRESS-FIT,component__cap__press-fit__cj40blkcap__13646349,Black · Cap/Closure,Component (see capStyle/applicator),CJ40BlkCap,,,,manual-review-required,P0-TRUTH,missing,unverified,Resolve source identity/reference evidence before authority creation.,,,
117,shot__component__cap__press-fit__cj5blkcap__4a62bf8e,component-source,cap,Cap/Closure,,PRESS-FIT,component__cap__press-fit__cj5blkcap__4a62bf8e,Black · Cap/Closure,Component (see capStyle/applicator),CJ5BlkCap,,,,manual-review-required,P0-TRUTH,missing,unverified,Resolve source identity/reference evidence before authority creation.,,,
118,shot__component__cap__24-400__cp24-400blkpls__aa8dcb88,component-source,cap,Cap/Closure,,24-400,component__cap__24-400__cp24-400blkpls__aa8dcb88,Black · N/A,Component (see capStyle/applicator),CP24-400BlkPls,,,,manual-review-required,P0-TRUTH,missing,unverified,Resolve source identity/reference evidence before authority creation.,,,
119,shot__component__cap__special__cpkeychngld__2f5cf24c,component-source,cap,Cap/Closure,,SPECIAL,component__cap__special__cpkeychngld__2f5cf24c,Cap/Closure · Gold,Component (see capStyle/applicator),CPKeyChnGld,,,,manual-review-required,P0-TRUTH,missing,unverified,Resolve source identity/reference evidence before authority creation.,,,
120,shot__component__cap__special__cptslred__6c3eb1e2,component-source,cap,Cap/Closure,,SPECIAL,component__cap__special__cptslred__6c3eb1e2,Cap/Closure · Gold · Red,Component (see capStyle/applicator),CPTslRed,,,,manual-review-required,P0-TRUTH,missing,unverified,Resolve source identity/reference evidence before authority creation.,,,
121,shot__component__cap__press-fit__cj30slcap__7d7b16ab,component-source,cap,Cap/Closure,,PRESS-FIT,component__cap__press-fit__cj30slcap__7d7b16ab,Cap/Closure · Silver,Component (see capStyle/applicator),CJ30SlCap,,,,manual-review-required,P0-TRUTH,missing,unverified,Resolve source identity/reference evidence before authority creation.,,,
122,shot__component__cap__press-fit__cj40slcap__a9d906f6,component-source,cap,Cap/Closure,,PRESS-FIT,component__cap__press-fit__cj40slcap__a9d906f6,Cap/Closure · Silver,Component (see capStyle/applicator),CJ40SlCap,,,,manual-review-required,P0-TRUTH,missing,unverified,Resolve source identity/reference evidence before authority creation.,,,
123,shot__component__cap__press-fit__cj5slcap__5fd3572a,component-source,cap,Cap/Closure,,PRESS-FIT,component__cap__press-fit__cj5slcap__5fd3572a,Cap/Closure · Silver,Component (see capStyle/applicator),CJ5SlCap,,,,manual-review-required,P0-TRUTH,missing,unverified,Resolve source identity/reference evidence before authority creation.,,,
124,shot__component__cap__13-425__cp13-425wht__37717ca5,component-source,cap,Cap/Closure,,13-425,component__cap__13-425__cp13-425wht__37717ca5,Cap/Closure · White,Component (see capStyle/applicator),CP13-425Wht,,,,manual-review-required,P0-TRUTH,missing,unverified,Resolve source identity/reference evidence before authority creation.,,,
125,shot__component__sprayer__13-415__cp13-415spryblkmt__e52f595c,component-source,sprayer,Cap/Closure | Sprayer,,13-415,component__sprayer__13-415__cp13-415spryblkmt__e52f595c,Black · Fine Mist Sprayer · Spray,Component (see capStyle/applicator),CP13-415SpryBlkMt,https://cdn.shopify.com/s/files/1/0739/9420/7524/files/CMP-CAP-BLK-13-415-01__CP13-415SpryBlkMt__pdp-main__v001_06db11c7-bb67-4e6b-a40c-46b8a16f2e9f.png?v=1781252661 | https://www.bestbottles.com/images/store/enlarged_pics/CP13-415SpryBlkMt.gif,,,manual-review-required,P0-TRUTH,manual-review-required,unverified,Resolve source identity/reference evidence before authority creation.,,,duplicate-source-rows-require-alias-review
126,shot__component__sprayer__13-415__cp13-415spryblksh__048d33d5,component-source,sprayer,Cap/Closure | Sprayer,,13-415,component__sprayer__13-415__cp13-415spryblksh__048d33d5,Black · Fine Mist Sprayer · Spray,Component (see capStyle/applicator),CP13-415SpryBlkSh,https://cdn.shopify.com/s/files/1/0739/9420/7524/files/CMP-CAP-BLK-13-415-02__CP13-415SpryBlkSh__pdp-main__v001_87a77651-0d79-41d2-a6d6-87e6e276490a.png?v=1781252661 | https://www.bestbottles.com/images/store/enlarged_pics/CP13-415SpryBlkSh.gif,,,manual-review-required,P0-TRUTH,manual-review-required,unverified,Resolve source identity/reference evidence before authority creation.,,,duplicate-source-rows-require-alias-review
127,shot__component__sprayer__13-415__cp13-415spryblumt__842d9d98,component-source,sprayer,Cap/Closure | Sprayer,,13-415,component__sprayer__13-415__cp13-415spryblumt__842d9d98,Blue · Fine Mist Sprayer · Spray,Component (see capStyle/applicator),CP13-415SpryBluMt,https://cdn.shopify.com/s/files/1/0739/9420/7524/files/CMP-CAP-13-415__CP13-415SpryBluMt__pdp-main__v001_88e76cc2-dd02-4693-9c77-b63df85d0fbf.png?v=1781252658 | https://www.bestbottles.com/images/store/enlarged_pics/CP13-415SpryBluMt.gif,,,manual-review-required,P0-TRUTH,manual-review-required,unverified,Resolve source identity/reference evidence before authority creation.,,,duplicate-source-rows-require-alias-review
128,shot__component__sprayer__13-415__cp13-415spryglmt__8d41b79e,component-source,sprayer,Cap/Closure | Sprayer,,13-415,component__sprayer__13-415__cp13-415spryglmt__8d41b79e,Fine Mist Sprayer · Shiny Gold · Spray,Component (see capStyle/applicator),CP13-415SpryGlMt,https://cdn.shopify.com/s/files/1/0739/9420/7524/files/CMP-CAP-SGLD-13-415-02__CP13-415SpryGlMt__pdp-main__v001_92103745-fcb4-414e-b59a-08313f61ff6b.png?v=1781252665 | https://www.bestbottles.com/images/store/enlarged_pics/CP13-415SpryGlMt.gif,,,manual-review-required,P0-TRUTH,manual-review-required,unverified,Resolve source identity/reference evidence before authority creation.,,,duplicate-source-rows-require-alias-review
129,shot__component__sprayer__13-415__cp13-415spryglsh__0d822ff6,component-source,sprayer,Cap/Closure | Sprayer,,13-415,component__sprayer__13-415__cp13-415spryglsh__0d822ff6,Fine Mist Sprayer · Shiny Gold · Spray,Component (see capStyle/applicator),CP13-415SpryGlSh,https://cdn.shopify.com/s/files/1/0739/9420/7524/files/CMP-CAP-SGLD-13-415-03__CP13-415SpryGlSh__pdp-main__v001_b806de2c-0f21-4550-892a-47c1bda2b77f.png?v=1781252665 | https://www.bestbottles.com/images/store/enlarged_pics/CP13-415SpryGlSh.gif,,,manual-review-required,P0-TRUTH,manual-review-required,unverified,Resolve source identity/reference evidence before authority creation.,,,duplicate-source-rows-require-alias-review
130,shot__component__sprayer__13-415__cp13-415spryslmt__528d0153,component-source,sprayer,Cap/Closure | Sprayer,,13-415,component__sprayer__13-415__cp13-415spryslmt__528d0153,Fine Mist Sprayer · Silver · Spray,Component (see capStyle/applicator),CP13-415SprySlMt,https://cdn.shopify.com/s/files/1/0739/9420/7524/files/CMP-CAP-SLV-13-415-02__CP13-415SprySlMt__pdp-main__v001_b46daa3f-51d7-4769-9f42-83734e7666b4.png?v=1781252669 | https://www.bestbottles.com/images/store/enlarged_pics/CP13-415SprySlMt.gif,,,manual-review-required,P0-TRUTH,manual-review-required,unverified,Resolve source identity/reference evidence before authority creation.,,,duplicate-source-rows-require-alias-review
131,shot__component__sprayer__13-415__cp13-415spryslsh__bc5220d6,component-source,sprayer,Cap/Closure | Sprayer,,13-415,component__sprayer__13-415__cp13-415spryslsh__bc5220d6,Fine Mist Sprayer · Silver · Spray,Component (see capStyle/applicator),CP13-415SprySlSh,https://cdn.shopify.com/s/files/1/0739/9420/7524/files/CMP-CAP-SLV-13-415-03__CP13-415SprySlSh__pdp-main__v001_62935185-d87a-40cd-ac6a-24172e39d78e.png?v=1781252669 | https://www.bestbottles.com/images/store/enlarged_pics/CP13-415SprySlSh.gif,,,manual-review-required,P0-TRUTH,manual-review-required,unverified,Resolve source identity/reference evidence before authority creation.,,,duplicate-source-rows-require-alias-review
132,shot__component__cap__13-415__cmp-cap-sblk-13-415__54d09f49,component-source,cap,Cap/Component,,13-415,component__cap__13-415__cmp-cap-sblk-13-415__54d09f49,N/A,Component (see capStyle/applicator),CMP-CAP-SBLK-13-415,,,,manual-review-required,P0-TRUTH,missing,unverified,Resolve source identity/reference evidence before authority creation.,,,
133,shot__component__cap__17-415__cmp-cap-bdot-17-415__eb8522b8,component-source,cap,Cap/Component,,17-415,component__cap__17-415__cmp-cap-bdot-17-415__eb8522b8,N/A,Component (see capStyle/applicator),CMP-CAP-BDOT-17-415,,,,manual-review-required,P0-TRUTH,missing,unverified,Resolve source identity/reference evidence before authority creation.,,,
134,shot__component__dropper__17-415__droppers1ozelg__b509a986,component-source,dropper,Dropper,,17-415,component__dropper__17-415__droppers1ozelg__b509a986,Amber · Dropper,Component (see capStyle/applicator),Droppers1ozElg,,,,manual-review-required,P0-TRUTH,manual-review-required,unverified,Resolve source identity/reference evidence before authority creation.,,,release-slot-contract-extension-required
135,shot__component__dropper__18-400__drp18-40015mlblckbulb__d30f531a,component-source,dropper,Dropper,,18-400,component__dropper__18-400__drp18-40015mlblckbulb__d30f531a,Black · Dropper,Component (see capStyle/applicator),Drp18-40015mlBlckBulb,https://www.bestbottles.com/images/store/enlarged_pics/Drp18-40015mlBlckBulb.gif,,,manual-review-required,P0-TRUTH,manual-review-required,unverified,Resolve source identity/reference evidence before authority creation.,,,release-slot-contract-extension-required
136,shot__component__dropper__18-400__drp18-40015mlshngltrimblkbulb__7ddda236,component-source,dropper,Dropper,,18-400,component__dropper__18-400__drp18-40015mlshngltrimblkbulb__7ddda236,Black · Dropper,Component (see capStyle/applicator),Drp18-40015mlShnGlTrimBlkBulb,https://www.bestbottles.com/images/store/enlarged_pics/Drp18-40015mlShnGlTrimBlkBulb.gif,,,manual-review-required,P0-TRUTH,manual-review-required,unverified,Resolve source identity/reference evidence before authority creation.,,,release-slot-contract-extension-required
137,shot__component__dropper__18-400__drp18-40015mlshnsltrimblkbulb__9d8089aa,component-source,dropper,Dropper,,18-400,component__dropper__18-400__drp18-40015mlshnsltrimblkbulb__9d8089aa,Black · Dropper,Component (see capStyle/applicator),Drp18-40015mlShnSlTrimBlkBulb,https://www.bestbottles.com/images/store/enlarged_pics/Drp18-40015mlShnSlTrimBlkBulb.gif,,,manual-review-required,P0-TRUTH,manual-review-required,unverified,Resolve source identity/reference evidence before authority creation.,,,release-slot-contract-extension-required
138,shot__component__dropper__20-400__drp20-4001ozblckbulb__8edf581b,component-source,dropper,Dropper,,20-400,component__dropper__20-400__drp20-4001ozblckbulb__8edf581b,Black · Dropper,Component (see capStyle/applicator),Drp20-4001ozBlckBulb,https://www.bestbottles.com/images/store/enlarged_pics/Drp20-4001ozBlckBulb.gif,,,manual-review-required,P0-TRUTH,manual-review-required,unverified,Resolve source identity/reference evidence before authority creation.,,,release-slot-contract-extension-required
139,shot__component__dropper__20-400__drp20-4001ozshngltrimblkbulb__f79920cd,component-source,dropper,Dropper,,20-400,component__dropper__20-400__drp20-4001ozshngltrimblkbulb__f79920cd,Black · Dropper,Component (see capStyle/applicator),Drp20-4001ozShnGlTrimBlkBulb,https://www.bestbottles.com/images/store/enlarged_pics/Drp20-4001ozShnGlTrimBlkBulb.gif,,,manual-review-required,P0-TRUTH,manual-review-required,unverified,Resolve source identity/reference evidence before authority creation.,,,release-slot-contract-extension-required
140,shot__component__dropper__20-400__drp20-4001ozshnsltrimblkbulb__97a69f1c,component-source,dropper,Dropper,,20-400,component__dropper__20-400__drp20-4001ozshnsltrimblkbulb__97a69f1c,Black · Dropper,Component (see capStyle/applicator),Drp20-4001ozShnSlTrimBlkBulb,https://www.bestbottles.com/images/store/enlarged_pics/Drp20-4001ozShnSlTrimBlkBulb.gif,,,manual-review-required,P0-TRUTH,manual-review-required,unverified,Resolve source identity/reference evidence before authority creation.,,,release-slot-contract-extension-required
141,shot__component__dropper__20-400__drp20-4002ozblckbulb__bcfdfa0c,component-source,dropper,Dropper,,20-400,component__dropper__20-400__drp20-4002ozblckbulb__bcfdfa0c,Black · Dropper,Component (see capStyle/applicator),Drp20-4002ozBlckBulb,https://www.bestbottles.com/images/store/enlarged_pics/Drp20-4002ozBlckBulb.gif,,,manual-review-required,P0-TRUTH,manual-review-required,unverified,Resolve source identity/reference evidence before authority creation.,,,release-slot-contract-extension-required
142,shot__component__dropper__20-400__drp20-4002ozshngltrimblkbulb__503799d3,component-source,dropper,Dropper,,20-400,component__dropper__20-400__drp20-4002ozshngltrimblkbulb__503799d3,Black · Dropper,Component (see capStyle/applicator),Drp20-4002ozShnGlTrimBlkBulb,https://www.bestbottles.com/images/store/enlarged_pics/Drp20-4002ozShnGlTrimBlkBulb.gif,,,manual-review-required,P0-TRUTH,manual-review-required,unverified,Resolve source identity/reference evidence before authority creation.,,,release-slot-contract-extension-required
143,shot__component__dropper__20-400__drp20-4002ozshnsltrimblkbulb__9fa84f22,component-source,dropper,Dropper,,20-400,component__dropper__20-400__drp20-4002ozshnsltrimblkbulb__9fa84f22,Black · Dropper,Component (see capStyle/applicator),Drp20-4002ozShnSlTrimBlkBulb,https://www.bestbottles.com/images/store/enlarged_pics/Drp20-4002ozShnSlTrimBlkBulb.gif,,,manual-review-required,P0-TRUTH,manual-review-required,unverified,Resolve source identity/reference evidence before authority creation.,,,release-slot-contract-extension-required
144,shot__component__dropper__18-415__drp18-415cu__a7bd5cbd,component-source,dropper,Dropper,,18-415,component__dropper__18-415__drp18-415cu__a7bd5cbd,Copper · Dropper,Component (see capStyle/applicator),Drp18-415Cu,https://www.bestbottles.com/images/store/enlarged_pics/Drp18-415Cu.gif,,,manual-review-required,P0-TRUTH,manual-review-required,unverified,Resolve source identity/reference evidence before authority creation.,,,release-slot-contract-extension-required
145,shot__component__dropper__18-415__drp18-415gl__8973b6e5,component-source,dropper,Dropper,,18-415,component__dropper__18-415__drp18-415gl__8973b6e5,Dropper · Shiny Gold,Component (see capStyle/applicator),Drp18-415Gl,https://www.bestbottles.com/images/store/enlarged_pics/Drp18-415Gl.gif,,,manual-review-required,P0-TRUTH,manual-review-required,unverified,Resolve source identity/reference evidence before authority creation.,,,release-slot-contract-extension-required
146,shot__component__dropper__18-415__drp18-415sl__1497b42a,component-source,dropper,Dropper,,18-415,component__dropper__18-415__drp18-415sl__1497b42a,Dropper · Silver,Component (see capStyle/applicator),Drp18-415Sl,https://www.bestbottles.com/images/store/enlarged_pics/Drp18-415Sl.gif,,,manual-review-required,P0-TRUTH,manual-review-required,unverified,Resolve source identity/reference evidence before authority creation.,,,release-slot-contract-extension-required
147,shot__component__dropper__18-400__drp18-40015mlshngltrimwhitebulb__a6d2da8e,component-source,dropper,Dropper,,18-400,component__dropper__18-400__drp18-40015mlshngltrimwhitebulb__a6d2da8e,Dropper · White,Component (see capStyle/applicator),Drp18-40015mlShnGlTrimWhiteBulb,https://www.bestbottles.com/images/store/enlarged_pics/Drp18-40015mlShnGlTrimWhiteBulb.gif,,,manual-review-required,P0-TRUTH,manual-review-required,unverified,Resolve source identity/reference evidence before authority creation.,,,release-slot-contract-extension-required
148,shot__component__dropper__18-400__drp18-40015mlshnsltrimwhitebulb__1e277ec5,component-source,dropper,Dropper,,18-400,component__dropper__18-400__drp18-40015mlshnsltrimwhitebulb__1e277ec5,Dropper · White,Component (see capStyle/applicator),Drp18-40015mlShnSlTrimWhiteBulb,https://www.bestbottles.com/images/store/enlarged_pics/Drp18-40015mlShnSlTrimWhiteBulb.gif,,,manual-review-required,P0-TRUTH,manual-review-required,unverified,Resolve source identity/reference evidence before authority creation.,,,release-slot-contract-extension-required
149,shot__component__dropper__18-400__drp18-40015mlwhitebulb__a4219b63,component-source,dropper,Dropper,,18-400,component__dropper__18-400__drp18-40015mlwhitebulb__a4219b63,Dropper · White,Component (see capStyle/applicator),Drp18-40015mlWhiteBulb,https://www.bestbottles.com/images/store/enlarged_pics/Drp18-40015mlWhiteBulb.gif,,,manual-review-required,P0-TRUTH,manual-review-required,unverified,Resolve source identity/reference evidence before authority creation.,,,release-slot-contract-extension-required
150,shot__component__dropper__20-400__drp20-4001ozlshngltrimwhitebulb__9211485c,component-source,dropper,Dropper,,20-400,component__dropper__20-400__drp20-4001ozlshngltrimwhitebulb__9211485c,Dropper · White,Component (see capStyle/applicator),Drp20-4001ozlShnGlTrimWhiteBulb,https://www.bestbottles.com/images/store/enlarged_pics/Drp20-4001ozlShnGlTrimWhiteBulb.gif,,,manual-review-required,P0-TRUTH,manual-review-required,unverified,Resolve source identity/reference evidence before authority creation.,,,release-slot-contract-extension-required
151,shot__component__dropper__20-400__drp20-4001ozlshnsltrimwhitebulb__c7fda30f,component-source,dropper,Dropper,,20-400,component__dropper__20-400__drp20-4001ozlshnsltrimwhitebulb__c7fda30f,Dropper · White,Component (see capStyle/applicator),Drp20-4001ozlShnSlTrimWhiteBulb,https://www.bestbottles.com/images/store/enlarged_pics/Drp20-4001ozlShnSlTrimWhiteBulb.gif,,,manual-review-required,P0-TRUTH,manual-review-required,unverified,Resolve source identity/reference evidence before authority creation.,,,release-slot-contract-extension-required
152,shot__component__dropper__20-400__drp20-4001ozwhitebulb__4b4847d4,component-source,dropper,Dropper,,20-400,component__dropper__20-400__drp20-4001ozwhitebulb__4b4847d4,Dropper · White,Component (see capStyle/applicator),Drp20-4001ozWhiteBulb,https://www.bestbottles.com/images/store/enlarged_pics/Drp20-4001ozWhiteBulb.gif,,,manual-review-required,P0-TRUTH,manual-review-required,unverified,Resolve source identity/reference evidence before authority creation.,,,release-slot-contract-extension-required
153,shot__component__dropper__20-400__drp20-4002ozlshngltrimwhitebulb__fc6ba98c,component-source,dropper,Dropper,,20-400,component__dropper__20-400__drp20-4002ozlshngltrimwhitebulb__fc6ba98c,Dropper · White,Component (see capStyle/applicator),Drp20-4002ozlShnGlTrimWhiteBulb,https://www.bestbottles.com/images/store/enlarged_pics/Drp20-4002ozlShnGlTrimWhiteBulb.gif,,,manual-review-required,P0-TRUTH,manual-review-required,unverified,Resolve source identity/reference evidence before authority creation.,,,release-slot-contract-extension-required
154,shot__component__dropper__20-400__drp20-4002ozlshnsltrimwhitebulb__458a2bd3,component-source,dropper,Dropper,,20-400,component__dropper__20-400__drp20-4002ozlshnsltrimwhitebulb__458a2bd3,Dropper · White,Component (see capStyle/applicator),Drp20-4002ozlShnSlTrimWhiteBulb,https://www.bestbottles.com/images/store/enlarged_pics/Drp20-4002ozlShnSlTrimWhiteBulb.gif,,,manual-review-required,P0-TRUTH,manual-review-required,unverified,Resolve source identity/reference evidence before authority creation.,,,release-slot-contract-extension-required
155,shot__component__dropper__20-400__drp20-4002ozwhitebulb__6118ddf9,component-source,dropper,Dropper,,20-400,component__dropper__20-400__drp20-4002ozwhitebulb__6118ddf9,Dropper · White,Component (see capStyle/applicator),Drp20-4002ozWhiteBulb,https://www.bestbottles.com/images/store/enlarged_pics/Drp20-4002ozWhiteBulb.gif,,,manual-review-required,P0-TRUTH,manual-review-required,unverified,Resolve source identity/reference evidence before authority creation.,,,release-slot-contract-extension-required
156,shot__component__pump__18-415__ltn18-415cu__838c2d6b,component-source,pump,Lotion Pump,,18-415,component__pump__18-415__ltn18-415cu__838c2d6b,Copper · Pump,Component (see capStyle/applicator),Ltn18-415Cu,https://cdn.shopify.com/s/files/1/0739/9420/7524/files/CMP-LPM-CPR-18-415__Ltn18-415Cu__pdp-main__v001.png?v=1781251985 | https://www.bestbottles.com/images/store/enlarged_pics/Ltn18-415Cu.gif,,,manual-review-required,P0-TRUTH,manual-review-required,unverified,Resolve source identity/reference evidence before authority creation.,,,duplicate-source-rows-require-alias-review
157,shot__component__pump__18-415__ltn18-415mtgl__76561363,component-source,pump,Lotion Pump,,18-415,component__pump__18-415__ltn18-415mtgl__76561363,Matte Gold · Pump,Component (see capStyle/applicator),Ltn18-415MtGl,https://cdn.shopify.com/s/files/1/0739/9420/7524/files/CMP-LPM-MGLD-18-415__Ltn18-415MtGl__pdp-main__v001_79571b0b-897c-4fa5-aacc-4d7d4f7837c5.png?v=1781251985 | https://www.bestbottles.com/images/store/enlarged_pics/Ltn18-415MtGl.gif,,,manual-review-required,P0-TRUTH,manual-review-required,unverified,Resolve source identity/reference evidence before authority creation.,,,duplicate-source-rows-require-alias-review
158,shot__component__pump__18-415__ltn18-415mtsl__244e92c9,component-source,pump,Lotion Pump,,18-415,component__pump__18-415__ltn18-415mtsl__244e92c9,Matte Silver · Pump,Component (see capStyle/applicator),Ltn18-415MtSl,https://cdn.shopify.com/s/files/1/0739/9420/7524/files/CMP-LPM-MSLV-18-415-01__Ltn18-415MtSl__pdp-main__v001.png?v=1781251985 | https://www.bestbottles.com/images/store/enlarged_pics/Ltn18-415MtSl.gif,,,manual-review-required,P0-TRUTH,manual-review-required,unverified,Resolve source identity/reference evidence before authority creation.,,,duplicate-source-rows-require-alias-review
159,shot__component__cap__unknown-neck__cpwhite1oz__bfd9cf57,component-source,cap,Roll-On Cap,,,component__cap__unknown-neck__cpwhite1oz__bfd9cf57,Plastic Roller Ball · Roll-On · White,Component (see capStyle/applicator),CPWhite1Oz,,,,manual-review-required,P0-TRUTH,missing,unverified,Resolve source identity/reference evidence before authority creation.,,,
160,shot__component__bulb-sprayer__18-415__ansp18-415blk__96677d7a,component-source,bulb-sprayer,Sprayer,,18-415,component__bulb-sprayer__18-415__ansp18-415blk__96677d7a,Black · Spray,Component (see capStyle/applicator),AnSp18-415Blk,https://www.bestbottles.com/images/store/enlarged_pics/AnSp18-415Blk.gif,,,manual-review-required,P0-TRUTH,manual-review-required,unverified,Resolve source identity/reference evidence before authority creation.,,,release-slot-contract-extension-required
161,shot__component__bulb-sprayer__18-415__cp18-415ansppnk__9d776f0d,component-source,bulb-sprayer,Sprayer,,18-415,component__bulb-sprayer__18-415__cp18-415ansppnk__9d776f0d,Cap/Closure · Pink,Component (see capStyle/applicator),CP18-415AnSpPnk,https://www.bestbottles.com/images/store/enlarged_pics/AnSp18-415Pnk.gif,,,manual-review-required,P0-TRUTH,manual-review-required,unverified,Resolve source identity/reference evidence before authority creation.,,,release-slot-contract-extension-required
162,shot__component__bulb-sprayer__18-415__cp18-415ansptslgl__04cd0fac,component-source,bulb-sprayer,Sprayer,,18-415,component__bulb-sprayer__18-415__cp18-415ansptslgl__04cd0fac,Fine Mist Sprayer · Gold · Spray,Component (see capStyle/applicator),CP18-415AnSpTslGl,https://www.bestbottles.com/images/store/enlarged_pics/AnSpTsl18-415Gl.gif,,,manual-review-required,P0-TRUTH,manual-review-required,unverified,Resolve source identity/reference evidence before authority creation.,,,release-slot-contract-extension-required
163,shot__component__bulb-sprayer__unknown-neck__antqsprbulblavender__c379bd92,component-source,bulb-sprayer,Sprayer,,,component__bulb-sprayer__unknown-neck__antqsprbulblavender__c379bd92,Lavender · N/A,Component (see capStyle/applicator),AntqSprBulbLavender,https://cdn.shopify.com/s/files/1/0739/9420/7524/files/CMP-SPR-LVN-BULB__AntqSprBulbLavender__pdp-main__v001.png?v=1781252634,,,manual-review-required,P0-TRUTH,manual-review-required,unverified,Resolve source identity/reference evidence before authority creation.,,,release-slot-contract-extension-required
164,shot__component__bulb-sprayer__18-415__ansp18-415gl__d7d22adc,component-source,bulb-sprayer,Sprayer,,18-415,component__bulb-sprayer__18-415__ansp18-415gl__d7d22adc,Shiny Gold · Spray,Component (see capStyle/applicator),AnSp18-415Gl,https://www.bestbottles.com/images/store/enlarged_pics/AnSp18-415Gl.gif,,,manual-review-required,P0-TRUTH,manual-review-required,unverified,Resolve source identity/reference evidence before authority creation.,,,release-slot-contract-extension-required
165,shot__component__bulb-sprayer__18-415__ansptsl18-415blk__022c1ec6,component-source,bulb-sprayer | sprayer,Sprayer,,18-415,component__bulb-sprayer__18-415__ansptsl18-415blk__022c1ec6,Black · Spray,Component (see capStyle/applicator),AnSpTsl18-415Blk,https://cdn.shopify.com/s/files/1/0739/9420/7524/files/CMP-SPR-BLK-18-415-02__AnSpTsl18-415Blk__pdp-main__v001_63c8c56f-5265-486a-b36d-936dfb2cb501.png?v=1781252123 | https://www.bestbottles.com/images/store/enlarged_pics/AnSpTsl18-415Blk.gif,,,manual-review-required,P0-TRUTH,manual-review-required,unverified,Resolve source identity/reference evidence before authority creation.,,,conflicting-slot-proposal | duplicate-source-rows-require-alias-review | release-slot-contract-extension-required
166,shot__component__bulb-sprayer__18-415__ansp18-415ivygl__c8825013,component-source,bulb-sprayer | sprayer,Sprayer,,18-415,component__bulb-sprayer__18-415__ansp18-415ivygl__c8825013,Gold · Ivory · Spray,Component (see capStyle/applicator),AnSp18-415IvyGl,https://cdn.shopify.com/s/files/1/0739/9420/7524/files/CMP-SPR-IVGD-18-415-01__AnSp18-415IvyGl__pdp-main__v001_a7aa6bbe-2238-4b4d-995b-ddf97692da26.png?v=1781252123 | https://www.bestbottles.com/images/store/enlarged_pics/AnSp18-415IvyGl.gif,,,manual-review-required,P0-TRUTH,manual-review-required,unverified,Resolve source identity/reference evidence before authority creation.,,,conflicting-slot-proposal | duplicate-source-rows-require-alias-review | release-slot-contract-extension-required
167,shot__component__bulb-sprayer__18-415__ansptsl18-415ivygl__bf4c45ae,component-source,bulb-sprayer | sprayer,Sprayer,,18-415,component__bulb-sprayer__18-415__ansptsl18-415ivygl__bf4c45ae,Gold · Ivory · Spray,Component (see capStyle/applicator),AnSpTsl18-415IvyGl,https://cdn.shopify.com/s/files/1/0739/9420/7524/files/CMP-SPR-IVGD-18-415-02__AnSpTsl18-415IvyGl__pdp-main__v001_d72e8275-77b9-4797-8746-84b981074862.png?v=1781252123 | https://www.bestbottles.com/images/store/enlarged_pics/AnSpTsl18-415IvyGl.gif,,,manual-review-required,P0-TRUTH,manual-review-required,unverified,Resolve source identity/reference evidence before authority creation.,,,conflicting-slot-proposal | duplicate-source-rows-require-alias-review | release-slot-contract-extension-required
168,shot__component__bulb-sprayer__18-415__ansp18-415ivysl__dbc5a086,component-source,bulb-sprayer | sprayer,Sprayer,,18-415,component__bulb-sprayer__18-415__ansp18-415ivysl__dbc5a086,Ivory · Silver · Spray,Component (see capStyle/applicator),AnSp18-415IvySl,https://cdn.shopify.com/s/files/1/0739/9420/7524/files/CMP-SPR-IVSL-18-415-01__AnSp18-415IvySl__pdp-main__v001_4f430eab-d3fc-4f6b-b4c1-1c8484d5bbd1.png?v=1781252123 | https://www.bestbottles.com/images/store/enlarged_pics/AnSp18-415IvySl.gif,,,manual-review-required,P0-TRUTH,manual-review-required,unverified,Resolve source identity/reference evidence before authority creation.,,,conflicting-slot-proposal | duplicate-source-rows-require-alias-review | release-slot-contract-extension-required
169,shot__component__bulb-sprayer__18-415__ansptsl18-415ivysl__7f10b8ef,component-source,bulb-sprayer | sprayer,Sprayer,,18-415,component__bulb-sprayer__18-415__ansptsl18-415ivysl__7f10b8ef,Ivory · Silver · Spray,Component (see capStyle/applicator),AnSpTsl18-415IvySl,https://cdn.shopify.com/s/files/1/0739/9420/7524/files/CMP-SPR-IVSL-18-415-02__AnSpTsl18-415IvySl__pdp-main__v001_57a00653-a705-4033-b10d-482009c7e742.png?v=1781252123 | https://www.bestbottles.com/images/store/enlarged_pics/AnSpTsl18-415IvySl.gif,,,manual-review-required,P0-TRUTH,manual-review-required,unverified,Resolve source identity/reference evidence before authority creation.,,,conflicting-slot-proposal | duplicate-source-rows-require-alias-review | release-slot-contract-extension-required
170,shot__component__bulb-sprayer__18-415__ansp18-415lvn__48914a06,component-source,bulb-sprayer | sprayer,Sprayer,,18-415,component__bulb-sprayer__18-415__ansp18-415lvn__48914a06,Lavender · Spray,Component (see capStyle/applicator),AnSp18-415Lvn,https://cdn.shopify.com/s/files/1/0739/9420/7524/files/CMP-SPR-LVN-18-415-01__AnSp18-415Lvn__pdp-main__v001_05643dfc-766c-4230-a1bb-26fe74e58302.png?v=1781252123 | https://www.bestbottles.com/images/store/enlarged_pics/AnSp18-415Lvn.gif,,,manual-review-required,P0-TRUTH,manual-review-required,unverified,Resolve source identity/reference evidence before authority creation.,,,conflicting-slot-proposal | duplicate-source-rows-require-alias-review | release-slot-contract-extension-required
171,shot__component__bulb-sprayer__18-415__ansptsl18-415lvn__051b9f4f,component-source,bulb-sprayer | sprayer,Sprayer,,18-415,component__bulb-sprayer__18-415__ansptsl18-415lvn__051b9f4f,Lavender · Spray,Component (see capStyle/applicator),AnSpTsl18-415Lvn,https://cdn.shopify.com/s/files/1/0739/9420/7524/files/CMP-SPR-LVN-18-415-02__AnSpTsl18-415Lvn__pdp-main__v001_d9e2cd2b-90c2-4bbd-8415-6f6ae1e62888.png?v=1781252123 | https://www.bestbottles.com/images/store/enlarged_pics/AnSpTsl18-415Lvn.gif,,,manual-review-required,P0-TRUTH,manual-review-required,unverified,Resolve source identity/reference evidence before authority creation.,,,conflicting-slot-proposal | duplicate-source-rows-require-alias-review | release-slot-contract-extension-required
172,shot__component__bulb-sprayer__18-415__ansp18-415mtsl__f9254122,component-source,bulb-sprayer | sprayer,Sprayer,,18-415,component__bulb-sprayer__18-415__ansp18-415mtsl__f9254122,Matte Silver · Spray,Component (see capStyle/applicator),AnSp18-415MtSl,https://cdn.shopify.com/s/files/1/0739/9420/7524/files/CMP-SPR-MSLV-18-415-01__AnSp18-415MtSl__pdp-main__v001_55e4c050-bf11-4acf-a702-b3b2079d9002.png?v=1781252123 | https://www.bestbottles.com/images/store/enlarged_pics/AnSp18-415MtSl.gif,,,manual-review-required,P0-TRUTH,manual-review-required,unverified,Resolve source identity/reference evidence before authority creation.,,,conflicting-slot-proposal | duplicate-source-rows-require-alias-review | release-slot-contract-extension-required
173,shot__component__bulb-sprayer__18-415__ansptsl18-415mts__53505404,component-source,bulb-sprayer | sprayer,Sprayer,,18-415,component__bulb-sprayer__18-415__ansptsl18-415mts__53505404,Matte Silver · Spray,Component (see capStyle/applicator),AnSpTsl18-415MtS,https://cdn.shopify.com/s/files/1/0739/9420/7524/files/CMP-SPR-MSLV-18-415-02__AnSpTsl18-415MtS__pdp-main__v001_05735831-fb3d-44bc-80be-5576a8fee274.png?v=1781252122 | https://www.bestbottles.com/images/store/enlarged_pics/AnSpTsl18-415MtS.gif,,,manual-review-required,P0-TRUTH,manual-review-required,unverified,Resolve source identity/reference evidence before authority creation.,,,conflicting-slot-proposal | duplicate-source-rows-require-alias-review | release-slot-contract-extension-required
174,shot__component__bulb-sprayer__18-415__ansptsl18-415pnk__799610a1,component-source,bulb-sprayer | sprayer,Sprayer,,18-415,component__bulb-sprayer__18-415__ansptsl18-415pnk__799610a1,Pink · Spray,Component (see capStyle/applicator),AnSpTsl18-415Pnk,https://cdn.shopify.com/s/files/1/0739/9420/7524/files/CMP-SPR-PNK-18-415__AnSpTsl18-415Pnk__pdp-main__v001_f71c68fb-331f-4600-b9e1-745067db8a32.png?v=1781252123 | https://www.bestbottles.com/images/store/enlarged_pics/AnSpTsl18-415Pnk.gif,,,manual-review-required,P0-TRUTH,manual-review-required,unverified,Resolve source identity/reference evidence before authority creation.,,,conflicting-slot-proposal | duplicate-source-rows-require-alias-review | release-slot-contract-extension-required
175,shot__component__bulb-sprayer__18-415__ansp18-415red__80216cf4,component-source,bulb-sprayer | sprayer,Sprayer,,18-415,component__bulb-sprayer__18-415__ansp18-415red__80216cf4,Red · Spray,Component (see capStyle/applicator),AnSp18-415Red,https://cdn.shopify.com/s/files/1/0739/9420/7524/files/CMP-SPR-RED-18-415-01__AnSp18-415Red__pdp-main__v001_dcc69524-5577-417e-91ab-466081910bb0.png?v=1781252122 | https://www.bestbottles.com/images/store/enlarged_pics/AnSp18-415Red.gif,,,manual-review-required,P0-TRUTH,manual-review-required,unverified,Resolve source identity/reference evidence before authority creation.,,,conflicting-slot-proposal | duplicate-source-rows-require-alias-review | release-slot-contract-extension-required
176,shot__component__bulb-sprayer__18-415__ansptsl18-415red__53f82889,component-source,bulb-sprayer | sprayer,Sprayer,,18-415,component__bulb-sprayer__18-415__ansptsl18-415red__53f82889,Red · Spray,Component (see capStyle/applicator),AnSpTsl18-415Red,https://cdn.shopify.com/s/files/1/0739/9420/7524/files/CMP-SPR-RED-18-415-02__AnSpTsl18-415Red__pdp-main__v001_a81cdb4d-c9c5-456a-8e6b-ec343dbe6f0e.png?v=1781252123 | https://www.bestbottles.com/images/store/enlarged_pics/AnSpTsl18-415Red.gif,,,manual-review-required,P0-TRUTH,manual-review-required,unverified,Resolve source identity/reference evidence before authority creation.,,,conflicting-slot-proposal | duplicate-source-rows-require-alias-review | release-slot-contract-extension-required
177,shot__component__bulb-sprayer__18-415__ansp18-415wht__de29f747,component-source,bulb-sprayer | sprayer,Sprayer,,18-415,component__bulb-sprayer__18-415__ansp18-415wht__de29f747,Spray · White,Component (see capStyle/applicator),AnSp18-415Wht,https://cdn.shopify.com/s/files/1/0739/9420/7524/files/CMP-SPR-WHT-18-415-01__AnSp18-415Wht__pdp-main__v001_38b296db-e25d-480b-9bfc-f93663f84b75.png?v=1781252123 | https://www.bestbottles.com/images/store/enlarged_pics/AnSp18-415Wht.gif,,,manual-review-required,P0-TRUTH,manual-review-required,unverified,Resolve source identity/reference evidence before authority creation.,,,conflicting-slot-proposal | duplicate-source-rows-require-alias-review | release-slot-contract-extension-required
178,shot__component__bulb-sprayer__18-415__ansptsl18-415wht__a63d2492,component-source,bulb-sprayer | sprayer,Sprayer,,18-415,component__bulb-sprayer__18-415__ansptsl18-415wht__a63d2492,Spray · White,Component (see capStyle/applicator),AnSpTsl18-415Wht,https://cdn.shopify.com/s/files/1/0739/9420/7524/files/CMP-SPR-WHT-18-415-02__AnSpTsl18-415Wht__pdp-main__v001_7a28d13a-365a-4b08-b888-72d288d35b9c.png?v=1781252123 | https://www.bestbottles.com/images/store/enlarged_pics/AnSpTsl18-415Wht.gif,,,manual-review-required,P0-TRUTH,manual-review-required,unverified,Resolve source identity/reference evidence before authority creation.,,,conflicting-slot-proposal | duplicate-source-rows-require-alias-review | release-slot-contract-extension-required
179,shot__component__sprayer__13-415__13-415cap4sprycumt__98931c9a,component-source,sprayer,Sprayer,,13-415,component__sprayer__13-415__13-415cap4sprycumt__98931c9a,Fine Mist Sprayer · Matte Copper · Spray,Component (see capStyle/applicator),13-415CAP4SpryCuMt,,,,manual-review-required,P0-TRUTH,missing,unverified,Resolve source identity/reference evidence before authority creation.,,,
180,shot__component__sprayer__18-415__18-415cap4sprymtgl__8b86b805,component-source,sprayer,Sprayer,,18-415,component__sprayer__18-415__18-415cap4sprymtgl__8b86b805,Fine Mist Sprayer · Matte Gold · Spray,Component (see capStyle/applicator),18-415CAP4SpryMtGl,,,,manual-review-required,P0-TRUTH,missing,unverified,Resolve source identity/reference evidence before authority creation.,,,
181,shot__component__sprayer__13-415__13-415cap4spryslmt__3caa5bdc,component-source,sprayer,Sprayer,,13-415,component__sprayer__13-415__13-415cap4spryslmt__3caa5bdc,Fine Mist Sprayer · Matte Silver · Spray,Component (see capStyle/applicator),13-415CAP4SprySlMt,,,,manual-review-required,P0-TRUTH,missing,unverified,Resolve source identity/reference evidence before authority creation.,,,
182,shot__component__sprayer__13-415__gbatom5redburg__d15d2ece,component-source,sprayer,Sprayer,,13-415,component__sprayer__13-415__gbatom5redburg__d15d2ece,Fine Mist Sprayer · Red · Spray,Component (see capStyle/applicator),GBATom5RedBurg,,,,manual-review-required,P0-TRUTH,missing,unverified,Resolve source identity/reference evidence before authority creation.,,,
183,shot__component__sprayer__18-415__18-415cap4spryshnblk__062208a9,component-source,sprayer,Sprayer,,18-415,component__sprayer__18-415__18-415cap4spryshnblk__062208a9,Fine Mist Sprayer · Shiny Black · Spray,Component (see capStyle/applicator),18-415CAP4SpryShnBlk,,,,manual-review-required,P0-TRUTH,missing,unverified,Resolve source identity/reference evidence before authority creation.,,,
184,shot__component__sprayer__13-415__13-415cap4spryglsh__c9f94c2f,component-source,sprayer,Sprayer,,13-415,component__sprayer__13-415__13-415cap4spryglsh__c9f94c2f,Fine Mist Sprayer · Shiny Gold · Spray,Component (see capStyle/applicator),13-415CAP4SpryGlSh,,,,manual-review-required,P0-TRUTH,missing,unverified,Resolve source identity/reference evidence before authority creation.,,,
185,shot__source-gap__glass-rod,source-gap,glass-rod,Catalog-wide,,,missing-source__glass-rod,glass-rod source identity required,,,,,,needs-source,P0-TRUTH,missing-source-identity,unverified,Obtain a verified physical component identity and source reference before creating geometry authority or compatibility links.,,,"Catalog assemblies require this responsibility, but the canonical component-source inventory contains no independent source row."
186,shot__source-gap__reducer,source-gap,reducer,Catalog-wide,,,missing-source__reducer,reducer source identity required,,,,,,needs-source,P0-TRUTH,missing-source-identity,unverified,Obtain a verified physical component identity and source reference before creating geometry authority or compatibility links.,,,"Catalog assemblies require this responsibility, but the canonical component-source inventory contains no independent source row."
187,shot__source-gap__stopper,source-gap,stopper,Catalog-wide,,,missing-source__stopper,stopper source identity required,,,,,,needs-source,P0-TRUTH,missing-source-identity,unverified,Obtain a verified physical component identity and source reference before creating geometry authority or compatibility links.,,,"Catalog assemblies require this responsibility, but the canonical component-source inventory contains no independent source row."
188,shot__body__aluminum-bottle__100ml__128x50x50.0__92156395e8__clear,body-appearance,body,Aluminum Bottle,100,20-410,body__aluminum-bottle__100ml__128x50x50.0__92156395e8,Clear,Aluminum (brushed),,https://www.bestbottles.com/images/store/enlarged_pics/Alu100mlSprayBlack.gif,1,ALUMINUM-BOTTLE-100ML-20-410,needs-authority,P1-PRODUCE,missing,measured-body-geometry-only,"Register or render one clean body authority, then approve the body appearance plate.",,,
189,shot__body__aluminum-bottle__120ml__114x45x45.0__896e2d7e7a__clear,body-appearance,body,Aluminum Bottle,120,20-410,body__aluminum-bottle__120ml__114x45x45.0__896e2d7e7a,Clear,Aluminum (brushed),,https://www.bestbottles.com/images/store/enlarged_pics/Alu120mlLotionPumpBlack.gif | https://www.bestbottles.com/images/store/enlarged_pics/Alu120mlLotionPumpWhite.gif,2,ALUMINUM-BOTTLE-120ML-20-410,needs-authority,P1-PRODUCE,missing,measured-body-geometry-only,"Register or render one clean body authority, then approve the body appearance plate.",,,
190,shot__body__aluminum-bottle__500ml__178x74x74.0__ce8f0f54fb__clear,body-appearance,body,Aluminum Bottle,500,20-410,body__aluminum-bottle__500ml__178x74x74.0__ce8f0f54fb,Clear,Aluminum (brushed),,https://www.bestbottles.com/images/store/enlarged_pics/Alu500.gif,1,ALUMINUM-BOTTLE-500ML-20-410,needs-authority,P1-PRODUCE,missing,measured-body-geometry-only,"Register or render one clean body authority, then approve the body appearance plate.",,,
191,shot__body__apothecary__15ml__58x30x30.0__5e8e668acb__cobalt-blue,body-appearance,body,Apothecary,15,Ground,body__apothecary__15ml__58x30x30.0__5e8e668acb,Cobalt Blue,Glass,,https://www.bestbottles.com/images/store/enlarged_pics/GB15ApthBlue.gif,1,APOTHECARY-15ML-GROUND,needs-authority,P1-PRODUCE,missing,measured-body-geometry-only,"Register or render one clean body authority, then approve the body appearance plate.",,,
192,shot__body__apothecary__30ml__58x37x37.0__424226b528__clear,body-appearance,body,Apothecary,30,Ground,body__apothecary__30ml__58x37x37.0__424226b528,Clear,Glass,,https://www.bestbottles.com/images/store/enlarged_pics/GB1ozApth.gif,1,APOTHECARY-30ML-GROUND,needs-authority,P1-PRODUCE,missing,measured-body-geometry-only,"Register or render one clean body authority, then approve the body appearance plate.",,,
193,shot__body__apothecary__30ml__58x37x37.0__424226b528__cobalt-blue,body-appearance,body,Apothecary,30,Ground,body__apothecary__30ml__58x37x37.0__424226b528,Cobalt Blue,Glass,,https://www.bestbottles.com/images/store/enlarged_pics/GB1ozApthBlue.gif,1,APOTHECARY-30ML-GROUND,needs-authority,P1-PRODUCE,missing,measured-body-geometry-only,"Register or render one clean body authority, then approve the body appearance plate.",,,
194,shot__body__apothecary__30ml__58x37x37.0__424226b528__green,body-appearance,body,Apothecary,30,Ground,body__apothecary__30ml__58x37x37.0__424226b528,Green,Glass,,https://www.bestbottles.com/images/store/enlarged_pics/GB1ozApthGreen.gif,1,APOTHECARY-30ML-GROUND,needs-authority,P1-PRODUCE,missing,measured-body-geometry-only,"Register or render one clean body authority, then approve the body appearance plate.",,,
195,shot__body__apothecary__118ml__52x27x27.4__ec731d8856__clear,body-appearance,body,Apothecary,118,Ground,body__apothecary__118ml__52x27x27.4__ec731d8856,Clear,Glass,,https://www.bestbottles.com/images/store/enlarged_pics/GBPearClear4ozStpr.gif,1,APOTHECARY-118ML-GROUND,needs-authority,P1-PRODUCE,missing,measured-body-geometry-only,"Register or render one clean body authority, then approve the body appearance plate.",,,
196,shot__body__atomizer__5ml__76x18x18.0__131341e133__black,body-appearance,body,Atomizer,5,13-415 | 13mm,body__atomizer__5ml__76x18x18.0__131341e133,Black,Metal shell + glass inner vial,,https://cdn.shopify.com/s/files/1/0739/9420/7524/files/master_corrected_1779588720462_tigzk8.png?v=1779603616 | https://www.bestbottles.com/images/store/enlarged_pics/GBAtom5Blk.gif | https://www.bestbottles.com/images/store/enlarged_pics/GBAtom5BlkDot.gif,2,ATOMIZER-5ML-13-415 | ATOMIZER-5ML-13-415-13MM,needs-authority,P1-PRODUCE,missing,measured-body-geometry-only,"Register or render one clean body authority, then approve the body appearance plate.",,,
197,shot__body__atomizer__5ml__92x15x15.0__bfd858bf7b__black,body-appearance,body,Atomizer,5,10mm,body__atomizer__5ml__92x15x15.0__bfd858bf7b,Black,Metal shell + glass inner vial,,https://www.bestbottles.com/images/store/enlarged_pics/GBAtom5SlimBlk.gif,1,ATOMIZER-5ML-10MM,needs-authority,P1-PRODUCE,missing,measured-body-geometry-only,"Register or render one clean body authority, then approve the body appearance plate.",,,
198,shot__body__atomizer__5ml__76x18x18.0__131341e133__clear,body-appearance,body,Atomizer,5,13-415,body__atomizer__5ml__76x18x18.0__131341e133,Clear,Metal shell + glass inner vial,,https://www.bestbottles.com/images/store/enlarged_pics/GBAtom5Gl.gif | https://www.bestbottles.com/images/store/enlarged_pics/GBAtom5Red.gif | https://www.bestbottles.com/images/store/enlarged_pics/GBAtom5Sl.gif | https://www.bestbottles.com/images/store/enlarged_pics/GBAtom5SlDot.gif | https://www.bestbottles.com/images/store/enlarged_pics/GBAtom5SlStars.gif,5,ATOMIZER-5ML-13-415 | ATOMIZER-5ML-13-415-13MM,needs-authority,P1-PRODUCE,missing,measured-body-geometry-only,"Register or render one clean body authority, then approve the body appearance plate.",,,
199,shot__body__atomizer__5ml__92x15x15.0__bfd858bf7b__clear,body-appearance,body,Atomizer,5,10mm,body__atomizer__5ml__92x15x15.0__bfd858bf7b,Clear,Metal shell + glass inner vial,,https://www.bestbottles.com/images/store/enlarged_pics/GBAtom5SlimGl.gif | https://www.bestbottles.com/images/store/enlarged_pics/GBAtom5SlimSl.gif,2,ATOMIZER-5ML-10MM,needs-authority,P1-PRODUCE,missing,measured-body-geometry-only,"Register or render one clean body authority, then approve the body appearance plate.",,,
200,shot__body__atomizer__5ml__76x18x18.0__131341e133__cobalt-blue,body-appearance,body,Atomizer,5,13-415,body__atomizer__5ml__76x18x18.0__131341e133,Cobalt Blue,Metal shell + glass inner vial,,https://www.bestbottles.com/images/store/enlarged_pics/GBAtom5Blu.gif,1,ATOMIZER-5ML-13-415 | ATOMIZER-5ML-13-415-13MM,needs-authority,P1-PRODUCE,missing,measured-body-geometry-only,"Register or render one clean body authority, then approve the body appearance plate.",,,
201,shot__body__atomizer__5ml__76x18x18.0__131341e133__pink,body-appearance,body,Atomizer,5,13-415 | 13mm,body__atomizer__5ml__76x18x18.0__131341e133,Pink,Metal shell + glass inner vial,,https://cdn.shopify.com/s/files/1/0739/9420/7524/files/master_corrected_1779588669269_7lh598_41b371dd-aed4-4187-a16f-1db23fd71646.png?v=1779603521 | https://www.bestbottles.com/images/store/enlarged_pics/GBAtom5PnkDot.gif,1,ATOMIZER-5ML-13-415 | ATOMIZER-5ML-13-415-13MM,needs-authority,P1-PRODUCE,missing,measured-body-geometry-only,"Register or render one clean body authority, then approve the body appearance plate.",,,
202,shot__body__atomizer__10ml__82x23x23.0__4f480b4d4c__black,body-appearance,body,Atomizer,10,17mm,body__atomizer__10ml__82x23x23.0__4f480b4d4c,Black,Metal shell + glass inner vial,,https://www.bestbottles.com/images/store/enlarged_pics/GBAtom10Blk.gif | https://www.bestbottles.com/images/store/enlarged_pics/GBAtom10BlkDot.gif,2,ATOMIZER-10ML-17MM,needs-authority,P1-PRODUCE,missing,measured-body-geometry-only,"Register or render one clean body authority, then approve the body appearance plate.",,,
203,shot__body__atomizer__10ml__82x23x23.0__4f480b4d4c__clear,body-appearance,body,Atomizer,10,17mm,body__atomizer__10ml__82x23x23.0__4f480b4d4c,Clear,Metal shell + glass inner vial,,https://www.bestbottles.com/images/store/enlarged_pics/GBAtom10Gl.gif | https://www.bestbottles.com/images/store/enlarged_pics/GBAtom10Lv.gif | https://www.bestbottles.com/images/store/enlarged_pics/GBAtom10Red.gif | https://www.bestbottles.com/images/store/enlarged_pics/GBAtom10Sl.gif | https://www.bestbottles.com/images/store/enlarged_pics/GBAtom10SlDot.gif | https://www.bestbottles.com/images/store/enlarged_pics/GBAtom10SlStars.gif,6,ATOMIZER-10ML-17MM,needs-authority,P1-PRODUCE,missing,measured-body-geometry-only,"Register or render one clean body authority, then approve the body appearance plate.",,,
204,shot__body__atomizer__10ml__82x23x23.0__4f480b4d4c__cobalt-blue,body-appearance,body,Atomizer,10,17mm,body__atomizer__10ml__82x23x23.0__4f480b4d4c,Cobalt Blue,Metal shell + glass inner vial,,https://www.bestbottles.com/images/store/enlarged_pics/GBAtom10Blu.gif,1,ATOMIZER-10ML-17MM,needs-authority,P1-PRODUCE,missing,measured-body-geometry-only,"Register or render one clean body authority, then approve the body appearance plate.",,,
205,shot__body__atomizer__10ml__82x23x23.0__4f480b4d4c__green,body-appearance,body,Atomizer,10,17mm,body__atomizer__10ml__82x23x23.0__4f480b4d4c,Green,Metal shell + glass inner vial,,https://www.bestbottles.com/images/store/enlarged_pics/GBAtom10Gr.gif,1,ATOMIZER-10ML-17MM,needs-authority,P1-PRODUCE,missing,measured-body-geometry-only,"Register or render one clean body authority, then approve the body appearance plate.",,,
206,shot__body__atomizer__10ml__82x23x23.0__4f480b4d4c__pink,body-appearance,body,Atomizer,10,17mm,body__atomizer__10ml__82x23x23.0__4f480b4d4c,Pink,Metal shell + glass inner vial,,https://www.bestbottles.com/images/store/enlarged_pics/GBAtom10Pnk.gif,1,ATOMIZER-10ML-17MM,needs-authority,P1-PRODUCE,missing,measured-body-geometry-only,"Register or render one clean body authority, then approve the body appearance plate.",,,
207,shot__body__circle__15ml__60x50x17.0__2294a6df28__clear,body-appearance,body,Circle,15,13-415,body__circle__15ml__60x50x17.0__2294a6df28,Clear,Glass,,https://www.bestbottles.com/images/store/depthview/GBCrcl15BlkSht.gif | https://www.bestbottles.com/images/store/depthview/GBCrcl15Gl.gif | https://www.bestbottles.com/images/store/depthview/GBCrcl15MtlRollBlkDot.gif | https://www.bestbottles.com/images/store/depthview/GBCrcl15MtlRollBlkSh.gif | https://www.bestbottles.com/images/store/depthview/GBCrcl15MtlRollCuMatt.gif | https://www.bestbottles.com/images/store/depthview/GBCrcl15MtlRollGlMatt.gif | https://www.bestbottles.com/images/store/depthview/GBCrcl15MtlRollGlSh.gif | https://www.bestbottles.com/images/store/depthview/GBCrcl15MtlRollPinkDot.gif | https://www.bestbottles.com/images/store/depthview/GBCrcl15MtlRollSlDot.gif | https://www.bestbottles.com/images/store/depthview/GBCrcl15MtlRollSlMatt.gif | https://www.bestbottles.com/images/store/depthview/GBCrcl15MtlRollSlSh.gif | https://www.bestbottles.com/images/store/depthview/GBCrcl15RollBlkDot.gif | https://www.bestbottles.com/images/store/depthview/GBCrcl15RollBlkSh.gif | https://www.bestbottles.com/images/store/depthview/GBCrcl15RollCuMatt.gif | https://www.bestbottles.com/images/store/depthview/GBCrcl15RollGlMatt.gif | https://www.bestbottles.com/images/store/depthview/GBCrcl15RollGlSh.gif | https://www.bestbottles.com/images/store/depthview/GBCrcl15RollPinkDot.gif | https://www.bestbottles.com/images/store/depthview/GBCrcl15RollSlDot.gif | https://www.bestbottles.com/images/store/depthview/GBCrcl15RollSlMatt.gif | https://www.bestbottles.com/images/store/depthview/GBCrcl15RollSlSh.gif | https://www.bestbottles.com/images/store/depthview/GBCrcl15Sl.gif | https://www.bestbottles.com/images/store/depthview/GBCrcl15SpryBlkMatt.gif | https://www.bestbottles.com/images/store/depthview/GBCrcl15SpryBlkSh.gif | https://www.bestbottles.com/images/store/depthview/GBCrcl15SpryBluMatt.gif | https://www.bestbottles.com/images/store/depthview/GBCrcl15SpryCuMatt.gif | https://www.bestbottles.com/images/store/depthview/GBCrcl15SpryGlMatt.gif | https://www.bestbottles.com/images/store/depthview/GBCrcl15SpryGlSh.gif | https://www.bestbottles.com/images/store/depthview/GBCrcl15SprySlMatt.gif | https://www.bestbottles.com/images/store/depthview/GBCrcl15SprySlSh.gif | https://www.bestbottles.com/images/store/depthview/GBCrcl15WhtSht.gif | https://www.bestbottles.com/images/store/enlarged_pics/GBCrcl15BlkSht.gif | https://www.bestbottles.com/images/store/enlarged_pics/GBCrcl15Gl.gif | https://www.bestbottles.com/images/store/enlarged_pics/GBCrcl15MtlRollBlkDot.gif | https://www.bestbottles.com/images/store/enlarged_pics/GBCrcl15MtlRollBlkSh.gif | https://www.bestbottles.com/images/store/enlarged_pics/GBCrcl15MtlRollCuMatt.gif | https://www.bestbottles.com/images/store/enlarged_pics/GBCrcl15MtlRollGlMatt.gif | https://www.bestbottles.com/images/store/enlarged_pics/GBCrcl15MtlRollGlSh.gif | https://www.bestbottles.com/images/store/enlarged_pics/GBCrcl15MtlRollPinkDot.gif | https://www.bestbottles.com/images/store/enlarged_pics/GBCrcl15MtlRollSlDot.gif | https://www.bestbottles.com/images/store/enlarged_pics/GBCrcl15MtlRollSlMatt.gif | https://www.bestbottles.com/images/store/enlarged_pics/GBCrcl15MtlRollSlSh.gif | https://www.bestbottles.com/images/store/enlarged_pics/GBCrcl15RollBlkDot.gif | https://www.bestbottles.com/images/store/enlarged_pics/GBCrcl15RollBlkSh.gif | https://www.bestbottles.com/images/store/enlarged_pics/GBCrcl15RollCuMatt.gif | https://www.bestbottles.com/images/store/enlarged_pics/GBCrcl15RollGlMatt.gif | https://www.bestbottles.com/images/store/enlarged_pics/GBCrcl15RollGlSh.gif | https://www.bestbottles.com/images/store/enlarged_pics/GBCrcl15RollPinkDot.gif | https://www.bestbottles.com/images/store/enlarged_pics/GBCrcl15RollSlDot.gif | https://www.bestbottles.com/images/store/enlarged_pics/GBCrcl15RollSlMatt.gif | https://www.bestbottles.com/images/store/enlarged_pics/GBCrcl15RollSlSh.gif | https://www.bestbottles.com/images/store/enlarged_pics/GBCrcl15Sl.gif | https://www.bestbottles.com/images/store/enlarged_pics/GBCrcl15SpryBlkMatt.gif | https://www.bestbottles.com/images/store/enlarged_pics/GBCrcl15SpryBlkSh.gif | https://www.bestbottles.com/images/store/enlarged_pics/GBCrcl15SpryBluMatt.gif | https://www.bestbottles.com/images/store/enlarged_pics/GBCrcl15SpryCuMatt.gif | https://www.bestbottles.com/images/store/enlarged_pics/GBCrcl15SpryGlMatt.gif | https://www.bestbottles.com/images/store/enlarged_pics/GBCrcl15SpryGlSh.gif | https://www.bestbottles.com/images/store/enlarged_pics/GBCrcl15SprySlMatt.gif | https://www.bestbottles.com/images/store/enlarged_pics/GBCrcl15SprySlSh.gif | https://www.bestbottles.com/images/store/enlarged_pics/GBCrcl15WhtSht.gif | https://www.bestbottles.com/images/store/measured/GBCrcl15BlkSht.gif | https://www.bestbottles.com/images/store/measured/GBCrcl15Gl.gif | https://www.bestbottles.com/images/store/measured/GBCrcl15MtlRollBlkDot.gif | https://www.bestbottles.com/images/store/measured/GBCrcl15MtlRollBlkSh.gif | https://www.bestbottles.com/images/store/measured/GBCrcl15MtlRollCuMatt.gif | https://www.bestbottles.com/images/store/measured/GBCrcl15MtlRollGlMatt.gif | https://www.bestbottles.com/images/store/measured/GBCrcl15MtlRollGlSh.gif | https://www.bestbottles.com/images/store/measured/GBCrcl15MtlRollPinkDot.gif | https://www.bestbottles.com/images/store/measured/GBCrcl15MtlRollSlDot.gif | https://www.bestbottles.com/images/store/measured/GBCrcl15MtlRollSlMatt.gif | https://www.bestbottles.com/images/store/measured/GBCrcl15MtlRollSlSh.gif | https://www.bestbottles.com/images/store/measured/GBCrcl15RollBlkDot.gif | https://www.bestbottles.com/images/store/measured/GBCrcl15RollBlkSh.gif | https://www.bestbottles.com/images/store/measured/GBCrcl15RollCuMatt.gif | https://www.bestbottles.com/images/store/measured/GBCrcl15RollGlMatt.gif | https://www.bestbottles.com/images/store/measured/GBCrcl15RollGlSh.gif | https://www.bestbottles.com/images/store/measured/GBCrcl15RollPinkDot.gif | https://www.bestbottles.com/images/store/measured/GBCrcl15RollSlDot.gif | https://www.bestbottles.com/images/store/measured/GBCrcl15RollSlMatt.gif | https://www.bestbottles.com/images/store/measured/GBCrcl15RollSlSh.gif | https://www.bestbottles.com/images/store/measured/GBCrcl15Sl.gif | https://www.bestbottles.com/images/store/measured/GBCrcl15SpryBlkMatt.gif | https://www.bestbottles.com/images/store/measured/GBCrcl15SpryBlkSh.gif | https://www.bestbottles.com/images/store/measured/GBCrcl15SpryBluMatt.gif | https://www.bestbottles.com/images/store/measured/GBCrcl15SpryCuMatt.gif | https://www.bestbottles.com/images/store/measured/GBCrcl15SpryGlMatt.gif | https://www.bestbottles.com/images/store/measured/GBCrcl15SpryGlSh.gif | https://www.bestbottles.com/images/store/measured/GBCrcl15SprySlMatt.gif | https://www.bestbottles.com/images/store/measured/GBCrcl15SprySlSh.gif | https://www.bestbottles.com/images/store/measured/GBCrcl15WhtSht.gif,30,CIRCLE-15ML-13-415,needs-authority,P1-PRODUCE,missing,measured-body-geometry-only,"Register or render one clean body authority, then approve the body appearance plate.",,,
208,shot__body__circle__50ml__87x72x23.0__d582c58a67__clear,body-appearance,body,Circle,50,18-415,body__circle__50ml__87x72x23.0__d582c58a67,Clear,Glass,,https://cdn.shopify.com/s/files/1/0739/9420/7524/files/GB-CIR-CLR-50ML-RDC-MSLV-01__GBCrcl50RdcrMtSl__pdp-main__v001.png?v=1781252028 | https://cdn.shopify.com/s/files/1/0739/9420/7524/files/GB-CIR-CLR-50ML-RDC-SBLK-01__GBCrcl50RdcrShnBlk__pdp-main__v001.png?v=1781252028 | https://www.bestbottles.com/images/store/depthview/GBCrcl50AnSpBlk.gif | https://www.bestbottles.com/images/store/depthview/GBCrcl50AnSpGl.gif | https://www.bestbottles.com/images/store/depthview/GBCrcl50AnSpIvyGl.gif | https://www.bestbottles.com/images/store/depthview/GBCrcl50AnSpIvySl.gif | https://www.bestbottles.com/images/store/depthview/GBCrcl50AnSpLvn.gif | https://www.bestbottles.com/images/store/depthview/GBCrcl50AnSpMtSl.gif | https://www.bestbottles.com/images/store/depthview/GBCrcl50AnSpPnk.gif | https://www.bestbottles.com/images/store/depthview/GBCrcl50AnSpRed.gif | https://www.bestbottles.com/images/store/depthview/GBCrcl50AnSpTslBlk.gif | https://www.bestbottles.com/images/store/depthview/GBCrcl50AnSpTslGl.gif | https://www.bestbottles.com/images/store/depthview/GBCrcl50AnSpTslIvyGl.gif | https://www.bestbottles.com/images/store/depthview/GBCrcl50AnSpTslIvySl.gif | https://www.bestbottles.com/images/store/depthview/GBCrcl50AnSpTslLvn.gif | https://www.bestbottles.com/images/store/depthview/GBCrcl50AnSpTslMtSl.gif | https://www.bestbottles.com/images/store/depthview/GBCrcl50AnSpTslPnk.gif | https://www.bestbottles.com/images/store/depthview/GBCrcl50AnSpTslRed.gif | https://www.bestbottles.com/images/store/depthview/GBCrcl50AnSpTslWht.gif | https://www.bestbottles.com/images/store/depthview/GBCrcl50AnSpWht.gif | https://www.bestbottles.com/images/store/depthview/GBCrcl50DrpCu.gif | https://www.bestbottles.com/images/store/depthview/GBCrcl50DrpGl.gif | https://www.bestbottles.com/images/store/depthview/GBCrcl50DrpSl.gif | https://www.bestbottles.com/images/store/depthview/GBCrcl50RdcrBlkLthr.gif | https://www.bestbottles.com/images/store/depthview/GBCrcl50RdcrBrwnLthr.gif | https://www.bestbottles.com/images/store/depthview/GBCrcl50RdcrIvyLthr.gif | https://www.bestbottles.com/images/store/depthview/GBCrcl50RdcrLBrwnLthr.gif | https://www.bestbottles.com/images/store/depthview/GBCrcl50RdcrMtSl.gif | https://www.bestbottles.com/images/store/depthview/GBCrcl50RdcrMtSlTall.gif | https://www.bestbottles.com/images/store/depthview/GBCrcl50RdcrPnkLthr.gif | https://www.bestbottles.com/images/store/depthview/GBCrcl50RdcrShnBlk.gif | https://www.bestbottles.com/images/store/depthview/GBCrcl50RdcrShnBlkTall.gif | https://www.bestbottles.com/images/store/depthview/GBCrcl50RdcrShnGl.gif | https://www.bestbottles.com/images/store/depthview/GBCrcl50RdcrShnSl.gif | https://www.bestbottles.com/images/store/depthview/GBCrcl50RdcrWht.gif | https://www.bestbottles.com/images/store/depthview/GBCrcl50SpryCu.gif | https://www.bestbottles.com/images/store/depthview/GBCrcl50SpryMtGl.gif | https://www.bestbottles.com/images/store/depthview/GBCrcl50SpryMtSl.gif | https://www.bestbottles.com/images/store/depthview/GBCrcl50SpryShnBlk.gif | https://www.bestbottles.com/images/store/depthview/GBCrcl50SpryShnGl.gif | https://www.bestbottles.com/images/store/depthview/GBCrcl50SpryShnSl.gif | https://www.bestbottles.com/images/store/depthview/LBCrcl50LtnClOvrCap.gif | https://www.bestbottles.com/images/store/depthview/LBCrcl50LtnCu.gif | https://www.bestbottles.com/images/store/depthview/LBCrcl50LtnMtGl.gif | https://www.bestbottles.com/images/store/depthview/LBCrcl50LtnMtSl.gif | https://www.bestbottles.com/images/store/depthview/LBCrcl50LtnShnBlk.gif | https://www.bestbottles.com/images/store/depthview/LBCrcl50LtnShnGl.gif | https://www.bestbottles.com/images/store/depthview/LBCrcl50LtnShnSl.gif | https://www.bestbottles.com/images/store/enlarged_pics/GBCrcl50AnSpBlk.gif | https://www.bestbottles.com/images/store/enlarged_pics/GBCrcl50AnSpGl.gif | https://www.bestbottles.com/images/store/enlarged_pics/GBCrcl50AnSpIvyGl.gif | https://www.bestbottles.com/images/store/enlarged_pics/GBCrcl50AnSpIvySl.gif | https://www.bestbottles.com/images/store/enlarged_pics/GBCrcl50AnSpLvn.gif | https://www.bestbottles.com/images/store/enlarged_pics/GBCrcl50AnSpMtSl.gif | https://www.bestbottles.com/images/store/enlarged_pics/GBCrcl50AnSpPnk.gif | https://www.bestbottles.com/images/store/enlarged_pics/GBCrcl50AnSpRed.gif | https://www.bestbottles.com/images/store/enlarged_pics/GBCrcl50AnSpTslBlk.gif | https://www.bestbottles.com/images/store/enlarged_pics/GBCrcl50AnSpTslGl.gif | https://www.bestbottles.com/images/store/enlarged_pics/GBCrcl50AnSpTslIvyGl.gif | https://www.bestbottles.com/images/store/enlarged_pics/GBCrcl50AnSpTslIvySl.gif | https://www.bestbottles.com/images/store/enlarged_pics/GBCrcl50AnSpTslLvn.gif | https://www.bestbottles.com/images/store/enlarged_pics/GBCrcl50AnSpTslMtSl.gif | https://www.bestbottles.com/images/store/enlarged_pics/GBCrcl50AnSpTslPnk.gif | https://www.bestbottles.com/images/store/enlarged_pics/GBCrcl50AnSpTslRed.gif | https://www.bestbottles.com/images/store/enlarged_pics/GBCrcl50AnSpTslWht.gif | https://www.bestbottles.com/images/store/enlarged_pics/GBCrcl50AnSpWht.gif | https://www.bestbottles.com/images/store/enlarged_pics/GBCrcl50DrpCu.gif | https://www.bestbottles.com/images/store/enlarged_pics/GBCrcl50DrpGl.gif | https://www.bestbottles.com/images/store/enlarged_pics/GBCrcl50DrpSl.gif | https://www.bestbottles.com/images/store/enlarged_pics/GBCrcl50RdcrBlkLthr.gif | https://www.bestbottles.com/images/store/enlarged_pics/GBCrcl50RdcrBrwnLthr.gif | https://www.bestbottles.com/images/store/enlarged_pics/GBCrcl50RdcrIvyLthr.gif | https://www.bestbottles.com/images/store/enlarged_pics/GBCrcl50RdcrLBrwnLthr.gif | https://www.bestbottles.com/images/store/enlarged_pics/GBCrcl50RdcrMtSl.gif | https://www.bestbottles.com/images/store/enlarged_pics/GBCrcl50RdcrMtSlTall.gif | https://www.bestbottles.com/images/store/enlarged_pics/GBCrcl50RdcrPnkLthr.gif | https://www.bestbottles.com/images/store/enlarged_pics/GBCrcl50RdcrShnBlk.gif | https://www.bestbottles.com/images/store/enlarged_pics/GBCrcl50RdcrShnBlkTall.gif | https://www.bestbottles.com/images/store/enlarged_pics/GBCrcl50RdcrShnGl.gif | https://www.bestbottles.com/images/store/enlarged_pics/GBCrcl50RdcrShnSl.gif | https://www.bestbottles.com/images/store/enlarged_pics/GBCrcl50RdcrWht.gif | https://www.bestbottles.com/images/store/enlarged_pics/GBCrcl50SpryCu.gif | https://www.bestbottles.com/images/store/enlarged_pics/GBCrcl50SpryMtGl.gif | https://www.bestbottles.com/images/store/enlarged_pics/GBCrcl50SpryMtSl.gif | https://www.bestbottles.com/images/store/enlarged_pics/GBCrcl50SpryShnBlk.gif | https://www.bestbottles.com/images/store/enlarged_pics/GBCrcl50SpryShnGl.gif | https://www.bestbottles.com/images/store/enlarged_pics/GBCrcl50SpryShnSl.gif | https://www.bestbottles.com/images/store/enlarged_pics/LBCrcl50LtnClOvrCap.gif | https://www.bestbottles.com/images/store/enlarged_pics/LBCrcl50LtnCu.gif | https://www.bestbottles.com/images/store/enlarged_pics/LBCrcl50LtnMtGl.gif | https://www.bestbottles.com/images/store/enlarged_pics/LBCrcl50LtnMtSl.gif | https://www.bestbottles.com/images/store/enlarged_pics/LBCrcl50LtnShnBlk.gif | https://www.bestbottles.com/images/store/enlarged_pics/LBCrcl50LtnShnGl.gif | https://www.bestbottles.com/images/store/enlarged_pics/LBCrcl50LtnShnSl.gif | https://www.bestbottles.com/images/store/measured/GBCrcl50AnSpBlk.gif | https://www.bestbottles.com/images/store/measured/GBCrcl50AnSpGl.gif | https://www.bestbottles.com/images/store/measured/GBCrcl50AnSpIvyGl.gif | https://www.bestbottles.com/images/store/measured/GBCrcl50AnSpIvySl.gif | https://www.bestbottles.com/images/store/measured/GBCrcl50AnSpLvn.gif | https://www.bestbottles.com/images/store/measured/GBCrcl50AnSpMtSl.gif | https://www.bestbottles.com/images/store/measured/GBCrcl50AnSpPnk.gif | https://www.bestbottles.com/images/store/measured/GBCrcl50AnSpRed.gif | https://www.bestbottles.com/images/store/measured/GBCrcl50AnSpTslBlk.gif | https://www.bestbottles.com/images/store/measured/GBCrcl50AnSpTslGl.gif | https://www.bestbottles.com/images/store/measured/GBCrcl50AnSpTslIvyGl.gif | https://www.bestbottles.com/images/store/measured/GBCrcl50AnSpTslIvySl.gif | https://www.bestbottles.com/images/store/measured/GBCrcl50AnSpTslLvn.gif | https://www.bestbottles.com/images/store/measured/GBCrcl50AnSpTslMtSl.gif | https://www.bestbottles.com/images/store/measured/GBCrcl50AnSpTslPnk.gif | https://www.bestbottles.com/images/store/measured/GBCrcl50AnSpTslRed.gif | https://www.bestbottles.com/images/store/measured/GBCrcl50AnSpTslWht.gif | https://www.bestbottles.com/images/store/measured/GBCrcl50AnSpWht.gif | https://www.bestbottles.com/images/store/measured/GBCrcl50DrpCu.gif | https://www.bestbottles.com/images/store/measured/GBCrcl50DrpGl.gif | https://www.bestbottles.com/images/store/measured/GBCrcl50DrpSl.gif | https://www.bestbottles.com/images/store/measured/GBCrcl50RdcrBlkLthr.gif | https://www.bestbottles.com/images/store/measured/GBCrcl50RdcrBrwnLthr.gif | https://www.bestbottles.com/images/store/measured/GBCrcl50RdcrIvyLthr.gif | https://www.bestbottles.com/images/store/measured/GBCrcl50RdcrLBrwnLthr.gif | https://www.bestbottles.com/images/store/measured/GBCrcl50RdcrMtSl.gif | https://www.bestbottles.com/images/store/measured/GBCrcl50RdcrMtSlTall.gif | https://www.bestbottles.com/images/store/measured/GBCrcl50RdcrPnkLthr.gif | https://www.bestbottles.com/images/store/measured/GBCrcl50RdcrShnBlk.gif | https://www.bestbottles.com/images/store/measured/GBCrcl50RdcrShnBlkTall.gif | https://www.bestbottles.com/images/store/measured/GBCrcl50RdcrShnGl.gif | https://www.bestbottles.com/images/store/measured/GBCrcl50RdcrShnSl.gif | https://www.bestbottles.com/images/store/measured/GBCrcl50RdcrWht.gif | https://www.bestbottles.com/images/store/measured/GBCrcl50SpryCu.gif | https://www.bestbottles.com/images/store/measured/GBCrcl50SpryMtGl.gif | https://www.bestbottles.com/images/store/measured/GBCrcl50SpryMtSl.gif | https://www.bestbottles.com/images/store/measured/GBCrcl50SpryShnBlk.gif | https://www.bestbottles.com/images/store/measured/GBCrcl50SpryShnGl.gif | https://www.bestbottles.com/images/store/measured/GBCrcl50SpryShnSl.gif | https://www.bestbottles.com/images/store/measured/LBCrcl50LtnClOvrCap.gif | https://www.bestbottles.com/images/store/measured/LBCrcl50LtnCu.gif | https://www.bestbottles.com/images/store/measured/LBCrcl50LtnMtGl.gif | https://www.bestbottles.com/images/store/measured/LBCrcl50LtnMtSl.gif | https://www.bestbottles.com/images/store/measured/LBCrcl50LtnShnBlk.gif | https://www.bestbottles.com/images/store/measured/LBCrcl50LtnShnGl.gif | https://www.bestbottles.com/images/store/measured/LBCrcl50LtnShnSl.gif,46,CIRCLE-50ML-18-400 | CIRCLE-50ML-18-415,needs-authority,P1-PRODUCE,missing,measured-body-geometry-only,"Register or render one clean body authority, then approve the body appearance plate.",,,
209,shot__body__circle__50ml__87x72x23.0__d582c58a67__frosted,body-appearance,body,Circle,50,18-400 | 18-415,body__circle__50ml__87x72x23.0__d582c58a67,Frosted,Glass,,https://cdn.shopify.com/s/files/1/0739/9420/7524/files/master_corrected_1779594410565_a5l972_04647fff-0907-484e-b5b2-f5f9d1aa82f7.png?v=1779595433 | https://www.bestbottles.com/images/store/enlarged_pics/GBCrclFrst50AnSpBlk.gif | https://www.bestbottles.com/images/store/enlarged_pics/GBCrclFrst50AnSpGl.gif | https://www.bestbottles.com/images/store/enlarged_pics/GBCrclFrst50AnSpIvyGl.gif | https://www.bestbottles.com/images/store/enlarged_pics/GBCrclFrst50AnSpIvySl.gif | https://www.bestbottles.com/images/store/enlarged_pics/GBCrclFrst50AnSpLvn.gif | https://www.bestbottles.com/images/store/enlarged_pics/GBCrclFrst50AnSpMtSl.gif | https://www.bestbottles.com/images/store/enlarged_pics/GBCrclFrst50AnSpPnk.gif | https://www.bestbottles.com/images/store/enlarged_pics/GBCrclFrst50AnSpRed.gif | https://www.bestbottles.com/images/store/enlarged_pics/GBCrclFrst50AnSpTslBlk.gif | https://www.bestbottles.com/images/store/enlarged_pics/GBCrclFrst50AnSpTslGl.gif | https://www.bestbottles.com/images/store/enlarged_pics/GBCrclFrst50AnSpTslIvyGl.gif | https://www.bestbottles.com/images/store/enlarged_pics/GBCrclFrst50AnSpTslIvySl.gif | https://www.bestbottles.com/images/store/enlarged_pics/GBCrclFrst50AnSpTslLvn.gif | https://www.bestbottles.com/images/store/enlarged_pics/GBCrclFrst50AnSpTslMtSl.gif | https://www.bestbottles.com/images/store/enlarged_pics/GBCrclFrst50AnSpTslPnk.gif | https://www.bestbottles.com/images/store/enlarged_pics/GBCrclFrst50AnSpTslRed.gif | https://www.bestbottles.com/images/store/enlarged_pics/GBCrclFrst50AnSpTslWht.gif | https://www.bestbottles.com/images/store/enlarged_pics/GBCrclFrst50AnSpWht.gif | https://www.bestbottles.com/images/store/enlarged_pics/GBCrclFrst50DrpCu.gif | https://www.bestbottles.com/images/store/enlarged_pics/GBCrclFrst50DrpGl.gif | https://www.bestbottles.com/images/store/enlarged_pics/GBCrclFrst50DrpSl.gif | https://www.bestbottles.com/images/store/enlarged_pics/GBCrclFrst50RdcrBlkLthr.gif | https://www.bestbottles.com/images/store/enlarged_pics/GBCrclFrst50RdcrBrwnLthr.gif | https://www.bestbottles.com/images/store/enlarged_pics/GBCrclFrst50RdcrIvyLthr.gif | https://www.bestbottles.com/images/store/enlarged_pics/GBCrclFrst50RdcrLBrwnLthr.gif | https://www.bestbottles.com/images/store/enlarged_pics/GBCrclFrst50RdcrMtSl.gif | https://www.bestbottles.com/images/store/enlarged_pics/GBCrclFrst50RdcrPnkLthr.gif | https://www.bestbottles.com/images/store/enlarged_pics/GBCrclFrst50RdcrShnBlk.gif | https://www.bestbottles.com/images/store/enlarged_pics/GBCrclFrst50RdcrShnBlkTall.gif | https://www.bestbottles.com/images/store/enlarged_pics/GBCrclFrst50RdcrShnGl.gif | https://www.bestbottles.com/images/store/enlarged_pics/GBCrclFrst50RdcrShnSl.gif | https://www.bestbottles.com/images/store/enlarged_pics/GBCrclFrst50RdcrWht.gif | https://www.bestbottles.com/images/store/enlarged_pics/GBCrclFrst50SpryCu.gif | https://www.bestbottles.com/images/store/enlarged_pics/GBCrclFrst50SpryMtGl.gif | https://www.bestbottles.com/images/store/enlarged_pics/GBCrclFrst50SpryMtSl.gif | https://www.bestbottles.com/images/store/enlarged_pics/GBCrclFrst50SpryShnBlk.gif | https://www.bestbottles.com/images/store/enlarged_pics/GBCrclFrst50SpryShnGl.gif | https://www.bestbottles.com/images/store/enlarged_pics/GBCrclFrst50SpryShnSl.gif | https://www.bestbottles.com/images/store/enlarged_pics/LBCrclFrst50LtnClOvrCap.gif | https://www.bestbottles.com/images/store/enlarged_pics/LBCrclFrst50LtnCu.gif | https://www.bestbottles.com/images/store/enlarged_pics/LBCrclFrst50LtnMtGl.gif | https://www.bestbottles.com/images/store/enlarged_pics/LBCrclFrst50LtnMtSl.gif | https://www.bestbottles.com/images/store/enlarged_pics/LBCrclFrst50LtnShnBlk.gif | https://www.bestbottles.com/images/store/enlarged_pics/LBCrclFrst50LtnShnGl.gif | https://www.bestbottles.com/images/store/enlarged_pics/LBCrclFrst50LtnShnSl.gif,45,CIRCLE-50ML-18-400 | CIRCLE-50ML-18-415,needs-authority,P1-PRODUCE,missing,measured-body-geometry-only,"Register or render one clean body authority, then approve the body appearance plate.",,,
210,shot__body__cream-jar__3ml__22x33x33.0__4dc807e721__clear,body-appearance,body,Cream Jar,3,20mm,body__cream-jar__3ml__22x33x33.0__4dc807e721,Clear,Glass or PP plastic (see itemName),,https://www.bestbottles.com/images/store/enlarged_pics/CJClr3.gif,1,CREAM-JAR-3ML-20MM,needs-authority,P1-PRODUCE,missing,measured-body-geometry-only,"Register or render one clean body authority, then approve the body appearance plate.",,,
211,shot__body__cream-jar__5ml__16x31x31.0__e2304b6040__clear,body-appearance,body,Cream Jar,5,27mm,body__cream-jar__5ml__16x31x31.0__e2304b6040,Clear,Glass or PP plastic (see itemName),,https://www.bestbottles.com/images/store/enlarged_pics/CJClr5mlClrCap.gif,1,CREAM-JAR-5ML-27MM,needs-authority,P1-PRODUCE,missing,measured-body-geometry-only,"Register or render one clean body authority, then approve the body appearance plate.",,,
212,shot__body__cream-jar__15ml__26x55x55.0__6f6d581136__clear,body-appearance,body,Cream Jar,15,37mm,body__cream-jar__15ml__26x55x55.0__6f6d581136,Clear,Glass or PP plastic (see itemName),,https://www.bestbottles.com/images/store/enlarged_pics/CJClr15Pnk.gif,1,CREAM-JAR-15ML-37MM,needs-authority,P1-PRODUCE,missing,measured-body-geometry-only,"Register or render one clean body authority, then approve the body appearance plate.",,,
213,shot__body__cream-jar__15ml__31x48x48.0__f10bc48dcf__clear,body-appearance,body,Cream Jar,15,37mm,body__cream-jar__15ml__31x48x48.0__f10bc48dcf,Clear,Glass or PP plastic (see itemName),,https://www.bestbottles.com/images/store/enlarged_pics/CJClr15Wht.gif,1,CREAM-JAR-15ML-37MM,needs-authority,P1-PRODUCE,missing,measured-body-geometry-only,"Register or render one clean body authority, then approve the body appearance plate.",,,
214,shot__body__cream-jar__30ml__35x52x52.0__af3aa32305__amber,body-appearance,body,Cream Jar,30,45mm,body__cream-jar__30ml__35x52x52.0__af3aa32305,Amber,Glass,,https://www.bestbottles.com/images/store/enlarged_pics/CJAmb30BlkCap.gif | https://www.bestbottles.com/images/store/enlarged_pics/CJAmb30SlCap.gif,2,CREAM-JAR-30ML-45MM,needs-authority,P1-PRODUCE,missing,measured-body-geometry-only,"Register or render one clean body authority, then approve the body appearance plate.",,,
215,shot__body__cream-jar__30ml__35x52x52.0__af3aa32305__frosted,body-appearance,body,Cream Jar,30,45mm,body__cream-jar__30ml__35x52x52.0__af3aa32305,Frosted,Glass | Glass or PP plastic (see itemName),,https://www.bestbottles.com/images/store/enlarged_pics/CJFrst30BlkCap.gif | https://www.bestbottles.com/images/store/enlarged_pics/CJFrst30SlCap.gif,2,CREAM-JAR-30ML-45MM,needs-authority,P1-PRODUCE,missing,measured-body-geometry-only,"Register or render one clean body authority, then approve the body appearance plate.",,,
216,shot__body__cream-jar__40ml__42x56x56.0__1d400f50d2__amber,body-appearance,body,Cream Jar,40,48/400,body__cream-jar__40ml__42x56x56.0__1d400f50d2,Amber,Glass,,https://www.bestbottles.com/images/store/enlarged_pics/CJAmb40BlkCap.gif | https://www.bestbottles.com/images/store/enlarged_pics/CJAmb40SlCap.gif,2,CREAM-JAR-40ML-48-400,needs-authority,P1-PRODUCE,missing,measured-body-geometry-only,"Register or render one clean body authority, then approve the body appearance plate.",,,
217,shot__body__cream-jar__40ml__42x56x56.0__1d400f50d2__frosted,body-appearance,body,Cream Jar,40,48/400,body__cream-jar__40ml__42x56x56.0__1d400f50d2,Frosted,Glass,,https://www.bestbottles.com/images/store/enlarged_pics/CJFrst40BlkCap.gif | https://www.bestbottles.com/images/store/enlarged_pics/CJFrst40SlCap.gif,2,CREAM-JAR-40ML-48-400,needs-authority,P1-PRODUCE,missing,measured-body-geometry-only,"Register or render one clean body authority, then approve the body appearance plate.",,,
218,shot__body__cream-jar__60ml__51x59x59.0__55ad0bd2d7__frosted,body-appearance,body,Cream Jar,60,58mm,body__cream-jar__60ml__51x59x59.0__55ad0bd2d7,Frosted,Glass or PP plastic (see itemName),,https://www.bestbottles.com/images/store/enlarged_pics/CJFrstdPlsBlkPls2oz.gif,1,CREAM-JAR-60ML-58MM,needs-authority,P1-PRODUCE,missing,measured-body-geometry-only,"Register or render one clean body authority, then approve the body appearance plate.",,,
219,shot__body__cylinder__3ml__37x14x14.0__aa7c8c6e6d__clear,body-appearance,body,Cylinder,3,12mm,body__cylinder__3ml__37x14x14.0__aa7c8c6e6d,Clear,Glass,,https://www.bestbottles.com/images/store/enlarged_pics/GBSpry3mlClBlk.gif | https://www.bestbottles.com/images/store/enlarged_pics/GBSpry3mlClWht.gif,2,CYL-3ML-12MM,needs-authority,P1-PRODUCE,missing,measured-body-geometry-only,"Register or render one clean body authority, then approve the body appearance plate.",,,
220,shot__body__cylinder__4ml__49x14x14.0__c3932dacb5__clear,body-appearance,body,Cylinder,4,12mm,body__cylinder__4ml__49x14x14.0__c3932dacb5,Clear,Glass,,https://www.bestbottles.com/images/store/enlarged_pics/GBSpry4mlClBlk.gif | https://www.bestbottles.com/images/store/enlarged_pics/GBSpry4mlClWh.gif,2,CYL-4ML-12MM,needs-authority,P1-PRODUCE,missing,measured-body-geometry-only,"Register or render one clean body authority, then approve the body appearance plate.",,,
221,shot__body__cylinder__5ml__53x17x17.0__f94a16652c__clear,body-appearance,body,Cylinder,5,13-415,body__cylinder__5ml__53x17x17.0__f94a16652c,Clear,Glass,,https://cdn.shopify.com/s/files/1/0739/9420/7524/files/GB-CYL-WHT-5ML-WHT-S__GBCyl5WhtSht__pdp-main__v001.png?v=1781252672 | https://cdn.shopify.com/s/files/1/0739/9420/7524/files/master_corrected_1780288678157_070vlm.png?v=1781252638 | https://www.bestbottles.com/images/store/enlarged_pics/GBCyl5BlkSht.gif | https://www.bestbottles.com/images/store/enlarged_pics/GBCyl5Gl.gif | https://www.bestbottles.com/images/store/enlarged_pics/GBCyl5MtlRollBlkDot.gif | https://www.bestbottles.com/images/store/enlarged_pics/GBCyl5MtlRollBlkSh.gif | https://www.bestbottles.com/images/store/enlarged_pics/GBCyl5MtlRollCuMatt.gif | https://www.bestbottles.com/images/store/enlarged_pics/GBCyl5MtlRollGlMatt.gif | https://www.bestbottles.com/images/store/enlarged_pics/GBCyl5MtlRollGlSh.gif | https://www.bestbottles.com/images/store/enlarged_pics/GBCyl5MtlRollPinkDot.gif | https://www.bestbottles.com/images/store/enlarged_pics/GBCyl5MtlRollSlDot.gif | https://www.bestbottles.com/images/store/enlarged_pics/GBCyl5MtlRollSlMatt.gif | https://www.bestbottles.com/images/store/enlarged_pics/GBCyl5MtlRollSlSh.gif | https://www.bestbottles.com/images/store/enlarged_pics/GBCyl5RollBlkDot.gif | https://www.bestbottles.com/images/store/enlarged_pics/GBCyl5RollBlkSh.gif | https://www.bestbottles.com/images/store/enlarged_pics/GBCyl5RollCuMatt.gif | https://www.bestbottles.com/images/store/enlarged_pics/GBCyl5RollGlMatt.gif | https://www.bestbottles.com/images/store/enlarged_pics/GBCyl5RollGlSh.gif | https://www.bestbottles.com/images/store/enlarged_pics/GBCyl5RollPinkDot.gif | https://www.bestbottles.com/images/store/enlarged_pics/GBCyl5RollSlDot.gif | https://www.bestbottles.com/images/store/enlarged_pics/GBCyl5RollSlMatt.gif | https://www.bestbottles.com/images/store/enlarged_pics/GBCyl5RollSlSh.gif | https://www.bestbottles.com/images/store/enlarged_pics/GBCyl5Sl.gif | https://www.bestbottles.com/images/store/enlarged_pics/GBCyl5SpryBlkMatt.gif | https://www.bestbottles.com/images/store/enlarged_pics/GBCyl5SpryBlkSh.gif | https://www.bestbottles.com/images/store/enlarged_pics/GBCyl5SprySlSh.gif,25,CYL-5ML-13-415,needs-authority,P1-PRODUCE,missing,measured-body-geometry-only,"Register or render one clean body authority, then approve the body appearance plate.",,,
222,shot__body__cylinder__5ml__54x17x17.0__bb133367ba__clear,body-appearance,body,Cylinder,5,,body__cylinder__5ml__54x17x17.0__bb133367ba,Clear,,,,0,,needs-authority,P1-PRODUCE,missing,measured-body-geometry-only,"Register or render one clean body authority, then approve the body appearance plate.",,,
223,shot__body__cylinder__5ml__53x17x17.0__f94a16652c__cobalt-blue,body-appearance,body,Cylinder,5,13-415,body__cylinder__5ml__53x17x17.0__f94a16652c,Cobalt Blue,Glass,,https://www.bestbottles.com/images/store/enlarged_pics/GBCylBlu5BlkSht.gif | https://www.bestbottles.com/images/store/enlarged_pics/GBCylBlu5Gl.gif | https://www.bestbottles.com/images/store/enlarged_pics/GBCylBlu5MtlRollBlkDot.gif | https://www.bestbottles.com/images/store/enlarged_pics/GBCylBlu5MtlRollBlkSh.gif | https://www.bestbottles.com/images/store/enlarged_pics/GBCylBlu5MtlRollCuMatt.gif | https://www.bestbottles.com/images/store/enlarged_pics/GBCylBlu5MtlRollGlMatt.gif | https://www.bestbottles.com/images/store/enlarged_pics/GBCylBlu5MtlRollGlSh.gif | https://www.bestbottles.com/images/store/enlarged_pics/GBCylBlu5MtlRollPinkDot.gif | https://www.bestbottles.com/images/store/enlarged_pics/GBCylBlu5MtlRollSlDot.gif | https://www.bestbottles.com/images/store/enlarged_pics/GBCylBlu5MtlRollSlMatt.gif | https://www.bestbottles.com/images/store/enlarged_pics/GBCylBlu5MtlRollSlSh.gif | https://www.bestbottles.com/images/store/enlarged_pics/GBCylBlu5RollBlkDot.gif | https://www.bestbottles.com/images/store/enlarged_pics/GBCylBlu5RollBlkSh.gif | https://www.bestbottles.com/images/store/enlarged_pics/GBCylBlu5RollCuMatt.gif | https://www.bestbottles.com/images/store/enlarged_pics/GBCylBlu5RollGlMatt.gif | https://www.bestbottles.com/images/store/enlarged_pics/GBCylBlu5RollGlSh.gif | https://www.bestbottles.com/images/store/enlarged_pics/GBCylBlu5RollPinkDot.gif | https://www.bestbottles.com/images/store/enlarged_pics/GBCylBlu5RollSlDot.gif | https://www.bestbottles.com/images/store/enlarged_pics/GBCylBlu5RollSlMatt.gif | https://www.bestbottles.com/images/store/enlarged_pics/GBCylBlu5RollSlSh.gif | https://www.bestbottles.com/images/store/enlarged_pics/GBCylBlu5Sl.gif | https://www.bestbottles.com/images/store/enlarged_pics/GBCylBlu5SpryBlkSh.gif | https://www.bestbottles.com/images/store/enlarged_pics/GBCylBlu5SpryBluMatt.gif | https://www.bestbottles.com/images/store/enlarged_pics/GBCylBlu5SpryCuMatt.gif | https://www.bestbottles.com/images/store/enlarged_pics/GBCylBlu5SpryGlMatt.gif | https://www.bestbottles.com/images/store/enlarged_pics/GBCylBlu5SpryGlSh.gif | https://www.bestbottles.com/images/store/enlarged_pics/GBCylBlu5SprySlMatt.gif | https://www.bestbottles.com/images/store/enlarged_pics/GBCylBlu5SprySlSh.gif,28,CYL-5ML-13-415,needs-authority,P1-PRODUCE,missing,measured-body-geometry-only,"Register or render one clean body authority, then approve the body appearance plate.",,,
224,shot__body__cylinder__9ml__74x20x20.0__1f6af2bdca__frosted,body-appearance,body,Cylinder,9,17-415,body__cylinder__9ml__74x20x20.0__1f6af2bdca,Frosted,Glass,,https://www.bestbottles.com/images/store/enlarged_pics/GBCylFrst9SpryBlk.gif | https://www.bestbottles.com/images/store/enlarged_pics/GBCylFrst9SpryGl.gif | https://www.bestbottles.com/images/store/enlarged_pics/GBCylFrst9SpryMattSl.gif | https://www.bestbottles.com/images/store/enlarged_pics/GBCylFrst9SpryRd.gif | https://www.bestbottles.com/images/store/enlarged_pics/GBCylFrst9SpryShSl.gif | https://www.bestbottles.com/images/store/enlarged_pics/GBCylFrst9SpryTur.gif | https://www.bestbottles.com/images/store/enlarged_pics/LBCylFrst9LtnBlk.gif | https://www.bestbottles.com/images/store/enlarged_pics/LBCylFrst9LtnGl.gif | https://www.bestbottles.com/images/store/enlarged_pics/LBCylFrst9LtnMtSl.gif,9,CYL-9ML-17-415,needs-authority,P1-PRODUCE,missing,measured-body-geometry-only,"Register or render one clean body authority, then approve the body appearance plate.",,,
225,shot__body__cylinder__28ml__81x31x31.0__78183a1776__clear,body-appearance,body,Cylinder,28,16mm,body__cylinder__28ml__81x31x31.0__78183a1776,Clear,Glass,,https://www.bestbottles.com/images/store/enlarged_pics/GBCyl28MtlRollBlk.gif | https://www.bestbottles.com/images/store/enlarged_pics/GBCyl28MtlRollWht.gif | https://www.bestbottles.com/images/store/enlarged_pics/GBCyl28RollBlk.gif | https://www.bestbottles.com/images/store/enlarged_pics/GBCyl28RollWht.gif,4,CYL-28ML-16MM,needs-authority,P1-PRODUCE,missing,measured-body-geometry-only,"Register or render one clean body authority, then approve the body appearance plate.",,,
226,shot__body__cylinder__50ml__117x32x32.0__16f88e6875__clear,body-appearance,body,Cylinder,50,18-415,body__cylinder__50ml__117x32x32.0__16f88e6875,Clear,Glass,,https://cdn.shopify.com/s/files/1/0739/9420/7524/files/master_corrected_1779982461485_0evs3z.png?v=1781252041 | https://cdn.shopify.com/s/files/1/0739/9420/7524/files/master_corrected_1779982549870_fljoj5.png?v=1781252041 | https://www.bestbottles.com/images/store/depthview/GBCyl50AnSpBlk.gif | https://www.bestbottles.com/images/store/depthview/GBCyl50AnSpGl.gif | https://www.bestbottles.com/images/store/depthview/GBCyl50AnSpIvyGl.gif | https://www.bestbottles.com/images/store/depthview/GBCyl50AnSpIvySl.gif | https://www.bestbottles.com/images/store/depthview/GBCyl50AnSpLvn.gif | https://www.bestbottles.com/images/store/depthview/GBCyl50AnSpMtSl.gif | https://www.bestbottles.com/images/store/depthview/GBCyl50AnSpPnk.gif | https://www.bestbottles.com/images/store/depthview/GBCyl50AnSpRed.gif | https://www.bestbottles.com/images/store/depthview/GBCyl50AnSpTslBlk.gif | https://www.bestbottles.com/images/store/depthview/GBCyl50AnSpTslGl.gif | https://www.bestbottles.com/images/store/depthview/GBCyl50AnSpTslIvyGl.gif | https://www.bestbottles.com/images/store/depthview/GBCyl50AnSpTslIvySl.gif | https://www.bestbottles.com/images/store/depthview/GBCyl50AnSpTslLvn.gif | https://www.bestbottles.com/images/store/depthview/GBCyl50AnSpTslMtSl.gif | https://www.bestbottles.com/images/store/depthview/GBCyl50AnSpTslPnk.gif | https://www.bestbottles.com/images/store/depthview/GBCyl50AnSpTslRed.gif | https://www.bestbottles.com/images/store/depthview/GBCyl50AnSpTslWht.gif | https://www.bestbottles.com/images/store/depthview/GBCyl50RdcrBlkLthr.gif | https://www.bestbottles.com/images/store/depthview/GBCyl50RdcrBrwnLthr.gif | https://www.bestbottles.com/images/store/depthview/GBCyl50RdcrIvyLthr.gif | https://www.bestbottles.com/images/store/depthview/GBCyl50RdcrLBrwnLthr.gif | https://www.bestbottles.com/images/store/depthview/GBCyl50RdcrMtSl.gif | https://www.bestbottles.com/images/store/depthview/GBCyl50RdcrMtSlTall.gif | https://www.bestbottles.com/images/store/depthview/GBCyl50RdcrPnkLthr.gif | https://www.bestbottles.com/images/store/depthview/GBCyl50RdcrShnBlk.gif | https://www.bestbottles.com/images/store/depthview/GBCyl50RdcrShnBlkTall.gif | https://www.bestbottles.com/images/store/depthview/GBCyl50RdcrShnGl.gif | https://www.bestbottles.com/images/store/depthview/GBCyl50RdcrShnSl.gif | https://www.bestbottles.com/images/store/depthview/GBCyl50RdcrWht.gif | https://www.bestbottles.com/images/store/depthview/GBCyl50SpryCu.gif | https://www.bestbottles.com/images/store/depthview/GBCyl50SpryMtGl.gif | https://www.bestbottles.com/images/store/depthview/GBCyl50SpryMtSl.gif | https://www.bestbottles.com/images/store/depthview/GBCyl50SpryShnBlk.gif | https://www.bestbottles.com/images/store/depthview/GBCyl50SpryShnGl.gif | https://www.bestbottles.com/images/store/depthview/GBCyl50SpryShnSl.gif | https://www.bestbottles.com/images/store/depthview/LBCyl50LtnClOvrCap.gif | https://www.bestbottles.com/images/store/depthview/LBCyl50LtnCu.gif | https://www.bestbottles.com/images/store/depthview/LBCyl50LtnMtGl.gif | https://www.bestbottles.com/images/store/depthview/LBCyl50LtnMtSl.gif | https://www.bestbottles.com/images/store/depthview/LBCyl50LtnShnBlk.gif | https://www.bestbottles.com/images/store/depthview/LBCyl50LtnShnGl.gif | https://www.bestbottles.com/images/store/depthview/LBCyl50LtnShnSl.gif | https://www.bestbottles.com/images/store/enlarged_pics/GBCyl50AnSpBlk.gif | https://www.bestbottles.com/images/store/enlarged_pics/GBCyl50AnSpGl.gif | https://www.bestbottles.com/images/store/enlarged_pics/GBCyl50AnSpIvyGl.gif | https://www.bestbottles.com/images/store/enlarged_pics/GBCyl50AnSpIvySl.gif | https://www.bestbottles.com/images/store/enlarged_pics/GBCyl50AnSpLvn.gif | https://www.bestbottles.com/images/store/enlarged_pics/GBCyl50AnSpMtSl.gif | https://www.bestbottles.com/images/store/enlarged_pics/GBCyl50AnSpPnk.gif | https://www.bestbottles.com/images/store/enlarged_pics/GBCyl50AnSpRed.gif | https://www.bestbottles.com/images/store/enlarged_pics/GBCyl50AnSpTslBlk.gif | https://www.bestbottles.com/images/store/enlarged_pics/GBCyl50AnSpTslGl.gif | https://www.bestbottles.com/images/store/enlarged_pics/GBCyl50AnSpTslIvyGl.gif | https://www.bestbottles.com/images/store/enlarged_pics/GBCyl50AnSpTslIvySl.gif | https://www.bestbottles.com/images/store/enlarged_pics/GBCyl50AnSpTslLvn.gif | https://www.bestbottles.com/images/store/enlarged_pics/GBCyl50AnSpTslMtSl.gif | https://www.bestbottles.com/images/store/enlarged_pics/GBCyl50AnSpTslPnk.gif | https://www.bestbottles.com/images/store/enlarged_pics/GBCyl50AnSpTslRed.gif | https://www.bestbottles.com/images/store/enlarged_pics/GBCyl50AnSpTslWht.gif | https://www.bestbottles.com/images/store/enlarged_pics/GBCyl50RdcrBlkLthr.gif | https://www.bestbottles.com/images/store/enlarged_pics/GBCyl50RdcrBrwnLthr.gif | https://www.bestbottles.com/images/store/enlarged_pics/GBCyl50RdcrIvyLthr.gif | https://www.bestbottles.com/images/store/enlarged_pics/GBCyl50RdcrLBrwnLthr.gif | https://www.bestbottles.com/images/store/enlarged_pics/GBCyl50RdcrMtSl.gif | https://www.bestbottles.com/images/store/enlarged_pics/GBCyl50RdcrMtSlTall.gif | https://www.bestbottles.com/images/store/enlarged_pics/GBCyl50RdcrPnkLthr.gif | https://www.bestbottles.com/images/store/enlarged_pics/GBCyl50RdcrShnBlk.gif | https://www.bestbottles.com/images/store/enlarged_pics/GBCyl50RdcrShnBlkTall.gif | https://www.bestbottles.com/images/store/enlarged_pics/GBCyl50RdcrShnGl.gif | https://www.bestbottles.com/images/store/enlarged_pics/GBCyl50RdcrShnSl.gif | https://www.bestbottles.com/images/store/enlarged_pics/GBCyl50RdcrWht.gif | https://www.bestbottles.com/images/store/enlarged_pics/GBCyl50SpryCu.gif | https://www.bestbottles.com/images/store/enlarged_pics/GBCyl50SpryMtGl.gif | https://www.bestbottles.com/images/store/enlarged_pics/GBCyl50SpryMtSl.gif | https://www.bestbottles.com/images/store/enlarged_pics/GBCyl50SpryShnBlk.gif | https://www.bestbottles.com/images/store/enlarged_pics/GBCyl50SpryShnGl.gif | https://www.bestbottles.com/images/store/enlarged_pics/GBCyl50SpryShnSl.gif | https://www.bestbottles.com/images/store/enlarged_pics/LBCyl50LtnClOvrCap.gif | https://www.bestbottles.com/images/store/enlarged_pics/LBCyl50LtnCu.gif | https://www.bestbottles.com/images/store/enlarged_pics/LBCyl50LtnMtGl.gif | https://www.bestbottles.com/images/store/enlarged_pics/LBCyl50LtnMtSl.gif | https://www.bestbottles.com/images/store/enlarged_pics/LBCyl50LtnShnBlk.gif | https://www.bestbottles.com/images/store/enlarged_pics/LBCyl50LtnShnGl.gif | https://www.bestbottles.com/images/store/enlarged_pics/LBCyl50LtnShnSl.gif | https://www.bestbottles.com/images/store/measured/GBCyl50AnSpBlk.gif | https://www.bestbottles.com/images/store/measured/GBCyl50AnSpGl.gif | https://www.bestbottles.com/images/store/measured/GBCyl50AnSpIvyGl.gif | https://www.bestbottles.com/images/store/measured/GBCyl50AnSpIvySl.gif | https://www.bestbottles.com/images/store/measured/GBCyl50AnSpLvn.gif | https://www.bestbottles.com/images/store/measured/GBCyl50AnSpMtSl.gif | https://www.bestbottles.com/images/store/measured/GBCyl50AnSpPnk.gif | https://www.bestbottles.com/images/store/measured/GBCyl50AnSpRed.gif | https://www.bestbottles.com/images/store/measured/GBCyl50AnSpTslBlk.gif | https://www.bestbottles.com/images/store/measured/GBCyl50AnSpTslGl.gif | https://www.bestbottles.com/images/store/measured/GBCyl50AnSpTslIvyGl.gif | https://www.bestbottles.com/images/store/measured/GBCyl50AnSpTslIvySl.gif | https://www.bestbottles.com/images/store/measured/GBCyl50AnSpTslLvn.gif | https://www.bestbottles.com/images/store/measured/GBCyl50AnSpTslMtSl.gif | https://www.bestbottles.com/images/store/measured/GBCyl50AnSpTslPnk.gif | https://www.bestbottles.com/images/store/measured/GBCyl50AnSpTslRed.gif | https://www.bestbottles.com/images/store/measured/GBCyl50AnSpTslWht.gif | https://www.bestbottles.com/images/store/measured/GBCyl50RdcrBlkLthr.gif | https://www.bestbottles.com/images/store/measured/GBCyl50RdcrBrwnLthr.gif | https://www.bestbottles.com/images/store/measured/GBCyl50RdcrIvyLthr.gif | https://www.bestbottles.com/images/store/measured/GBCyl50RdcrLBrwnLthr.gif | https://www.bestbottles.com/images/store/measured/GBCyl50RdcrMtSl.gif | https://www.bestbottles.com/images/store/measured/GBCyl50RdcrMtSlTall.gif | https://www.bestbottles.com/images/store/measured/GBCyl50RdcrPnkLthr.gif | https://www.bestbottles.com/images/store/measured/GBCyl50RdcrShnBlk.gif | https://www.bestbottles.com/images/store/measured/GBCyl50RdcrShnBlkTall.gif | https://www.bestbottles.com/images/store/measured/GBCyl50RdcrShnGl.gif | https://www.bestbottles.com/images/store/measured/GBCyl50RdcrShnSl.gif | https://www.bestbottles.com/images/store/measured/GBCyl50RdcrWht.gif | https://www.bestbottles.com/images/store/measured/GBCyl50SpryCu.gif | https://www.bestbottles.com/images/store/measured/GBCyl50SpryMtGl.gif | https://www.bestbottles.com/images/store/measured/GBCyl50SpryMtSl.gif | https://www.bestbottles.com/images/store/measured/GBCyl50SpryShnBlk.gif | https://www.bestbottles.com/images/store/measured/GBCyl50SpryShnGl.gif | https://www.bestbottles.com/images/store/measured/GBCyl50SpryShnSl.gif | https://www.bestbottles.com/images/store/measured/LBCyl50LtnClOvrCap.gif | https://www.bestbottles.com/images/store/measured/LBCyl50LtnCu.gif | https://www.bestbottles.com/images/store/measured/LBCyl50LtnMtGl.gif | https://www.bestbottles.com/images/store/measured/LBCyl50LtnMtSl.gif | https://www.bestbottles.com/images/store/measured/LBCyl50LtnShnBlk.gif | https://www.bestbottles.com/images/store/measured/LBCyl50LtnShnGl.gif | https://www.bestbottles.com/images/store/measured/LBCyl50LtnShnSl.gif,42,CYL-50ML-18-415,needs-authority,P1-PRODUCE,missing,measured-body-geometry-only,"Register or render one clean body authority, then approve the body appearance plate.",,,
227,shot__body__cylinder__50ml__98x37x37.0__d5cabe6ea2__clear,body-appearance,body,Cylinder,50,16mm,body__cylinder__50ml__98x37x37.0__d5cabe6ea2,Clear,Glass,,https://www.bestbottles.com/images/store/depthview/GBCyl50MtlRollBlk.gif | https://www.bestbottles.com/images/store/depthview/GBCyl50MtlRollWht.gif | https://www.bestbottles.com/images/store/depthview/GBCyl50RollBlk.gif | https://www.bestbottles.com/images/store/depthview/GBCyl50RollWht.gif | https://www.bestbottles.com/images/store/enlarged_pics/GBCyl50MtlRollBlk.gif | https://www.bestbottles.com/images/store/enlarged_pics/GBCyl50MtlRollWht.gif | https://www.bestbottles.com/images/store/enlarged_pics/GBCyl50RollBlk.gif | https://www.bestbottles.com/images/store/enlarged_pics/GBCyl50RollWht.gif | https://www.bestbottles.com/images/store/measured/GBCyl50MtlRollBlk.gif | https://www.bestbottles.com/images/store/measured/GBCyl50MtlRollWht.gif | https://www.bestbottles.com/images/store/measured/GBCyl50RollBlk.gif | https://www.bestbottles.com/images/store/measured/GBCyl50RollWht.gif,4,CYL-50ML-16MM,needs-authority,P1-PRODUCE,missing,measured-body-geometry-only,"Register or render one clean body authority, then approve the body appearance plate.",,,
228,shot__body__cylinder__100ml__154x35x35.0__b6c5e98693__clear,body-appearance,body,Cylinder,100,18-415,body__cylinder__100ml__154x35x35.0__b6c5e98693,Clear,Glass,,https://cdn.shopify.com/s/files/1/0739/9420/7524/files/master_corrected_1779533402572_jdhgtw_155da559-9fff-49b7-980a-715f34a3e464.png?v=1779556349 | https://cdn.shopify.com/s/files/1/0739/9420/7524/files/master_corrected_1779533691418_mt2h22_13e17ee9-b9a1-4f9e-ae16-aa013526f01d.png?v=1779556325 | https://www.bestbottles.com/images/store/depthview/GBCyl100AnSpBlk.gif | https://www.bestbottles.com/images/store/depthview/GBCyl100AnSpGl.gif | https://www.bestbottles.com/images/store/depthview/GBCyl100AnSpIvyGl.gif | https://www.bestbottles.com/images/store/depthview/GBCyl100AnSpIvySl.gif | https://www.bestbottles.com/images/store/depthview/GBCyl100AnSpLvn.gif | https://www.bestbottles.com/images/store/depthview/GBCyl100AnSpMtSl.gif | https://www.bestbottles.com/images/store/depthview/GBCyl100AnSpPnk.gif | https://www.bestbottles.com/images/store/depthview/GBCyl100AnSpRed.gif | https://www.bestbottles.com/images/store/depthview/GBCyl100AnSpTslBlk.gif | https://www.bestbottles.com/images/store/depthview/GBCyl100AnSpTslGl.gif | https://www.bestbottles.com/images/store/depthview/GBCyl100AnSpTslIvyGl.gif | https://www.bestbottles.com/images/store/depthview/GBCyl100AnSpTslIvySl.gif | https://www.bestbottles.com/images/store/depthview/GBCyl100AnSpTslLvn.gif | https://www.bestbottles.com/images/store/depthview/GBCyl100AnSpTslMtSl.gif | https://www.bestbottles.com/images/store/depthview/GBCyl100AnSpTslPnk.gif | https://www.bestbottles.com/images/store/depthview/GBCyl100AnSpTslRed.gif | https://www.bestbottles.com/images/store/depthview/GBCyl100AnSpTslWht.gif | https://www.bestbottles.com/images/store/depthview/GBCyl100AnSpWht.gif | https://www.bestbottles.com/images/store/depthview/GBCyl100RdcrBlkLthr.gif | https://www.bestbottles.com/images/store/depthview/GBCyl100RdcrBrwnLthr.gif | https://www.bestbottles.com/images/store/depthview/GBCyl100RdcrIvyLthr.gif | https://www.bestbottles.com/images/store/depthview/GBCyl100RdcrLBrwnLthr.gif | https://www.bestbottles.com/images/store/depthview/GBCyl100RdcrMtSl.gif | https://www.bestbottles.com/images/store/depthview/GBCyl100RdcrMtSlTall.gif | https://www.bestbottles.com/images/store/depthview/GBCyl100RdcrPnkLthr.gif | https://www.bestbottles.com/images/store/depthview/GBCyl100RdcrShnBlk.gif | https://www.bestbottles.com/images/store/depthview/GBCyl100RdcrShnBlkTall.gif | https://www.bestbottles.com/images/store/depthview/GBCyl100RdcrShnGl.gif | https://www.bestbottles.com/images/store/depthview/GBCyl100RdcrShnSl.gif | https://www.bestbottles.com/images/store/depthview/GBCyl100RdcrWht.gif | https://www.bestbottles.com/images/store/depthview/GBCyl100SpryCu.gif | https://www.bestbottles.com/images/store/depthview/GBCyl100SpryMtGl.gif | https://www.bestbottles.com/images/store/depthview/GBCyl100SpryMtSl.gif | https://www.bestbottles.com/images/store/depthview/GBCyl100SpryShnBlk.gif | https://www.bestbottles.com/images/store/depthview/GBCyl100SpryShnGl.gif | https://www.bestbottles.com/images/store/depthview/GBCyl100SpryShnSl.gif | https://www.bestbottles.com/images/store/depthview/LBCyl100LtnClOvrCap.gif | https://www.bestbottles.com/images/store/depthview/LBCyl100LtnCu.gif | https://www.bestbottles.com/images/store/depthview/LBCyl100LtnMtGl.gif | https://www.bestbottles.com/images/store/depthview/LBCyl100LtnMtSl.gif | https://www.bestbottles.com/images/store/depthview/LBCyl100LtnShnBlk.gif | https://www.bestbottles.com/images/store/depthview/LBCyl100LtnShnGl.gif | https://www.bestbottles.com/images/store/depthview/LBCyl100LtnShnSl.gif | https://www.bestbottles.com/images/store/enlarged_pics/GBCyl100AnSpBlk.gif | https://www.bestbottles.com/images/store/enlarged_pics/GBCyl100AnSpGl.gif | https://www.bestbottles.com/images/store/enlarged_pics/GBCyl100AnSpIvyGl.gif | https://www.bestbottles.com/images/store/enlarged_pics/GBCyl100AnSpIvySl.gif | https://www.bestbottles.com/images/store/enlarged_pics/GBCyl100AnSpLvn.gif | https://www.bestbottles.com/images/store/enlarged_pics/GBCyl100AnSpMtSl.gif | https://www.bestbottles.com/images/store/enlarged_pics/GBCyl100AnSpPnk.gif | https://www.bestbottles.com/images/store/enlarged_pics/GBCyl100AnSpRed.gif | https://www.bestbottles.com/images/store/enlarged_pics/GBCyl100AnSpTslBlk.gif | https://www.bestbottles.com/images/store/enlarged_pics/GBCyl100AnSpTslGl.gif | https://www.bestbottles.com/images/store/enlarged_pics/GBCyl100AnSpTslIvyGl.gif | https://www.bestbottles.com/images/store/enlarged_pics/GBCyl100AnSpTslIvySl.gif | https://www.bestbottles.com/images/store/enlarged_pics/GBCyl100AnSpTslLvn.gif | https://www.bestbottles.com/images/store/enlarged_pics/GBCyl100AnSpTslMtSl.gif | https://www.bestbottles.com/images/store/enlarged_pics/GBCyl100AnSpTslPnk.gif | https://www.bestbottles.com/images/store/enlarged_pics/GBCyl100AnSpTslRed.gif | https://www.bestbottles.com/images/store/enlarged_pics/GBCyl100AnSpTslWht.gif | https://www.bestbottles.com/images/store/enlarged_pics/GBCyl100AnSpWht.gif | https://www.bestbottles.com/images/store/enlarged_pics/GBCyl100RdcrBlkLthr.gif | https://www.bestbottles.com/images/store/enlarged_pics/GBCyl100RdcrBrwnLthr.gif | https://www.bestbottles.com/images/store/enlarged_pics/GBCyl100RdcrIvyLthr.gif | https://www.bestbottles.com/images/store/enlarged_pics/GBCyl100RdcrLBrwnLthr.gif | https://www.bestbottles.com/images/store/enlarged_pics/GBCyl100RdcrMtSl.gif | https://www.bestbottles.com/images/store/enlarged_pics/GBCyl100RdcrMtSlTall.gif | https://www.bestbottles.com/images/store/enlarged_pics/GBCyl100RdcrPnkLthr.gif | https://www.bestbottles.com/images/store/enlarged_pics/GBCyl100RdcrShnBlk.gif | https://www.bestbottles.com/images/store/enlarged_pics/GBCyl100RdcrShnBlkTall.gif | https://www.bestbottles.com/images/store/enlarged_pics/GBCyl100RdcrShnGl.gif | https://www.bestbottles.com/images/store/enlarged_pics/GBCyl100RdcrShnSl.gif | https://www.bestbottles.com/images/store/enlarged_pics/GBCyl100RdcrWht.gif | https://www.bestbottles.com/images/store/enlarged_pics/GBCyl100SpryCu.gif | https://www.bestbottles.com/images/store/enlarged_pics/GBCyl100SpryMtGl.gif | https://www.bestbottles.com/images/store/enlarged_pics/GBCyl100SpryMtSl.gif | https://www.bestbottles.com/images/store/enlarged_pics/GBCyl100SpryShnBlk.gif | https://www.bestbottles.com/images/store/enlarged_pics/GBCyl100SpryShnGl.gif | https://www.bestbottles.com/images/store/enlarged_pics/GBCyl100SpryShnSl.gif | https://www.bestbottles.com/images/store/enlarged_pics/LBCyl100LtnClOvrCap.gif | https://www.bestbottles.com/images/store/enlarged_pics/LBCyl100LtnCu.gif | https://www.bestbottles.com/images/store/enlarged_pics/LBCyl100LtnMtGl.gif | https://www.bestbottles.com/images/store/enlarged_pics/LBCyl100LtnMtSl.gif | https://www.bestbottles.com/images/store/enlarged_pics/LBCyl100LtnShnBlk.gif | https://www.bestbottles.com/images/store/enlarged_pics/LBCyl100LtnShnGl.gif | https://www.bestbottles.com/images/store/enlarged_pics/LBCyl100LtnShnSl.gif | https://www.bestbottles.com/images/store/measured/GBCyl100AnSpBlk.gif | https://www.bestbottles.com/images/store/measured/GBCyl100AnSpGl.gif | https://www.bestbottles.com/images/store/measured/GBCyl100AnSpIvyGl.gif | https://www.bestbottles.com/images/store/measured/GBCyl100AnSpIvySl.gif | https://www.bestbottles.com/images/store/measured/GBCyl100AnSpLvn.gif | https://www.bestbottles.com/images/store/measured/GBCyl100AnSpMtSl.gif | https://www.bestbottles.com/images/store/measured/GBCyl100AnSpPnk.gif | https://www.bestbottles.com/images/store/measured/GBCyl100AnSpRed.gif | https://www.bestbottles.com/images/store/measured/GBCyl100AnSpTslBlk.gif | https://www.bestbottles.com/images/store/measured/GBCyl100AnSpTslGl.gif | https://www.bestbottles.com/images/store/measured/GBCyl100AnSpTslIvyGl.gif | https://www.bestbottles.com/images/store/measured/GBCyl100AnSpTslIvySl.gif | https://www.bestbottles.com/images/store/measured/GBCyl100AnSpTslLvn.gif | https://www.bestbottles.com/images/store/measured/GBCyl100AnSpTslMtSl.gif | https://www.bestbottles.com/images/store/measured/GBCyl100AnSpTslPnk.gif | https://www.bestbottles.com/images/store/measured/GBCyl100AnSpTslRed.gif | https://www.bestbottles.com/images/store/measured/GBCyl100AnSpTslWht.gif | https://www.bestbottles.com/images/store/measured/GBCyl100AnSpWht.gif | https://www.bestbottles.com/images/store/measured/GBCyl100RdcrBlkLthr.gif | https://www.bestbottles.com/images/store/measured/GBCyl100RdcrBrwnLthr.gif | https://www.bestbottles.com/images/store/measured/GBCyl100RdcrIvyLthr.gif | https://www.bestbottles.com/images/store/measured/GBCyl100RdcrLBrwnLthr.gif | https://www.bestbottles.com/images/store/measured/GBCyl100RdcrMtSl.gif | https://www.bestbottles.com/images/store/measured/GBCyl100RdcrMtSlTall.gif | https://www.bestbottles.com/images/store/measured/GBCyl100RdcrPnkLthr.gif | https://www.bestbottles.com/images/store/measured/GBCyl100RdcrShnBlk.gif | https://www.bestbottles.com/images/store/measured/GBCyl100RdcrShnBlkTall.gif | https://www.bestbottles.com/images/store/measured/GBCyl100RdcrShnGl.gif | https://www.bestbottles.com/images/store/measured/GBCyl100RdcrShnSl.gif | https://www.bestbottles.com/images/store/measured/GBCyl100RdcrWht.gif | https://www.bestbottles.com/images/store/measured/GBCyl100SpryCu.gif | https://www.bestbottles.com/images/store/measured/GBCyl100SpryMtGl.gif | https://www.bestbottles.com/images/store/measured/GBCyl100SpryMtSl.gif | https://www.bestbottles.com/images/store/measured/GBCyl100SpryShnBlk.gif | https://www.bestbottles.com/images/store/measured/GBCyl100SpryShnGl.gif | https://www.bestbottles.com/images/store/measured/GBCyl100SpryShnSl.gif | https://www.bestbottles.com/images/store/measured/LBCyl100LtnClOvrCap.gif | https://www.bestbottles.com/images/store/measured/LBCyl100LtnCu.gif | https://www.bestbottles.com/images/store/measured/LBCyl100LtnMtGl.gif | https://www.bestbottles.com/images/store/measured/LBCyl100LtnMtSl.gif | https://www.bestbottles.com/images/store/measured/LBCyl100LtnShnBlk.gif | https://www.bestbottles.com/images/store/measured/LBCyl100LtnShnGl.gif | https://www.bestbottles.com/images/store/measured/LBCyl100LtnShnSl.gif,43,CYL-100ML-18-415,needs-authority,P1-PRODUCE,missing,measured-body-geometry-only,"Register or render one clean body authority, then approve the body appearance plate.",,,
229,shot__body__cylinder__118ml__116x41x41.0__5dd58c90b1__clear,body-appearance,body,Cylinder,118,,body__cylinder__118ml__116x41x41.0__5dd58c90b1,Clear,Glass,,https://cdn.shopify.com/s/files/1/0739/9420/7524/files/PB-CYL-CLR-118ML-WFLP__PbClear4ozFlpWh__pdp-main__v001.png?v=1781252624,1,CYL-118ML-UNKNOWN,needs-authority,P1-PRODUCE,missing,measured-body-geometry-only,"Register or render one clean body authority, then approve the body appearance plate.",,,
230,shot__body__cylinder__227ml__156x51x51.0__ab2379f04c__clear,body-appearance,body,Cylinder,227,,body__cylinder__227ml__156x51x51.0__ab2379f04c,Clear,Glass,,https://cdn.shopify.com/s/files/1/0739/9420/7524/files/PB-CYL-227ML-WFLP__PbClear8ozFlpWh__pdp-main__v001.png?v=1781252620,1,CYL-227ML-UNKNOWN,needs-authority,P1-PRODUCE,missing,measured-body-geometry-only,"Register or render one clean body authority, then approve the body appearance plate.",,,
231,shot__body__cylinder__454ml__195x62x62.0__1662fe4a04__clear,body-appearance,body,Cylinder,454,,body__cylinder__454ml__195x62x62.0__1662fe4a04,Clear,Glass,,https://cdn.shopify.com/s/files/1/0739/9420/7524/files/PB-CYL-454ML-WFLP__PbNat16ozFlpWh__pdp-main__v001.png?v=1781252627,1,CYL-454ML-UNKNOWN,needs-authority,P1-PRODUCE,missing,measured-body-geometry-only,"Register or render one clean body authority, then approve the body appearance plate.",,,
232,shot__body__decorative__3ml__42x18xunknown__133399225e__clear,body-appearance,body,Decorative,3,14.3mm,body__decorative__3ml__42x18xunknown__133399225e,Clear,Glass,,https://www.bestbottles.com/images/store/enlarged_pics/GB3TPlGl.gif,1,DECORATIVE-3ML-14-3MM,needs-authority,P1-PRODUCE,missing,measured-body-geometry-only,"Register or render one clean body authority, then approve the body appearance plate.",,,
233,shot__body__decorative__6ml__48x22xunknown__fcb044e7fe__clear,body-appearance,body,Decorative,6,14.3mm,body__decorative__6ml__48x22xunknown__fcb044e7fe,Clear,Glass,,https://www.bestbottles.com/images/store/enlarged_pics/GB6TPlGl.gif,1,DECORATIVE-6ML-14-3MM,needs-authority,P1-PRODUCE,missing,measured-body-geometry-only,"Register or render one clean body authority, then approve the body appearance plate.",,,
234,shot__body__decorative__32ml__77x42xunknown__6fcde0a8fb__clear,body-appearance,body,Decorative,32,Ground,body__decorative__32ml__77x42xunknown__6fcde0a8fb,Clear,Glass,,https://www.bestbottles.com/images/store/enlarged_pics/GB1ozGenieCl.gif,1,DECORATIVE-32ML-GROUND,needs-authority,P1-PRODUCE,missing,measured-body-geometry-only,"Register or render one clean body authority, then approve the body appearance plate.",,,
235,shot__body__decorative__32ml__77x42xunknown__6fcde0a8fb__cobalt-blue,body-appearance,body,Decorative,32,Ground,body__decorative__32ml__77x42xunknown__6fcde0a8fb,Cobalt Blue,Glass,,https://www.bestbottles.com/images/store/enlarged_pics/GB1ozGenieBl.gif,1,DECORATIVE-32ML-GROUND,needs-authority,P1-PRODUCE,missing,measured-body-geometry-only,"Register or render one clean body authority, then approve the body appearance plate.",,,
236,shot__body__decorative__355ml__52x92xunknown__83aeccc754__clear,body-appearance,body,Decorative,355,Ground,body__decorative__355ml__52x92xunknown__83aeccc754,Clear,Glass,,https://www.bestbottles.com/images/store/enlarged_pics/GBCB12ozPear.gif,1,DECORATIVE-355ML-GROUND,needs-authority,P1-PRODUCE,missing,measured-body-geometry-only,"Register or render one clean body authority, then approve the body appearance plate.",,,
237,shot__body__diamond__60ml__88x39xunknown__8aadb6f2ab__clear,body-appearance,body,Diamond,60,18-415,body__diamond__60ml__88x39xunknown__8aadb6f2ab,Clear,Glass,,https://cdn.shopify.com/s/files/1/0739/9420/7524/files/master_corrected_1779531758457_derymf.png?v=1779532039 | https://cdn.shopify.com/s/files/1/0739/9420/7524/files/master_corrected_1779531813092_7o4ehk.png?v=1779532034 | https://www.bestbottles.com/images/store/depthview/GBDmnd2ozAnSpBlk.gif | https://www.bestbottles.com/images/store/depthview/GBDmnd2ozAnSpGl.gif | https://www.bestbottles.com/images/store/depthview/GBDmnd2ozAnSpIvyGl.gif | https://www.bestbottles.com/images/store/depthview/GBDmnd2ozAnSpIvySl.gif | https://www.bestbottles.com/images/store/depthview/GBDmnd2ozAnSpLvn.gif | https://www.bestbottles.com/images/store/depthview/GBDmnd2ozAnSpMtSl.gif | https://www.bestbottles.com/images/store/depthview/GBDmnd2ozAnSpPnk.gif | https://www.bestbottles.com/images/store/depthview/GBDmnd2ozAnSpRed.gif | https://www.bestbottles.com/images/store/depthview/GBDmnd2ozAnSpTslBlk.gif | https://www.bestbottles.com/images/store/depthview/GBDmnd2ozAnSpTslGl.gif | https://www.bestbottles.com/images/store/depthview/GBDmnd2ozAnSpTslIvyGl.gif | https://www.bestbottles.com/images/store/depthview/GBDmnd2ozAnSpTslIvySl.gif | https://www.bestbottles.com/images/store/depthview/GBDmnd2ozAnSpTslLvn.gif | https://www.bestbottles.com/images/store/depthview/GBDmnd2ozAnSpTslMtSl.gif | https://www.bestbottles.com/images/store/depthview/GBDmnd2ozAnSpTslPnk.gif | https://www.bestbottles.com/images/store/depthview/GBDmnd2ozAnSpTslRed.gif | https://www.bestbottles.com/images/store/depthview/GBDmnd2ozAnSpTslWht.gif | https://www.bestbottles.com/images/store/depthview/GBDmnd2ozAnSpWht.gif | https://www.bestbottles.com/images/store/depthview/GBDmnd2ozRdcrBlkLthr.gif | https://www.bestbottles.com/images/store/depthview/GBDmnd2ozRdcrBrwnLthr.gif | https://www.bestbottles.com/images/store/depthview/GBDmnd2ozRdcrIvyLthr.gif | https://www.bestbottles.com/images/store/depthview/GBDmnd2ozRdcrLBrwnLthr.gif | https://www.bestbottles.com/images/store/depthview/GBDmnd2ozRdcrMtSl.gif | https://www.bestbottles.com/images/store/depthview/GBDmnd2ozRdcrMtSlTall.gif | https://www.bestbottles.com/images/store/depthview/GBDmnd2ozRdcrPnkLthr.gif | https://www.bestbottles.com/images/store/depthview/GBDmnd2ozRdcrShnBlk.gif | https://www.bestbottles.com/images/store/depthview/GBDmnd2ozRdcrShnBlkTall.gif | https://www.bestbottles.com/images/store/depthview/GBDmnd2ozRdcrShnGl.gif | https://www.bestbottles.com/images/store/depthview/GBDmnd2ozRdcrShnSl.gif | https://www.bestbottles.com/images/store/depthview/GBDmnd2ozRdcrWht.gif | https://www.bestbottles.com/images/store/depthview/GBDmnd2ozSpryCu.gif | https://www.bestbottles.com/images/store/depthview/GBDmnd2ozSpryMtGl.gif | https://www.bestbottles.com/images/store/depthview/GBDmnd2ozSpryMtSl.gif | https://www.bestbottles.com/images/store/depthview/GBDmnd2ozSpryShnBlk.gif | https://www.bestbottles.com/images/store/depthview/GBDmnd2ozSpryShnGl.gif | https://www.bestbottles.com/images/store/depthview/GBDmnd2ozSpryShnSl.gif | https://www.bestbottles.com/images/store/depthview/LBDmnd2ozLtnClOvrCap.gif | https://www.bestbottles.com/images/store/depthview/LBDmnd2ozLtnCu.gif | https://www.bestbottles.com/images/store/depthview/LBDmnd2ozLtnMtGl.gif | https://www.bestbottles.com/images/store/depthview/LBDmnd2ozLtnMtSl.gif | https://www.bestbottles.com/images/store/depthview/LBDmnd2ozLtnShnBlk.gif | https://www.bestbottles.com/images/store/depthview/LBDmnd2ozLtnShnGl.gif | https://www.bestbottles.com/images/store/depthview/LBDmnd2ozLtnShnSl.gif | https://www.bestbottles.com/images/store/enlarged_pics/GBDmnd2ozAnSpBlk.gif | https://www.bestbottles.com/images/store/enlarged_pics/GBDmnd2ozAnSpGl.gif | https://www.bestbottles.com/images/store/enlarged_pics/GBDmnd2ozAnSpIvyGl.gif | https://www.bestbottles.com/images/store/enlarged_pics/GBDmnd2ozAnSpIvySl.gif | https://www.bestbottles.com/images/store/enlarged_pics/GBDmnd2ozAnSpLvn.gif | https://www.bestbottles.com/images/store/enlarged_pics/GBDmnd2ozAnSpMtSl.gif | https://www.bestbottles.com/images/store/enlarged_pics/GBDmnd2ozAnSpPnk.gif | https://www.bestbottles.com/images/store/enlarged_pics/GBDmnd2ozAnSpRed.gif | https://www.bestbottles.com/images/store/enlarged_pics/GBDmnd2ozAnSpTslBlk.gif | https://www.bestbottles.com/images/store/enlarged_pics/GBDmnd2ozAnSpTslGl.gif | https://www.bestbottles.com/images/store/enlarged_pics/GBDmnd2ozAnSpTslIvyGl.gif | https://www.bestbottles.com/images/store/enlarged_pics/GBDmnd2ozAnSpTslIvySl.gif | https://www.bestbottles.com/images/store/enlarged_pics/GBDmnd2ozAnSpTslLvn.gif | https://www.bestbottles.com/images/store/enlarged_pics/GBDmnd2ozAnSpTslMtSl.gif | https://www.bestbottles.com/images/store/enlarged_pics/GBDmnd2ozAnSpTslPnk.gif | https://www.bestbottles.com/images/store/enlarged_pics/GBDmnd2ozAnSpTslRed.gif | https://www.bestbottles.com/images/store/enlarged_pics/GBDmnd2ozAnSpTslWht.gif | https://www.bestbottles.com/images/store/enlarged_pics/GBDmnd2ozAnSpWht.gif | https://www.bestbottles.com/images/store/enlarged_pics/GBDmnd2ozRdcrBlkLthr.gif | https://www.bestbottles.com/images/store/enlarged_pics/GBDmnd2ozRdcrBrwnLthr.gif | https://www.bestbottles.com/images/store/enlarged_pics/GBDmnd2ozRdcrIvyLthr.gif | https://www.bestbottles.com/images/store/enlarged_pics/GBDmnd2ozRdcrLBrwnLthr.gif | https://www.bestbottles.com/images/store/enlarged_pics/GBDmnd2ozRdcrMtSl.gif | https://www.bestbottles.com/images/store/enlarged_pics/GBDmnd2ozRdcrMtSlTall.gif | https://www.bestbottles.com/images/store/enlarged_pics/GBDmnd2ozRdcrPnkLthr.gif | https://www.bestbottles.com/images/store/enlarged_pics/GBDmnd2ozRdcrShnBlk.gif | https://www.bestbottles.com/images/store/enlarged_pics/GBDmnd2ozRdcrShnBlkTall.gif | https://www.bestbottles.com/images/store/enlarged_pics/GBDmnd2ozRdcrShnGl.gif | https://www.bestbottles.com/images/store/enlarged_pics/GBDmnd2ozRdcrShnSl.gif | https://www.bestbottles.com/images/store/enlarged_pics/GBDmnd2ozRdcrWht.gif | https://www.bestbottles.com/images/store/enlarged_pics/GBDmnd2ozSpryCu.gif | https://www.bestbottles.com/images/store/enlarged_pics/GBDmnd2ozSpryMtGl.gif | https://www.bestbottles.com/images/store/enlarged_pics/GBDmnd2ozSpryMtSl.gif | https://www.bestbottles.com/images/store/enlarged_pics/GBDmnd2ozSpryShnBlk.gif | https://www.bestbottles.com/images/store/enlarged_pics/GBDmnd2ozSpryShnGl.gif | https://www.bestbottles.com/images/store/enlarged_pics/GBDmnd2ozSpryShnSl.gif | https://www.bestbottles.com/images/store/enlarged_pics/LBDmnd2ozLtnClOvrCap.gif | https://www.bestbottles.com/images/store/enlarged_pics/LBDmnd2ozLtnCu.gif | https://www.bestbottles.com/images/store/enlarged_pics/LBDmnd2ozLtnMtGl.gif | https://www.bestbottles.com/images/store/enlarged_pics/LBDmnd2ozLtnMtSl.gif | https://www.bestbottles.com/images/store/enlarged_pics/LBDmnd2ozLtnShnBlk.gif | https://www.bestbottles.com/images/store/enlarged_pics/LBDmnd2ozLtnShnGl.gif | https://www.bestbottles.com/images/store/enlarged_pics/LBDmnd2ozLtnShnSl.gif | https://www.bestbottles.com/images/store/measured/GBDmnd2ozAnSpBlk.gif | https://www.bestbottles.com/images/store/measured/GBDmnd2ozAnSpGl.gif | https://www.bestbottles.com/images/store/measured/GBDmnd2ozAnSpIvyGl.gif | https://www.bestbottles.com/images/store/measured/GBDmnd2ozAnSpIvySl.gif | https://www.bestbottles.com/images/store/measured/GBDmnd2ozAnSpLvn.gif | https://www.bestbottles.com/images/store/measured/GBDmnd2ozAnSpMtSl.gif | https://www.bestbottles.com/images/store/measured/GBDmnd2ozAnSpPnk.gif | https://www.bestbottles.com/images/store/measured/GBDmnd2ozAnSpRed.gif | https://www.bestbottles.com/images/store/measured/GBDmnd2ozAnSpTslBlk.gif | https://www.bestbottles.com/images/store/measured/GBDmnd2ozAnSpTslGl.gif | https://www.bestbottles.com/images/store/measured/GBDmnd2ozAnSpTslIvyGl.gif | https://www.bestbottles.com/images/store/measured/GBDmnd2ozAnSpTslIvySl.gif | https://www.bestbottles.com/images/store/measured/GBDmnd2ozAnSpTslLvn.gif | https://www.bestbottles.com/images/store/measured/GBDmnd2ozAnSpTslMtSl.gif | https://www.bestbottles.com/images/store/measured/GBDmnd2ozAnSpTslPnk.gif | https://www.bestbottles.com/images/store/measured/GBDmnd2ozAnSpTslRed.gif | https://www.bestbottles.com/images/store/measured/GBDmnd2ozAnSpTslWht.gif | https://www.bestbottles.com/images/store/measured/GBDmnd2ozAnSpWht.gif | https://www.bestbottles.com/images/store/measured/GBDmnd2ozRdcrBlkLthr.gif | https://www.bestbottles.com/images/store/measured/GBDmnd2ozRdcrBrwnLthr.gif | https://www.bestbottles.com/images/store/measured/GBDmnd2ozRdcrIvyLthr.gif | https://www.bestbottles.com/images/store/measured/GBDmnd2ozRdcrLBrwnLthr.gif | https://www.bestbottles.com/images/store/measured/GBDmnd2ozRdcrMtSl.gif | https://www.bestbottles.com/images/store/measured/GBDmnd2ozRdcrMtSlTall.gif | https://www.bestbottles.com/images/store/measured/GBDmnd2ozRdcrPnkLthr.gif | https://www.bestbottles.com/images/store/measured/GBDmnd2ozRdcrShnBlk.gif | https://www.bestbottles.com/images/store/measured/GBDmnd2ozRdcrShnBlkTall.gif | https://www.bestbottles.com/images/store/measured/GBDmnd2ozRdcrShnGl.gif | https://www.bestbottles.com/images/store/measured/GBDmnd2ozRdcrShnSl.gif | https://www.bestbottles.com/images/store/measured/GBDmnd2ozRdcrWht.gif | https://www.bestbottles.com/images/store/measured/GBDmnd2ozSpryCu.gif | https://www.bestbottles.com/images/store/measured/GBDmnd2ozSpryMtGl.gif | https://www.bestbottles.com/images/store/measured/GBDmnd2ozSpryMtSl.gif | https://www.bestbottles.com/images/store/measured/GBDmnd2ozSpryShnBlk.gif | https://www.bestbottles.com/images/store/measured/GBDmnd2ozSpryShnGl.gif | https://www.bestbottles.com/images/store/measured/GBDmnd2ozSpryShnSl.gif | https://www.bestbottles.com/images/store/measured/LBDmnd2ozLtnClOvrCap.gif | https://www.bestbottles.com/images/store/measured/LBDmnd2ozLtnCu.gif | https://www.bestbottles.com/images/store/measured/LBDmnd2ozLtnMtGl.gif | https://www.bestbottles.com/images/store/measured/LBDmnd2ozLtnMtSl.gif | https://www.bestbottles.com/images/store/measured/LBDmnd2ozLtnShnBlk.gif | https://www.bestbottles.com/images/store/measured/LBDmnd2ozLtnShnGl.gif | https://www.bestbottles.com/images/store/measured/LBDmnd2ozLtnShnSl.gif,43,DIAMOND-60ML-18-415,needs-authority,P1-PRODUCE,missing,measured-body-geometry-only,"Register or render one clean body authority, then approve the body appearance plate.",,,
238,shot__body__diva__30ml__81x43x43.0__5486681a53__clear,body-appearance,body,Diva,30,18-415,body__diva__30ml__81x43x43.0__5486681a53,Clear,Glass,,https://cdn.shopify.com/s/files/1/0739/9420/7524/files/1778804512609-618aed22-0af5-4a3f-8be4-b7d7947d5ed4_418100ac-bec4-4ca6-bd9f-ccbec82e673a.png?v=1779470678 | https://cdn.shopify.com/s/files/1/0739/9420/7524/files/1778804813057-797f214d-ff8d-4a39-b796-f277db6b8219_8df0f439-a5a7-4a5d-bb02-6d9122f2af04.png?v=1779470653 | https://www.bestbottles.com/images/store/depthview/GBDiva30AnSpBlk.gif | https://www.bestbottles.com/images/store/depthview/GBDiva30AnSpGl.gif | https://www.bestbottles.com/images/store/depthview/GBDiva30AnSpIvyGl.gif | https://www.bestbottles.com/images/store/depthview/GBDiva30AnSpIvySl.gif | https://www.bestbottles.com/images/store/depthview/GBDiva30AnSpLvn.gif | https://www.bestbottles.com/images/store/depthview/GBDiva30AnSpMtSl.gif | https://www.bestbottles.com/images/store/depthview/GBDiva30AnSpPnk.gif | https://www.bestbottles.com/images/store/depthview/GBDiva30AnSpRed.gif | https://www.bestbottles.com/images/store/depthview/GBDiva30AnSpWht.gif | https://www.bestbottles.com/images/store/depthview/GBDiva30RdcrBlkLthr.gif | https://www.bestbottles.com/images/store/depthview/GBDiva30RdcrBrwnLthr.gif | https://www.bestbottles.com/images/store/depthview/GBDiva30RdcrIvyLthr.gif | https://www.bestbottles.com/images/store/depthview/GBDiva30RdcrLBrwnLthr.gif | https://www.bestbottles.com/images/store/depthview/GBDiva30RdcrMtSl.gif | https://www.bestbottles.com/images/store/depthview/GBDiva30RdcrMtSlTall.gif | https://www.bestbottles.com/images/store/depthview/GBDiva30RdcrPnkLthr.gif | https://www.bestbottles.com/images/store/depthview/GBDiva30RdcrShnBlk.gif | https://www.bestbottles.com/images/store/depthview/GBDiva30RdcrShnBlkTall.gif | https://www.bestbottles.com/images/store/depthview/GBDiva30RdcrShnGl.gif | https://www.bestbottles.com/images/store/depthview/GBDiva30RdcrShnSl.gif | https://www.bestbottles.com/images/store/depthview/GBDiva30RdcrWht.gif | https://www.bestbottles.com/images/store/depthview/GBDiva30SpryCu.gif | https://www.bestbottles.com/images/store/depthview/GBDiva30SpryMtGl.gif | https://www.bestbottles.com/images/store/depthview/GBDiva30SpryMtSl.gif | https://www.bestbottles.com/images/store/depthview/GBDiva30SpryShnBlk.gif | https://www.bestbottles.com/images/store/depthview/GBDiva30SpryShnGl.gif | https://www.bestbottles.com/images/store/depthview/GBDiva30SpryShnSl.gif | https://www.bestbottles.com/images/store/depthview/LBDiva30LtnClOvrCap.gif | https://www.bestbottles.com/images/store/depthview/LBDiva30LtnCu.gif | https://www.bestbottles.com/images/store/depthview/LBDiva30LtnMtGl.gif | https://www.bestbottles.com/images/store/depthview/LBDiva30LtnMtSl.gif | https://www.bestbottles.com/images/store/depthview/LBDiva30LtnShnBlk.gif | https://www.bestbottles.com/images/store/depthview/LBDiva30LtnShnGl.gif | https://www.bestbottles.com/images/store/depthview/LBDiva30LtnShnSl.gif | https://www.bestbottles.com/images/store/enlarged_pics/GBDiva30AnSpBlk.gif | https://www.bestbottles.com/images/store/enlarged_pics/GBDiva30AnSpGl.gif | https://www.bestbottles.com/images/store/enlarged_pics/GBDiva30AnSpIvyGl.gif | https://www.bestbottles.com/images/store/enlarged_pics/GBDiva30AnSpIvySl.gif | https://www.bestbottles.com/images/store/enlarged_pics/GBDiva30AnSpLvn.gif | https://www.bestbottles.com/images/store/enlarged_pics/GBDiva30AnSpMtSl.gif | https://www.bestbottles.com/images/store/enlarged_pics/GBDiva30AnSpPnk.gif | https://www.bestbottles.com/images/store/enlarged_pics/GBDiva30AnSpRed.gif | https://www.bestbottles.com/images/store/enlarged_pics/GBDiva30AnSpWht.gif | https://www.bestbottles.com/images/store/enlarged_pics/GBDiva30RdcrBlkLthr.gif | https://www.bestbottles.com/images/store/enlarged_pics/GBDiva30RdcrBrwnLthr.gif | https://www.bestbottles.com/images/store/enlarged_pics/GBDiva30RdcrIvyLthr.gif | https://www.bestbottles.com/images/store/enlarged_pics/GBDiva30RdcrLBrwnLthr.gif | https://www.bestbottles.com/images/store/enlarged_pics/GBDiva30RdcrMtSl.gif | https://www.bestbottles.com/images/store/enlarged_pics/GBDiva30RdcrMtSlTall.gif | https://www.bestbottles.com/images/store/enlarged_pics/GBDiva30RdcrPnkLthr.gif | https://www.bestbottles.com/images/store/enlarged_pics/GBDiva30RdcrShnBlk.gif | https://www.bestbottles.com/images/store/enlarged_pics/GBDiva30RdcrShnBlkTall.gif | https://www.bestbottles.com/images/store/enlarged_pics/GBDiva30RdcrShnGl.gif | https://www.bestbottles.com/images/store/enlarged_pics/GBDiva30RdcrShnSl.gif | https://www.bestbottles.com/images/store/enlarged_pics/GBDiva30RdcrWht.gif | https://www.bestbottles.com/images/store/enlarged_pics/GBDiva30SpryCu.gif | https://www.bestbottles.com/images/store/enlarged_pics/GBDiva30SpryMtGl.gif | https://www.bestbottles.com/images/store/enlarged_pics/GBDiva30SpryMtSl.gif | https://www.bestbottles.com/images/store/enlarged_pics/GBDiva30SpryShnBlk.gif | https://www.bestbottles.com/images/store/enlarged_pics/GBDiva30SpryShnGl.gif | https://www.bestbottles.com/images/store/enlarged_pics/GBDiva30SpryShnSl.gif | https://www.bestbottles.com/images/store/enlarged_pics/LBDiva30LtnClOvrCap.gif | https://www.bestbottles.com/images/store/enlarged_pics/LBDiva30LtnCu.gif | https://www.bestbottles.com/images/store/enlarged_pics/LBDiva30LtnMtGl.gif | https://www.bestbottles.com/images/store/enlarged_pics/LBDiva30LtnMtSl.gif | https://www.bestbottles.com/images/store/enlarged_pics/LBDiva30LtnShnBlk.gif | https://www.bestbottles.com/images/store/enlarged_pics/LBDiva30LtnShnGl.gif | https://www.bestbottles.com/images/store/enlarged_pics/LBDiva30LtnShnSl.gif | https://www.bestbottles.com/images/store/measured/GBDiva30AnSpBlk.gif | https://www.bestbottles.com/images/store/measured/GBDiva30AnSpGl.gif | https://www.bestbottles.com/images/store/measured/GBDiva30AnSpIvyGl.gif | https://www.bestbottles.com/images/store/measured/GBDiva30AnSpIvySl.gif | https://www.bestbottles.com/images/store/measured/GBDiva30AnSpLvn.gif | https://www.bestbottles.com/images/store/measured/GBDiva30AnSpMtSl.gif | https://www.bestbottles.com/images/store/measured/GBDiva30AnSpPnk.gif | https://www.bestbottles.com/images/store/measured/GBDiva30AnSpRed.gif | https://www.bestbottles.com/images/store/measured/GBDiva30AnSpWht.gif | https://www.bestbottles.com/images/store/measured/GBDiva30RdcrBlkLthr.gif | https://www.bestbottles.com/images/store/measured/GBDiva30RdcrBrwnLthr.gif | https://www.bestbottles.com/images/store/measured/GBDiva30RdcrIvyLthr.gif | https://www.bestbottles.com/images/store/measured/GBDiva30RdcrLBrwnLthr.gif | https://www.bestbottles.com/images/store/measured/GBDiva30RdcrMtSl.gif | https://www.bestbottles.com/images/store/measured/GBDiva30RdcrMtSlTall.gif | https://www.bestbottles.com/images/store/measured/GBDiva30RdcrPnkLthr.gif | https://www.bestbottles.com/images/store/measured/GBDiva30RdcrShnBlk.gif | https://www.bestbottles.com/images/store/measured/GBDiva30RdcrShnBlkTall.gif | https://www.bestbottles.com/images/store/measured/GBDiva30RdcrShnGl.gif | https://www.bestbottles.com/images/store/measured/GBDiva30RdcrShnSl.gif | https://www.bestbottles.com/images/store/measured/GBDiva30RdcrWht.gif | https://www.bestbottles.com/images/store/measured/GBDiva30SpryCu.gif | https://www.bestbottles.com/images/store/measured/GBDiva30SpryMtGl.gif | https://www.bestbottles.com/images/store/measured/GBDiva30SpryMtSl.gif | https://www.bestbottles.com/images/store/measured/GBDiva30SpryShnBlk.gif | https://www.bestbottles.com/images/store/measured/GBDiva30SpryShnGl.gif | https://www.bestbottles.com/images/store/measured/GBDiva30SpryShnSl.gif | https://www.bestbottles.com/images/store/measured/LBDiva30LtnClOvrCap.gif | https://www.bestbottles.com/images/store/measured/LBDiva30LtnCu.gif | https://www.bestbottles.com/images/store/measured/LBDiva30LtnMtGl.gif | https://www.bestbottles.com/images/store/measured/LBDiva30LtnMtSl.gif | https://www.bestbottles.com/images/store/measured/LBDiva30LtnShnBlk.gif | https://www.bestbottles.com/images/store/measured/LBDiva30LtnShnGl.gif | https://www.bestbottles.com/images/store/measured/LBDiva30LtnShnSl.gif,34,DIVA-30ML-18-415,needs-authority,P1-PRODUCE,missing,measured-body-geometry-only,"Register or render one clean body authority, then approve the body appearance plate.",,,
239,shot__body__diva__46ml__89x49x49.0__c04286a326__clear,body-appearance,body,Diva,46,18-415,body__diva__46ml__89x49x49.0__c04286a326,Clear,Glass,,https://cdn.shopify.com/s/files/1/0739/9420/7524/files/1779578563385-dca63041-3148-45f8-9846-ce43a0462ca0_acaad63e-b31c-4b58-b58a-c310779d8ab0.png?v=1779582292 | https://cdn.shopify.com/s/files/1/0739/9420/7524/files/1779578673947-48607b18-2b29-43b0-8ac9-cfd633cae3d4_05adea42-6844-4776-ac8b-cc330548decf.png?v=1779581930 | https://cdn.shopify.com/s/files/1/0739/9420/7524/files/GB-DVA-CLR-46ML-T-20__GBDivaFrst46AnSpTslBlk__pdp-main__v001.png?v=1781252686 | https://cdn.shopify.com/s/files/1/0739/9420/7524/files/GB-DVA-CLR-46ML-T-21__GBDivaFrst46AnSpTslGl__pdp-main__v001.png?v=1781252687 | https://cdn.shopify.com/s/files/1/0739/9420/7524/files/GB-DVA-CLR-46ML-T-22__GBDivaFrst46AnSpTslIvyGl__pdp-main__v001.png?v=1781252687 | https://cdn.shopify.com/s/files/1/0739/9420/7524/files/GB-DVA-CLR-46ML-T-23__GBDivaFrst46AnSpTslIvySl__pdp-main__v001.png?v=1781252686 | https://cdn.shopify.com/s/files/1/0739/9420/7524/files/GB-DVA-CLR-46ML-T-24__GBDivaFrst46AnSpTslLvn__pdp-main__v001.png?v=1781252687 | https://cdn.shopify.com/s/files/1/0739/9420/7524/files/GB-DVA-CLR-46ML-T-25__GBDivaFrst46AnSpTslMtSl__pdp-main__v001.png?v=1781252687 | https://cdn.shopify.com/s/files/1/0739/9420/7524/files/GB-DVA-CLR-46ML-T-26__GBDivaFrst46AnSpTslPnk__pdp-main__v001.png?v=1781252687 | https://cdn.shopify.com/s/files/1/0739/9420/7524/files/GB-DVA-CLR-46ML-T-27__GBDivaFrst46AnSpTslRed__pdp-main__v001.png?v=1781252687 | https://cdn.shopify.com/s/files/1/0739/9420/7524/files/GB-DVA-CLR-46ML-T-28__GBDivaFrst46AnSpTslWht__pdp-main__v001.png?v=1781252687 | https://cdn.shopify.com/s/files/1/0739/9420/7524/files/GB-DVA-CLR-46ML-T-30__GBDivaFrst46RdcrBlkLthr__pdp-main__v001.png?v=1781252687 | https://cdn.shopify.com/s/files/1/0739/9420/7524/files/GB-DVA-CLR-46ML-T-31__GBDivaFrst46RdcrBrwnLthr__pdp-main__v001.png?v=1781252687 | https://cdn.shopify.com/s/files/1/0739/9420/7524/files/GB-DVA-CLR-46ML-T-32__GBDivaFrst46RdcrIvyLthr__pdp-main__v001.png?v=1781252687 | https://cdn.shopify.com/s/files/1/0739/9420/7524/files/GB-DVA-CLR-46ML-T-33__GBDivaFrst46RdcrLBrwnLthr__pdp-main__v001.png?v=1781252687 | https://cdn.shopify.com/s/files/1/0739/9420/7524/files/GB-DVA-CLR-46ML-T-34__GBDivaFrst46RdcrMtSl__pdp-main__v001.png?v=1781252687 | https://cdn.shopify.com/s/files/1/0739/9420/7524/files/GB-DVA-CLR-46ML-T-35__GBDivaFrst46RdcrMtSlTall__pdp-main__v001.png?v=1781252687 | https://cdn.shopify.com/s/files/1/0739/9420/7524/files/GB-DVA-CLR-46ML-T-36__GBDivaFrst46RdcrPnkLthr__pdp-main__v001.png?v=1781252687 | https://cdn.shopify.com/s/files/1/0739/9420/7524/files/GB-DVA-CLR-46ML-T-37__GBDivaFrst46RdcrShnBlk__pdp-main__v001.png?v=1781252687 | https://cdn.shopify.com/s/files/1/0739/9420/7524/files/GB-DVA-CLR-46ML-T-38__GBDivaFrst46RdcrShnBlkTall__pdp-main__v001.png?v=1781252687 | https://cdn.shopify.com/s/files/1/0739/9420/7524/files/GB-DVA-CLR-46ML-T-39__GBDivaFrst46RdcrShnGl__pdp-main__v001.png?v=1781252687 | https://cdn.shopify.com/s/files/1/0739/9420/7524/files/GB-DVA-CLR-46ML-T-40__GBDivaFrst46RdcrShnSl__pdp-main__v001.png?v=1781252687 | https://cdn.shopify.com/s/files/1/0739/9420/7524/files/GB-DVA-CLR-46ML-T-41__GBDivaFrst46RdcrWht__pdp-main__v001.png?v=1781252687 | https://cdn.shopify.com/s/files/1/0739/9420/7524/files/LB-DVA-CLR-46ML-01__LBDivaFrst46LtnCu__pdp-main__v001.png?v=1781252394 | https://cdn.shopify.com/s/files/1/0739/9420/7524/files/LB-DVA-CLR-46ML-02__LBDivaFrst46LtnMtGl__pdp-main__v001.png?v=1781252394 | https://cdn.shopify.com/s/files/1/0739/9420/7524/files/LB-DVA-CLR-46ML-03__LBDivaFrst46LtnMtSl__pdp-main__v001.png?v=1781252394 | https://cdn.shopify.com/s/files/1/0739/9420/7524/files/LB-DVA-CLR-46ML-04__LBDivaFrst46LtnShnBlk__pdp-main__v001.png?v=1781252394 | https://cdn.shopify.com/s/files/1/0739/9420/7524/files/LB-DVA-CLR-46ML-05__LBDivaFrst46LtnShnGl__pdp-main__v001.png?v=1781252394 | https://cdn.shopify.com/s/files/1/0739/9420/7524/files/LB-DVA-CLR-46ML-06__LBDivaFrst46LtnShnSl__pdp-main__v001.png?v=1781252394 | https://cdn.shopify.com/s/files/1/0739/9420/7524/files/LB-DVA-CLR-46ML-T__LBDivaFrst46LtnClOvrCap__pdp-main__v001.png?v=1781252394 | https://cdn.shopify.com/s/files/1/0739/9420/7524/files/master_corrected_1779507850483_4lptk6.png?v=1779508415 | https://cdn.shopify.com/s/files/1/0739/9420/7524/files/master_corrected_1779508145146_zsiwuz.png?v=1779508394 | https://cdn.shopify.com/s/files/1/0739/9420/7524/files/master_corrected_1779578237635_oqjq49.png?v=1779578784 | https://cdn.shopify.com/s/files/1/0739/9420/7524/files/master_corrected_1779578291896_ekb7uk.png?v=1779578779 | https://cdn.shopify.com/s/files/1/0739/9420/7524/files/master_corrected_1779578340118_2ppjho.png?v=1779578775 | https://cdn.shopify.com/s/files/1/0739/9420/7524/files/master_corrected_1779578393190_srdpnw.png?v=1779578769 | https://cdn.shopify.com/s/files/1/0739/9420/7524/files/master_corrected_1779582895953_buobp3.png?v=1779583948 | https://cdn.shopify.com/s/files/1/0739/9420/7524/files/master_corrected_1779582954214_3yhde2.png?v=1779583944 | https://cdn.shopify.com/s/files/1/0739/9420/7524/files/master_corrected_1779583015219_iern8f.png?v=1779583939 | https://cdn.shopify.com/s/files/1/0739/9420/7524/files/master_corrected_1779583089922_6b1twv.png?v=1779583934 | https://cdn.shopify.com/s/files/1/0739/9420/7524/files/master_corrected_1779583143542_la9c74.png?v=1779583930 | https://cdn.shopify.com/s/files/1/0739/9420/7524/files/master_corrected_1779583196813_wk9x8z.png?v=1779583925 | https://cdn.shopify.com/s/files/1/0739/9420/7524/files/master_corrected_1779583249671_fik131.png?v=1779583920 | https://cdn.shopify.com/s/files/1/0739/9420/7524/files/master_corrected_1779583368531_g5fsuk.png?v=1779583911 | https://www.bestbottles.com/images/store/depthview/GBDiva46AnSpBlk.gif | https://www.bestbottles.com/images/store/depthview/GBDiva46AnSpGl.gif | https://www.bestbottles.com/images/store/depthview/GBDiva46AnSpIvyGl.gif | https://www.bestbottles.com/images/store/depthview/GBDiva46AnSpIvySl.gif | https://www.bestbottles.com/images/store/depthview/GBDiva46AnSpLvn.gif | https://www.bestbottles.com/images/store/depthview/GBDiva46AnSpMtSl.gif | https://www.bestbottles.com/images/store/depthview/GBDiva46AnSpPnk.gif | https://www.bestbottles.com/images/store/depthview/GBDiva46AnSpRed.gif | https://www.bestbottles.com/images/store/depthview/GBDiva46AnSpTslBlk.gif | https://www.bestbottles.com/images/store/depthview/GBDiva46AnSpTslGl.gif | https://www.bestbottles.com/images/store/depthview/GBDiva46AnSpTslIvyGl.gif | https://www.bestbottles.com/images/store/depthview/GBDiva46AnSpTslIvySl.gif | https://www.bestbottles.com/images/store/depthview/GBDiva46AnSpTslLvn.gif | https://www.bestbottles.com/images/store/depthview/GBDiva46AnSpTslMtSl.gif | https://www.bestbottles.com/images/store/depthview/GBDiva46AnSpTslPnk.gif | https://www.bestbottles.com/images/store/depthview/GBDiva46AnSpTslRed.gif | https://www.bestbottles.com/images/store/depthview/GBDiva46AnSpTslWht.gif | https://www.bestbottles.com/images/store/depthview/GBDiva46AnSpWht.gif | https://www.bestbottles.com/images/store/depthview/GBDiva46DrpCu.gif | https://www.bestbottles.com/images/store/depthview/GBDiva46DrpGl.gif | https://www.bestbottles.com/images/store/depthview/GBDiva46RdcrBlkLthr.gif | https://www.bestbottles.com/images/store/depthview/GBDiva46RdcrBrwnLthr.gif | https://www.bestbottles.com/images/store/depthview/GBDiva46RdcrIvyLthr.gif | https://www.bestbottles.com/images/store/depthview/GBDiva46RdcrLBrwnLthr.gif | https://www.bestbottles.com/images/store/depthview/GBDiva46RdcrMtSl.gif | https://www.bestbottles.com/images/store/depthview/GBDiva46RdcrMtSlTall.gif | https://www.bestbottles.com/images/store/depthview/GBDiva46RdcrPnkLthr.gif | https://www.bestbottles.com/images/store/depthview/GBDiva46RdcrShnBlk.gif | https://www.bestbottles.com/images/store/depthview/GBDiva46RdcrShnBlkTall.gif | https://www.bestbottles.com/images/store/depthview/GBDiva46RdcrShnGl.gif | https://www.bestbottles.com/images/store/depthview/GBDiva46RdcrShnSl.gif | https://www.bestbottles.com/images/store/depthview/GBDiva46RdcrWht.gif | https://www.bestbottles.com/images/store/depthview/GBDiva46SpryCu.gif | https://www.bestbottles.com/images/store/depthview/GBDiva46SpryMtGl.gif | https://www.bestbottles.com/images/store/depthview/GBDiva46SpryMtSl.gif | https://www.bestbottles.com/images/store/depthview/GBDiva46SpryShnBlk.gif | https://www.bestbottles.com/images/store/depthview/GBDiva46SpryShnGl.gif | https://www.bestbottles.com/images/store/depthview/GBDiva46SpryShnSl.gif | https://www.bestbottles.com/images/store/depthview/GBDivaFrst46AnSpBlk.gif | https://www.bestbottles.com/images/store/depthview/GBDivaFrst46AnSpGl.gif | https://www.bestbottles.com/images/store/depthview/GBDivaFrst46AnSpIvyGl.gif | https://www.bestbottles.com/images/store/depthview/GBDivaFrst46AnSpIvySl.gif | https://www.bestbottles.com/images/store/depthview/GBDivaFrst46AnSpLvn.gif | https://www.bestbottles.com/images/store/depthview/GBDivaFrst46AnSpMtSl.gif | https://www.bestbottles.com/images/store/depthview/GBDivaFrst46AnSpPnk.gif | https://www.bestbottles.com/images/store/depthview/GBDivaFrst46AnSpRed.gif | https://www.bestbottles.com/images/store/depthview/GBDivaFrst46AnSpTslBlk.gif | https://www.bestbottles.com/images/store/depthview/GBDivaFrst46AnSpTslGl.gif | https://www.bestbottles.com/images/store/depthview/GBDivaFrst46AnSpTslIvyGl.gif | https://www.bestbottles.com/images/store/depthview/GBDivaFrst46AnSpTslIvySl.gif | https://www.bestbottles.com/images/store/depthview/GBDivaFrst46AnSpTslLvn.gif | https://www.bestbottles.com/images/store/depthview/GBDivaFrst46AnSpTslMtSl.gif | https://www.bestbottles.com/images/store/depthview/GBDivaFrst46AnSpTslPnk.gif | https://www.bestbottles.com/images/store/depthview/GBDivaFrst46AnSpTslRed.gif | https://www.bestbottles.com/images/store/depthview/GBDivaFrst46AnSpTslWht.gif | https://www.bestbottles.com/images/store/depthview/GBDivaFrst46RdcrBlkLthr.gif | https://www.bestbottles.com/images/store/depthview/GBDivaFrst46RdcrBrwnLthr.gif | https://www.bestbottles.com/images/store/depthview/GBDivaFrst46RdcrIvyLthr.gif | https://www.bestbottles.com/images/store/depthview/GBDivaFrst46RdcrLBrwnLthr.gif | https://www.bestbottles.com/images/store/depthview/GBDivaFrst46RdcrMtSl.gif | https://www.bestbottles.com/images/store/depthview/GBDivaFrst46RdcrMtSlTall.gif | https://www.bestbottles.com/images/store/depthview/GBDivaFrst46RdcrPnkLthr.gif | https://www.bestbottles.com/images/store/depthview/GBDivaFrst46RdcrShnBlk.gif | https://www.bestbottles.com/images/store/depthview/GBDivaFrst46RdcrShnBlkTall.gif | https://www.bestbottles.com/images/store/depthview/GBDivaFrst46RdcrShnGl.gif | https://www.bestbottles.com/images/store/depthview/GBDivaFrst46RdcrShnSl.gif | https://www.bestbottles.com/images/store/depthview/GBDivaFrst46RdcrWht.gif | https://www.bestbottles.com/images/store/depthview/GBDivaFrst46SpryCu.gif | https://www.bestbottles.com/images/store/depthview/GBDivaFrst46SpryMtGl.gif | https://www.bestbottles.com/images/store/depthview/GBDivaFrst46SpryMtSl.gif | https://www.bestbottles.com/images/store/depthview/GBDivaFrst46SpryShnBlk.gif | https://www.bestbottles.com/images/store/depthview/GBDivaFrst46SpryShnGl.gif | https://www.bestbottles.com/images/store/depthview/GBDivaFrst46SpryShnSl.gif | https://www.bestbottles.com/images/store/depthview/LBDiva46LtnClOvrCap.gif | https://www.bestbottles.com/images/store/depthview/LBDiva46LtnCu.gif | https://www.bestbottles.com/images/store/depthview/LBDiva46LtnMtGl.gif | https://www.bestbottles.com/images/store/depthview/LBDiva46LtnMtSl.gif | https://www.bestbottles.com/images/store/depthview/LBDiva46LtnShnBlk.gif | https://www.bestbottles.com/images/store/depthview/LBDiva46LtnShnGl.gif | https://www.bestbottles.com/images/store/depthview/LBDiva46LtnShnSl.gif | https://www.bestbottles.com/images/store/depthview/LBDivaFrst46LtnClOvrCap.gif | https://www.bestbottles.com/images/store/depthview/LBDivaFrst46LtnCu.gif | https://www.bestbottles.com/images/store/depthview/LBDivaFrst46LtnMtGl.gif | https://www.bestbottles.com/images/store/depthview/LBDivaFrst46LtnMtSl.gif | https://www.bestbottles.com/images/store/depthview/LBDivaFrst46LtnShnBlk.gif | https://www.bestbottles.com/images/store/depthview/LBDivaFrst46LtnShnGl.gif | https://www.bestbottles.com/images/store/depthview/LBDivaFrst46LtnShnSl.gif | https://www.bestbottles.com/images/store/enlarged_pics/GBDiva46AnSpBlk.gif | https://www.bestbottles.com/images/store/enlarged_pics/GBDiva46AnSpBlkRng.gif | https://www.bestbottles.com/images/store/enlarged_pics/GBDiva46AnSpGl.gif | https://www.bestbottles.com/images/store/enlarged_pics/GBDiva46AnSpIvyGl.gif | https://www.bestbottles.com/images/store/enlarged_pics/GBDiva46AnSpIvySl.gif | https://www.bestbottles.com/images/store/enlarged_pics/GBDiva46AnSpIvySlRng.gif | https://www.bestbottles.com/images/store/enlarged_pics/GBDiva46AnSpLvn.gif | https://www.bestbottles.com/images/store/enlarged_pics/GBDiva46AnSpLvnRng.gif | https://www.bestbottles.com/images/store/enlarged_pics/GBDiva46AnSpMtSl.gif | https://www.bestbottles.com/images/store/enlarged_pics/GBDiva46AnSpPnk.gif | https://www.bestbottles.com/images/store/enlarged_pics/GBDiva46AnSpRed.gif | https://www.bestbottles.com/images/store/enlarged_pics/GBDiva46AnSpRedRng.gif | https://www.bestbottles.com/images/store/enlarged_pics/GBDiva46AnSpTslBlk.gif | https://www.bestbottles.com/images/store/enlarged_pics/GBDiva46AnSpTslBlkRng.gif | https://www.bestbottles.com/images/store/enlarged_pics/GBDiva46AnSpTslGl.gif | https://www.bestbottles.com/images/store/enlarged_pics/GBDiva46AnSpTslIvyGl.gif | https://www.bestbottles.com/images/store/enlarged_pics/GBDiva46AnSpTslIvySl.gif | https://www.bestbottles.com/images/store/enlarged_pics/GBDiva46AnSpTslIvySlRng.gif | https://www.bestbottles.com/images/store/enlarged_pics/GBDiva46AnSpTslLvn.gif | https://www.bestbottles.com/images/store/enlarged_pics/GBDiva46AnSpTslLvnRng.gif | https://www.bestbottles.com/images/store/enlarged_pics/GBDiva46AnSpTslMtSl.gif | https://www.bestbottles.com/images/store/enlarged_pics/GBDiva46AnSpTslPnk.gif | https://www.bestbottles.com/images/store/enlarged_pics/GBDiva46AnSpTslRed.gif | https://www.bestbottles.com/images/store/enlarged_pics/GBDiva46AnSpTslRedRng.gif | https://www.bestbottles.com/images/store/enlarged_pics/GBDiva46AnSpTslWht.gif | https://www.bestbottles.com/images/store/enlarged_pics/GBDiva46AnSpTslWhtRng.gif | https://www.bestbottles.com/images/store/enlarged_pics/GBDiva46AnSpWht.gif | https://www.bestbottles.com/images/store/enlarged_pics/GBDiva46AnSpWhtRng.gif | https://www.bestbottles.com/images/store/enlarged_pics/GBDiva46DrpCu.gif | https://www.bestbottles.com/images/store/enlarged_pics/GBDiva46DrpGl.gif | https://www.bestbottles.com/images/store/enlarged_pics/GBDiva46RdcrBlkLthr.gif | https://www.bestbottles.com/images/store/enlarged_pics/GBDiva46RdcrBrwnLthr.gif | https://www.bestbottles.com/images/store/enlarged_pics/GBDiva46RdcrIvyLthr.gif | https://www.bestbottles.com/images/store/enlarged_pics/GBDiva46RdcrLBrwnLthr.gif | https://www.bestbottles.com/images/store/enlarged_pics/GBDiva46RdcrMtSl.gif | https://www.bestbottles.com/images/store/enlarged_pics/GBDiva46RdcrMtSlTall.gif | https://www.bestbottles.com/images/store/enlarged_pics/GBDiva46RdcrPnkLthr.gif | https://www.bestbottles.com/images/store/enlarged_pics/GBDiva46RdcrShnBlk.gif | https://www.bestbottles.com/images/store/enlarged_pics/GBDiva46RdcrShnBlkTall.gif | https://www.bestbottles.com/images/store/enlarged_pics/GBDiva46RdcrShnGl.gif | https://www.bestbottles.com/images/store/enlarged_pics/GBDiva46RdcrShnSl.gif | https://www.bestbottles.com/images/store/enlarged_pics/GBDiva46RdcrWht.gif | https://www.bestbottles.com/images/store/enlarged_pics/GBDiva46SpryCu.gif | https://www.bestbottles.com/images/store/enlarged_pics/GBDiva46SpryMtGl.gif | https://www.bestbottles.com/images/store/enlarged_pics/GBDiva46SpryMtSl.gif | https://www.bestbottles.com/images/store/enlarged_pics/GBDiva46SpryShnBlk.gif | https://www.bestbottles.com/images/store/enlarged_pics/GBDiva46SpryShnGl.gif | https://www.bestbottles.com/images/store/enlarged_pics/GBDiva46SpryShnSl.gif | https://www.bestbottles.com/images/store/enlarged_pics/GBDivaFrst46AnSpBlk.gif | https://www.bestbottles.com/images/store/enlarged_pics/GBDivaFrst46AnSpGl.gif | https://www.bestbottles.com/images/store/enlarged_pics/GBDivaFrst46AnSpIvyGl.gif | https://www.bestbottles.com/images/store/enlarged_pics/GBDivaFrst46AnSpIvySl.gif | https://www.bestbottles.com/images/store/enlarged_pics/GBDivaFrst46AnSpLvn.gif | https://www.bestbottles.com/images/store/enlarged_pics/GBDivaFrst46AnSpMtSl.gif | https://www.bestbottles.com/images/store/enlarged_pics/GBDivaFrst46AnSpPnk.gif | https://www.bestbottles.com/images/store/enlarged_pics/GBDivaFrst46AnSpRed.gif | https://www.bestbottles.com/images/store/enlarged_pics/GBDivaFrst46AnSpTslBlk.gif | https://www.bestbottles.com/images/store/enlarged_pics/GBDivaFrst46AnSpTslGl.gif | https://www.bestbottles.com/images/store/enlarged_pics/GBDivaFrst46AnSpTslIvyGl.gif | https://www.bestbottles.com/images/store/enlarged_pics/GBDivaFrst46AnSpTslIvySl.gif | https://www.bestbottles.com/images/store/enlarged_pics/GBDivaFrst46AnSpTslLvn.gif | https://www.bestbottles.com/images/store/enlarged_pics/GBDivaFrst46AnSpTslMtSl.gif | https://www.bestbottles.com/images/store/enlarged_pics/GBDivaFrst46AnSpTslPnk.gif | https://www.bestbottles.com/images/store/enlarged_pics/GBDivaFrst46AnSpTslRed.gif | https://www.bestbottles.com/images/store/enlarged_pics/GBDivaFrst46AnSpTslWht.gif | https://www.bestbottles.com/images/store/enlarged_pics/GBDivaFrst46RdcrBlkLthr.gif | https://www.bestbottles.com/images/store/enlarged_pics/GBDivaFrst46RdcrBrwnLthr.gif | https://www.bestbottles.com/images/store/enlarged_pics/GBDivaFrst46RdcrIvyLthr.gif | https://www.bestbottles.com/images/store/enlarged_pics/GBDivaFrst46RdcrLBrwnLthr.gif | https://www.bestbottles.com/images/store/enlarged_pics/GBDivaFrst46RdcrMtSl.gif | https://www.bestbottles.com/images/store/enlarged_pics/GBDivaFrst46RdcrMtSlTall.gif | https://www.bestbottles.com/images/store/enlarged_pics/GBDivaFrst46RdcrPnkLthr.gif | https://www.bestbottles.com/images/store/enlarged_pics/GBDivaFrst46RdcrShnBlk.gif | https://www.bestbottles.com/images/store/enlarged_pics/GBDivaFrst46RdcrShnBlkTall.gif | https://www.bestbottles.com/images/store/enlarged_pics/GBDivaFrst46RdcrShnGl.gif | https://www.bestbottles.com/images/store/enlarged_pics/GBDivaFrst46RdcrShnSl.gif | https://www.bestbottles.com/images/store/enlarged_pics/GBDivaFrst46RdcrWht.gif | https://www.bestbottles.com/images/store/enlarged_pics/GBDivaFrst46SpryCu.gif | https://www.bestbottles.com/images/store/enlarged_pics/GBDivaFrst46SpryMtGl.gif | https://www.bestbottles.com/images/store/enlarged_pics/GBDivaFrst46SpryMtSl.gif | https://www.bestbottles.com/images/store/enlarged_pics/GBDivaFrst46SpryShnBlk.gif | https://www.bestbottles.com/images/store/enlarged_pics/GBDivaFrst46SpryShnGl.gif | https://www.bestbottles.com/images/store/enlarged_pics/GBDivaFrst46SpryShnSl.gif | https://www.bestbottles.com/images/store/enlarged_pics/LBDiva46LtnClOvrCap.gif | https://www.bestbottles.com/images/store/enlarged_pics/LBDiva46LtnCu.gif | https://www.bestbottles.com/images/store/enlarged_pics/LBDiva46LtnMtGl.gif | https://www.bestbottles.com/images/store/enlarged_pics/LBDiva46LtnMtSl.gif | https://www.bestbottles.com/images/store/enlarged_pics/LBDiva46LtnShnBlk.gif | https://www.bestbottles.com/images/store/enlarged_pics/LBDiva46LtnShnGl.gif | https://www.bestbottles.com/images/store/enlarged_pics/LBDiva46LtnShnSl.gif | https://www.bestbottles.com/images/store/enlarged_pics/LBDivaFrst46LtnClOvrCap.gif | https://www.bestbottles.com/images/store/enlarged_pics/LBDivaFrst46LtnCu.gif | https://www.bestbottles.com/images/store/enlarged_pics/LBDivaFrst46LtnMtGl.gif | https://www.bestbottles.com/images/store/enlarged_pics/LBDivaFrst46LtnMtSl.gif | https://www.bestbottles.com/images/store/enlarged_pics/LBDivaFrst46LtnShnBlk.gif | https://www.bestbottles.com/images/store/enlarged_pics/LBDivaFrst46LtnShnGl.gif | https://www.bestbottles.com/images/store/enlarged_pics/LBDivaFrst46LtnShnSl.gif | https://www.bestbottles.com/images/store/measured/GBDiva46AnSpBlk.gif | https://www.bestbottles.com/images/store/measured/GBDiva46AnSpGl.gif | https://www.bestbottles.com/images/store/measured/GBDiva46AnSpIvyGl.gif | https://www.bestbottles.com/images/store/measured/GBDiva46AnSpIvySl.gif | https://www.bestbottles.com/images/store/measured/GBDiva46AnSpLvn.gif | https://www.bestbottles.com/images/store/measured/GBDiva46AnSpMtSl.gif | https://www.bestbottles.com/images/store/measured/GBDiva46AnSpPnk.gif | https://www.bestbottles.com/images/store/measured/GBDiva46AnSpRed.gif | https://www.bestbottles.com/images/store/measured/GBDiva46AnSpTslBlk.gif | https://www.bestbottles.com/images/store/measured/GBDiva46AnSpTslGl.gif | https://www.bestbottles.com/images/store/measured/GBDiva46AnSpTslIvyGl.gif | https://www.bestbottles.com/images/store/measured/GBDiva46AnSpTslIvySl.gif | https://www.bestbottles.com/images/store/measured/GBDiva46AnSpTslLvn.gif | https://www.bestbottles.com/images/store/measured/GBDiva46AnSpTslMtSl.gif | https://www.bestbottles.com/images/store/measured/GBDiva46AnSpTslPnk.gif | https://www.bestbottles.com/images/store/measured/GBDiva46AnSpTslRed.gif | https://www.bestbottles.com/images/store/measured/GBDiva46AnSpTslWht.gif | https://www.bestbottles.com/images/store/measured/GBDiva46AnSpWht.gif | https://www.bestbottles.com/images/store/measured/GBDiva46DrpCu.gif | https://www.bestbottles.com/images/store/measured/GBDiva46DrpGl.gif | https://www.bestbottles.com/images/store/measured/GBDiva46RdcrBlkLthr.gif | https://www.bestbottles.com/images/store/measured/GBDiva46RdcrBrwnLthr.gif | https://www.bestbottles.com/images/store/measured/GBDiva46RdcrIvyLthr.gif | https://www.bestbottles.com/images/store/measured/GBDiva46RdcrLBrwnLthr.gif | https://www.bestbottles.com/images/store/measured/GBDiva46RdcrMtSl.gif | https://www.bestbottles.com/images/store/measured/GBDiva46RdcrMtSlTall.gif | https://www.bestbottles.com/images/store/measured/GBDiva46RdcrPnkLthr.gif | https://www.bestbottles.com/images/store/measured/GBDiva46RdcrShnBlk.gif | https://www.bestbottles.com/images/store/measured/GBDiva46RdcrShnBlkTall.gif | https://www.bestbottles.com/images/store/measured/GBDiva46RdcrShnGl.gif | https://www.bestbottles.com/images/store/measured/GBDiva46RdcrShnSl.gif | https://www.bestbottles.com/images/store/measured/GBDiva46RdcrWht.gif | https://www.bestbottles.com/images/store/measured/GBDiva46SpryCu.gif | https://www.bestbottles.com/images/store/measured/GBDiva46SpryMtGl.gif | https://www.bestbottles.com/images/store/measured/GBDiva46SpryMtSl.gif | https://www.bestbottles.com/images/store/measured/GBDiva46SpryShnBlk.gif | https://www.bestbottles.com/images/store/measured/GBDiva46SpryShnGl.gif | https://www.bestbottles.com/images/store/measured/GBDiva46SpryShnSl.gif | https://www.bestbottles.com/images/store/measured/GBDivaFrst46AnSpBlk.gif | https://www.bestbottles.com/images/store/measured/GBDivaFrst46AnSpGl.gif | https://www.bestbottles.com/images/store/measured/GBDivaFrst46AnSpIvyGl.gif | https://www.bestbottles.com/images/store/measured/GBDivaFrst46AnSpIvySl.gif | https://www.bestbottles.com/images/store/measured/GBDivaFrst46AnSpLvn.gif | https://www.bestbottles.com/images/store/measured/GBDivaFrst46AnSpMtSl.gif | https://www.bestbottles.com/images/store/measured/GBDivaFrst46AnSpPnk.gif | https://www.bestbottles.com/images/store/measured/GBDivaFrst46AnSpRed.gif | https://www.bestbottles.com/images/store/measured/GBDivaFrst46AnSpTslBlk.gif | https://www.bestbottles.com/images/store/measured/GBDivaFrst46AnSpTslGl.gif | https://www.bestbottles.com/images/store/measured/GBDivaFrst46AnSpTslIvyGl.gif | https://www.bestbottles.com/images/store/measured/GBDivaFrst46AnSpTslIvySl.gif | https://www.bestbottles.com/images/store/measured/GBDivaFrst46AnSpTslLvn.gif | https://www.bestbottles.com/images/store/measured/GBDivaFrst46AnSpTslMtSl.gif | https://www.bestbottles.com/images/store/measured/GBDivaFrst46AnSpTslPnk.gif | https://www.bestbottles.com/images/store/measured/GBDivaFrst46AnSpTslRed.gif | https://www.bestbottles.com/images/store/measured/GBDivaFrst46AnSpTslWht.gif | https://www.bestbottles.com/images/store/measured/GBDivaFrst46RdcrBlkLthr.gif | https://www.bestbottles.com/images/store/measured/GBDivaFrst46RdcrBrwnLthr.gif | https://www.bestbottles.com/images/store/measured/GBDivaFrst46RdcrIvyLthr.gif | https://www.bestbottles.com/images/store/measured/GBDivaFrst46RdcrLBrwnLthr.gif | https://www.bestbottles.com/images/store/measured/GBDivaFrst46RdcrMtSl.gif | https://www.bestbottles.com/images/store/measured/GBDivaFrst46RdcrMtSlTall.gif | https://www.bestbottles.com/images/store/measured/GBDivaFrst46RdcrPnkLthr.gif | https://www.bestbottles.com/images/store/measured/GBDivaFrst46RdcrShnBlk.gif | https://www.bestbottles.com/images/store/measured/GBDivaFrst46RdcrShnBlkTall.gif | https://www.bestbottles.com/images/store/measured/GBDivaFrst46RdcrShnGl.gif | https://www.bestbottles.com/images/store/measured/GBDivaFrst46RdcrShnSl.gif | https://www.bestbottles.com/images/store/measured/GBDivaFrst46RdcrWht.gif | https://www.bestbottles.com/images/store/measured/GBDivaFrst46SpryCu.gif | https://www.bestbottles.com/images/store/measured/GBDivaFrst46SpryMtGl.gif | https://www.bestbottles.com/images/store/measured/GBDivaFrst46SpryMtSl.gif | https://www.bestbottles.com/images/store/measured/GBDivaFrst46SpryShnBlk.gif | https://www.bestbottles.com/images/store/measured/GBDivaFrst46SpryShnGl.gif | https://www.bestbottles.com/images/store/measured/GBDivaFrst46SpryShnSl.gif | https://www.bestbottles.com/images/store/measured/LBDiva46LtnClOvrCap.gif | https://www.bestbottles.com/images/store/measured/LBDiva46LtnCu.gif | https://www.bestbottles.com/images/store/measured/LBDiva46LtnMtGl.gif | https://www.bestbottles.com/images/store/measured/LBDiva46LtnMtSl.gif | https://www.bestbottles.com/images/store/measured/LBDiva46LtnShnBlk.gif | https://www.bestbottles.com/images/store/measured/LBDiva46LtnShnGl.gif | https://www.bestbottles.com/images/store/measured/LBDiva46LtnShnSl.gif | https://www.bestbottles.com/images/store/measured/LBDivaFrst46LtnClOvrCap.gif | https://www.bestbottles.com/images/store/measured/LBDivaFrst46LtnCu.gif | https://www.bestbottles.com/images/store/measured/LBDivaFrst46LtnMtGl.gif | https://www.bestbottles.com/images/store/measured/LBDivaFrst46LtnMtSl.gif | https://www.bestbottles.com/images/store/measured/LBDivaFrst46LtnShnBlk.gif | https://www.bestbottles.com/images/store/measured/LBDivaFrst46LtnShnGl.gif | https://www.bestbottles.com/images/store/measured/LBDivaFrst46LtnShnSl.gif,97,DIVA-46ML-18-415,needs-authority,P1-PRODUCE,missing,measured-body-geometry-only,"Register or render one clean body authority, then approve the body appearance plate.",,,
240,shot__body__diva__46ml__89x49x49.0__c04286a326__frosted,body-appearance,body,Diva,46,18-415,body__diva__46ml__89x49x49.0__c04286a326,Frosted,Glass,,https://cdn.shopify.com/s/files/1/0739/9420/7524/files/1779578563385-dca63041-3148-45f8-9846-ce43a0462ca0_acaad63e-b31c-4b58-b58a-c310779d8ab0.png?v=1779582292 | https://cdn.shopify.com/s/files/1/0739/9420/7524/files/1779578673947-48607b18-2b29-43b0-8ac9-cfd633cae3d4_05adea42-6844-4776-ac8b-cc330548decf.png?v=1779581930 | https://cdn.shopify.com/s/files/1/0739/9420/7524/files/GB-DVA-CLR-46ML-T-20__GBDivaFrst46AnSpTslBlk__pdp-main__v001.png?v=1781252686 | https://cdn.shopify.com/s/files/1/0739/9420/7524/files/GB-DVA-CLR-46ML-T-21__GBDivaFrst46AnSpTslGl__pdp-main__v001.png?v=1781252687 | https://cdn.shopify.com/s/files/1/0739/9420/7524/files/GB-DVA-CLR-46ML-T-22__GBDivaFrst46AnSpTslIvyGl__pdp-main__v001.png?v=1781252687 | https://cdn.shopify.com/s/files/1/0739/9420/7524/files/GB-DVA-CLR-46ML-T-23__GBDivaFrst46AnSpTslIvySl__pdp-main__v001.png?v=1781252686 | https://cdn.shopify.com/s/files/1/0739/9420/7524/files/GB-DVA-CLR-46ML-T-24__GBDivaFrst46AnSpTslLvn__pdp-main__v001.png?v=1781252687 | https://cdn.shopify.com/s/files/1/0739/9420/7524/files/GB-DVA-CLR-46ML-T-25__GBDivaFrst46AnSpTslMtSl__pdp-main__v001.png?v=1781252687 | https://cdn.shopify.com/s/files/1/0739/9420/7524/files/GB-DVA-CLR-46ML-T-26__GBDivaFrst46AnSpTslPnk__pdp-main__v001.png?v=1781252687 | https://cdn.shopify.com/s/files/1/0739/9420/7524/files/GB-DVA-CLR-46ML-T-27__GBDivaFrst46AnSpTslRed__pdp-main__v001.png?v=1781252687 | https://cdn.shopify.com/s/files/1/0739/9420/7524/files/GB-DVA-CLR-46ML-T-28__GBDivaFrst46AnSpTslWht__pdp-main__v001.png?v=1781252687 | https://cdn.shopify.com/s/files/1/0739/9420/7524/files/GB-DVA-CLR-46ML-T-30__GBDivaFrst46RdcrBlkLthr__pdp-main__v001.png?v=1781252687 | https://cdn.shopify.com/s/files/1/0739/9420/7524/files/GB-DVA-CLR-46ML-T-31__GBDivaFrst46RdcrBrwnLthr__pdp-main__v001.png?v=1781252687 | https://cdn.shopify.com/s/files/1/0739/9420/7524/files/GB-DVA-CLR-46ML-T-32__GBDivaFrst46RdcrIvyLthr__pdp-main__v001.png?v=1781252687 | https://cdn.shopify.com/s/files/1/0739/9420/7524/files/GB-DVA-CLR-46ML-T-33__GBDivaFrst46RdcrLBrwnLthr__pdp-main__v001.png?v=1781252687 | https://cdn.shopify.com/s/files/1/0739/9420/7524/files/GB-DVA-CLR-46ML-T-34__GBDivaFrst46RdcrMtSl__pdp-main__v001.png?v=1781252687 | https://cdn.shopify.com/s/files/1/0739/9420/7524/files/GB-DVA-CLR-46ML-T-35__GBDivaFrst46RdcrMtSlTall__pdp-main__v001.png?v=1781252687 | https://cdn.shopify.com/s/files/1/0739/9420/7524/files/GB-DVA-CLR-46ML-T-36__GBDivaFrst46RdcrPnkLthr__pdp-main__v001.png?v=1781252687 | https://cdn.shopify.com/s/files/1/0739/9420/7524/files/GB-DVA-CLR-46ML-T-37__GBDivaFrst46RdcrShnBlk__pdp-main__v001.png?v=1781252687 | https://cdn.shopify.com/s/files/1/0739/9420/7524/files/GB-DVA-CLR-46ML-T-38__GBDivaFrst46RdcrShnBlkTall__pdp-main__v001.png?v=1781252687 | https://cdn.shopify.com/s/files/1/0739/9420/7524/files/GB-DVA-CLR-46ML-T-39__GBDivaFrst46RdcrShnGl__pdp-main__v001.png?v=1781252687 | https://cdn.shopify.com/s/files/1/0739/9420/7524/files/GB-DVA-CLR-46ML-T-40__GBDivaFrst46RdcrShnSl__pdp-main__v001.png?v=1781252687 | https://cdn.shopify.com/s/files/1/0739/9420/7524/files/GB-DVA-CLR-46ML-T-41__GBDivaFrst46RdcrWht__pdp-main__v001.png?v=1781252687 | https://cdn.shopify.com/s/files/1/0739/9420/7524/files/LB-DVA-CLR-46ML-01__LBDivaFrst46LtnCu__pdp-main__v001.png?v=1781252394 | https://cdn.shopify.com/s/files/1/0739/9420/7524/files/LB-DVA-CLR-46ML-02__LBDivaFrst46LtnMtGl__pdp-main__v001.png?v=1781252394 | https://cdn.shopify.com/s/files/1/0739/9420/7524/files/LB-DVA-CLR-46ML-03__LBDivaFrst46LtnMtSl__pdp-main__v001.png?v=1781252394 | https://cdn.shopify.com/s/files/1/0739/9420/7524/files/LB-DVA-CLR-46ML-04__LBDivaFrst46LtnShnBlk__pdp-main__v001.png?v=1781252394 | https://cdn.shopify.com/s/files/1/0739/9420/7524/files/LB-DVA-CLR-46ML-05__LBDivaFrst46LtnShnGl__pdp-main__v001.png?v=1781252394 | https://cdn.shopify.com/s/files/1/0739/9420/7524/files/LB-DVA-CLR-46ML-06__LBDivaFrst46LtnShnSl__pdp-main__v001.png?v=1781252394 | https://cdn.shopify.com/s/files/1/0739/9420/7524/files/LB-DVA-CLR-46ML-T__LBDivaFrst46LtnClOvrCap__pdp-main__v001.png?v=1781252394 | https://cdn.shopify.com/s/files/1/0739/9420/7524/files/master_corrected_1779578237635_oqjq49.png?v=1779578784 | https://cdn.shopify.com/s/files/1/0739/9420/7524/files/master_corrected_1779578291896_ekb7uk.png?v=1779578779 | https://cdn.shopify.com/s/files/1/0739/9420/7524/files/master_corrected_1779578340118_2ppjho.png?v=1779578775 | https://cdn.shopify.com/s/files/1/0739/9420/7524/files/master_corrected_1779578393190_srdpnw.png?v=1779578769 | https://cdn.shopify.com/s/files/1/0739/9420/7524/files/master_corrected_1779582895953_buobp3.png?v=1779583948 | https://cdn.shopify.com/s/files/1/0739/9420/7524/files/master_corrected_1779582954214_3yhde2.png?v=1779583944 | https://cdn.shopify.com/s/files/1/0739/9420/7524/files/master_corrected_1779583015219_iern8f.png?v=1779583939 | https://cdn.shopify.com/s/files/1/0739/9420/7524/files/master_corrected_1779583089922_6b1twv.png?v=1779583934 | https://cdn.shopify.com/s/files/1/0739/9420/7524/files/master_corrected_1779583143542_la9c74.png?v=1779583930 | https://cdn.shopify.com/s/files/1/0739/9420/7524/files/master_corrected_1779583196813_wk9x8z.png?v=1779583925 | https://cdn.shopify.com/s/files/1/0739/9420/7524/files/master_corrected_1779583249671_fik131.png?v=1779583920 | https://cdn.shopify.com/s/files/1/0739/9420/7524/files/master_corrected_1779583368531_g5fsuk.png?v=1779583911 | https://www.bestbottles.com/images/store/depthview/GBDiva46DrpSl.gif | https://www.bestbottles.com/images/store/depthview/GBDivaFrst46AnSpBlk.gif | https://www.bestbottles.com/images/store/depthview/GBDivaFrst46AnSpGl.gif | https://www.bestbottles.com/images/store/depthview/GBDivaFrst46AnSpIvyGl.gif | https://www.bestbottles.com/images/store/depthview/GBDivaFrst46AnSpIvySl.gif | https://www.bestbottles.com/images/store/depthview/GBDivaFrst46AnSpLvn.gif | https://www.bestbottles.com/images/store/depthview/GBDivaFrst46AnSpMtSl.gif | https://www.bestbottles.com/images/store/depthview/GBDivaFrst46AnSpPnk.gif | https://www.bestbottles.com/images/store/depthview/GBDivaFrst46AnSpRed.gif | https://www.bestbottles.com/images/store/depthview/GBDivaFrst46AnSpTslBlk.gif | https://www.bestbottles.com/images/store/depthview/GBDivaFrst46AnSpTslGl.gif | https://www.bestbottles.com/images/store/depthview/GBDivaFrst46AnSpTslIvyGl.gif | https://www.bestbottles.com/images/store/depthview/GBDivaFrst46AnSpTslIvySl.gif | https://www.bestbottles.com/images/store/depthview/GBDivaFrst46AnSpTslLvn.gif | https://www.bestbottles.com/images/store/depthview/GBDivaFrst46AnSpTslMtSl.gif | https://www.bestbottles.com/images/store/depthview/GBDivaFrst46AnSpTslPnk.gif | https://www.bestbottles.com/images/store/depthview/GBDivaFrst46AnSpTslRed.gif | https://www.bestbottles.com/images/store/depthview/GBDivaFrst46AnSpTslWht.gif | https://www.bestbottles.com/images/store/depthview/GBDivaFrst46RdcrBlkLthr.gif | https://www.bestbottles.com/images/store/depthview/GBDivaFrst46RdcrBrwnLthr.gif | https://www.bestbottles.com/images/store/depthview/GBDivaFrst46RdcrIvyLthr.gif | https://www.bestbottles.com/images/store/depthview/GBDivaFrst46RdcrLBrwnLthr.gif | https://www.bestbottles.com/images/store/depthview/GBDivaFrst46RdcrMtSl.gif | https://www.bestbottles.com/images/store/depthview/GBDivaFrst46RdcrMtSlTall.gif | https://www.bestbottles.com/images/store/depthview/GBDivaFrst46RdcrPnkLthr.gif | https://www.bestbottles.com/images/store/depthview/GBDivaFrst46RdcrShnBlk.gif | https://www.bestbottles.com/images/store/depthview/GBDivaFrst46RdcrShnBlkTall.gif | https://www.bestbottles.com/images/store/depthview/GBDivaFrst46RdcrShnGl.gif | https://www.bestbottles.com/images/store/depthview/GBDivaFrst46RdcrShnSl.gif | https://www.bestbottles.com/images/store/depthview/GBDivaFrst46RdcrWht.gif | https://www.bestbottles.com/images/store/depthview/GBDivaFrst46SpryCu.gif | https://www.bestbottles.com/images/store/depthview/GBDivaFrst46SpryMtGl.gif | https://www.bestbottles.com/images/store/depthview/GBDivaFrst46SpryMtSl.gif | https://www.bestbottles.com/images/store/depthview/GBDivaFrst46SpryShnBlk.gif | https://www.bestbottles.com/images/store/depthview/GBDivaFrst46SpryShnGl.gif | https://www.bestbottles.com/images/store/depthview/GBDivaFrst46SpryShnSl.gif | https://www.bestbottles.com/images/store/depthview/LBDivaFrst46LtnClOvrCap.gif | https://www.bestbottles.com/images/store/depthview/LBDivaFrst46LtnCu.gif | https://www.bestbottles.com/images/store/depthview/LBDivaFrst46LtnMtGl.gif | https://www.bestbottles.com/images/store/depthview/LBDivaFrst46LtnMtSl.gif | https://www.bestbottles.com/images/store/depthview/LBDivaFrst46LtnShnBlk.gif | https://www.bestbottles.com/images/store/depthview/LBDivaFrst46LtnShnGl.gif | https://www.bestbottles.com/images/store/depthview/LBDivaFrst46LtnShnSl.gif | https://www.bestbottles.com/images/store/enlarged_pics/GBDiva46DrpSl.gif | https://www.bestbottles.com/images/store/enlarged_pics/GBDivaFrst46AnSpBlk.gif | https://www.bestbottles.com/images/store/enlarged_pics/GBDivaFrst46AnSpGl.gif | https://www.bestbottles.com/images/store/enlarged_pics/GBDivaFrst46AnSpIvyGl.gif | https://www.bestbottles.com/images/store/enlarged_pics/GBDivaFrst46AnSpIvySl.gif | https://www.bestbottles.com/images/store/enlarged_pics/GBDivaFrst46AnSpLvn.gif | https://www.bestbottles.com/images/store/enlarged_pics/GBDivaFrst46AnSpMtSl.gif | https://www.bestbottles.com/images/store/enlarged_pics/GBDivaFrst46AnSpPnk.gif | https://www.bestbottles.com/images/store/enlarged_pics/GBDivaFrst46AnSpRed.gif | https://www.bestbottles.com/images/store/enlarged_pics/GBDivaFrst46AnSpTslBlk.gif | https://www.bestbottles.com/images/store/enlarged_pics/GBDivaFrst46AnSpTslGl.gif | https://www.bestbottles.com/images/store/enlarged_pics/GBDivaFrst46AnSpTslIvyGl.gif | https://www.bestbottles.com/images/store/enlarged_pics/GBDivaFrst46AnSpTslIvySl.gif | https://www.bestbottles.com/images/store/enlarged_pics/GBDivaFrst46AnSpTslLvn.gif | https://www.bestbottles.com/images/store/enlarged_pics/GBDivaFrst46AnSpTslMtSl.gif | https://www.bestbottles.com/images/store/enlarged_pics/GBDivaFrst46AnSpTslPnk.gif | https://www.bestbottles.com/images/store/enlarged_pics/GBDivaFrst46AnSpTslRed.gif | https://www.bestbottles.com/images/store/enlarged_pics/GBDivaFrst46AnSpTslWht.gif | https://www.bestbottles.com/images/store/enlarged_pics/GBDivaFrst46RdcrBlkLthr.gif | https://www.bestbottles.com/images/store/enlarged_pics/GBDivaFrst46RdcrBrwnLthr.gif | https://www.bestbottles.com/images/store/enlarged_pics/GBDivaFrst46RdcrIvyLthr.gif | https://www.bestbottles.com/images/store/enlarged_pics/GBDivaFrst46RdcrLBrwnLthr.gif | https://www.bestbottles.com/images/store/enlarged_pics/GBDivaFrst46RdcrMtSl.gif | https://www.bestbottles.com/images/store/enlarged_pics/GBDivaFrst46RdcrMtSlTall.gif | https://www.bestbottles.com/images/store/enlarged_pics/GBDivaFrst46RdcrPnkLthr.gif | https://www.bestbottles.com/images/store/enlarged_pics/GBDivaFrst46RdcrShnBlk.gif | https://www.bestbottles.com/images/store/enlarged_pics/GBDivaFrst46RdcrShnBlkTall.gif | https://www.bestbottles.com/images/store/enlarged_pics/GBDivaFrst46RdcrShnGl.gif | https://www.bestbottles.com/images/store/enlarged_pics/GBDivaFrst46RdcrShnSl.gif | https://www.bestbottles.com/images/store/enlarged_pics/GBDivaFrst46RdcrWht.gif | https://www.bestbottles.com/images/store/enlarged_pics/GBDivaFrst46SpryCu.gif | https://www.bestbottles.com/images/store/enlarged_pics/GBDivaFrst46SpryMtGl.gif | https://www.bestbottles.com/images/store/enlarged_pics/GBDivaFrst46SpryMtSl.gif | https://www.bestbottles.com/images/store/enlarged_pics/GBDivaFrst46SpryShnBlk.gif | https://www.bestbottles.com/images/store/enlarged_pics/GBDivaFrst46SpryShnGl.gif | https://www.bestbottles.com/images/store/enlarged_pics/GBDivaFrst46SpryShnSl.gif | https://www.bestbottles.com/images/store/enlarged_pics/LBDivaFrst46LtnClOvrCap.gif | https://www.bestbottles.com/images/store/enlarged_pics/LBDivaFrst46LtnCu.gif | https://www.bestbottles.com/images/store/enlarged_pics/LBDivaFrst46LtnMtGl.gif | https://www.bestbottles.com/images/store/enlarged_pics/LBDivaFrst46LtnMtSl.gif | https://www.bestbottles.com/images/store/enlarged_pics/LBDivaFrst46LtnShnBlk.gif | https://www.bestbottles.com/images/store/enlarged_pics/LBDivaFrst46LtnShnGl.gif | https://www.bestbottles.com/images/store/enlarged_pics/LBDivaFrst46LtnShnSl.gif | https://www.bestbottles.com/images/store/measured/GBDiva46DrpSl.gif | https://www.bestbottles.com/images/store/measured/GBDivaFrst46AnSpBlk.gif | https://www.bestbottles.com/images/store/measured/GBDivaFrst46AnSpGl.gif | https://www.bestbottles.com/images/store/measured/GBDivaFrst46AnSpIvyGl.gif | https://www.bestbottles.com/images/store/measured/GBDivaFrst46AnSpIvySl.gif | https://www.bestbottles.com/images/store/measured/GBDivaFrst46AnSpLvn.gif | https://www.bestbottles.com/images/store/measured/GBDivaFrst46AnSpMtSl.gif | https://www.bestbottles.com/images/store/measured/GBDivaFrst46AnSpPnk.gif | https://www.bestbottles.com/images/store/measured/GBDivaFrst46AnSpRed.gif | https://www.bestbottles.com/images/store/measured/GBDivaFrst46AnSpTslBlk.gif | https://www.bestbottles.com/images/store/measured/GBDivaFrst46AnSpTslGl.gif | https://www.bestbottles.com/images/store/measured/GBDivaFrst46AnSpTslIvyGl.gif | https://www.bestbottles.com/images/store/measured/GBDivaFrst46AnSpTslIvySl.gif | https://www.bestbottles.com/images/store/measured/GBDivaFrst46AnSpTslLvn.gif | https://www.bestbottles.com/images/store/measured/GBDivaFrst46AnSpTslMtSl.gif | https://www.bestbottles.com/images/store/measured/GBDivaFrst46AnSpTslPnk.gif | https://www.bestbottles.com/images/store/measured/GBDivaFrst46AnSpTslRed.gif | https://www.bestbottles.com/images/store/measured/GBDivaFrst46AnSpTslWht.gif | https://www.bestbottles.com/images/store/measured/GBDivaFrst46RdcrBlkLthr.gif | https://www.bestbottles.com/images/store/measured/GBDivaFrst46RdcrBrwnLthr.gif | https://www.bestbottles.com/images/store/measured/GBDivaFrst46RdcrIvyLthr.gif | https://www.bestbottles.com/images/store/measured/GBDivaFrst46RdcrLBrwnLthr.gif | https://www.bestbottles.com/images/store/measured/GBDivaFrst46RdcrMtSl.gif | https://www.bestbottles.com/images/store/measured/GBDivaFrst46RdcrMtSlTall.gif | https://www.bestbottles.com/images/store/measured/GBDivaFrst46RdcrPnkLthr.gif | https://www.bestbottles.com/images/store/measured/GBDivaFrst46RdcrShnBlk.gif | https://www.bestbottles.com/images/store/measured/GBDivaFrst46RdcrShnBlkTall.gif | https://www.bestbottles.com/images/store/measured/GBDivaFrst46RdcrShnGl.gif | https://www.bestbottles.com/images/store/measured/GBDivaFrst46RdcrShnSl.gif | https://www.bestbottles.com/images/store/measured/GBDivaFrst46RdcrWht.gif | https://www.bestbottles.com/images/store/measured/GBDivaFrst46SpryCu.gif | https://www.bestbottles.com/images/store/measured/GBDivaFrst46SpryMtGl.gif | https://www.bestbottles.com/images/store/measured/GBDivaFrst46SpryMtSl.gif | https://www.bestbottles.com/images/store/measured/GBDivaFrst46SpryShnBlk.gif | https://www.bestbottles.com/images/store/measured/GBDivaFrst46SpryShnGl.gif | https://www.bestbottles.com/images/store/measured/GBDivaFrst46SpryShnSl.gif | https://www.bestbottles.com/images/store/measured/LBDivaFrst46LtnClOvrCap.gif | https://www.bestbottles.com/images/store/measured/LBDivaFrst46LtnCu.gif | https://www.bestbottles.com/images/store/measured/LBDivaFrst46LtnMtGl.gif | https://www.bestbottles.com/images/store/measured/LBDivaFrst46LtnMtSl.gif | https://www.bestbottles.com/images/store/measured/LBDivaFrst46LtnShnBlk.gif | https://www.bestbottles.com/images/store/measured/LBDivaFrst46LtnShnGl.gif | https://www.bestbottles.com/images/store/measured/LBDivaFrst46LtnShnSl.gif,43,DIVA-46ML-18-415,needs-authority,P1-PRODUCE,missing,measured-body-geometry-only,"Register or render one clean body authority, then approve the body appearance plate.",,,
241,shot__body__diva__100ml__113x64x64.0__b774256fa9__clear,body-appearance,body,Diva,100,18-415,body__diva__100ml__113x64x64.0__b774256fa9,Clear,Glass,,https://cdn.shopify.com/s/files/1/0739/9420/7524/files/master_corrected_1779490074247_0iz4ln.png?v=1779490657 | https://cdn.shopify.com/s/files/1/0739/9420/7524/files/master_corrected_1779490342254_bb8utc.png?v=1779490636 | https://www.bestbottles.com/images/store/depthview/GBDiva100AnSpBlk.gif | https://www.bestbottles.com/images/store/depthview/GBDiva100AnSpGl.gif | https://www.bestbottles.com/images/store/depthview/GBDiva100AnSpIvyGl.gif | https://www.bestbottles.com/images/store/depthview/GBDiva100AnSpIvySl.gif | https://www.bestbottles.com/images/store/depthview/GBDiva100AnSpLvn.gif | https://www.bestbottles.com/images/store/depthview/GBDiva100AnSpMtSl.gif | https://www.bestbottles.com/images/store/depthview/GBDiva100AnSpPnk.gif | https://www.bestbottles.com/images/store/depthview/GBDiva100AnSpRed.gif | https://www.bestbottles.com/images/store/depthview/GBDiva100AnSpTslBlk.gif | https://www.bestbottles.com/images/store/depthview/GBDiva100AnSpTslGl.gif | https://www.bestbottles.com/images/store/depthview/GBDiva100AnSpTslIvyGl.gif | https://www.bestbottles.com/images/store/depthview/GBDiva100AnSpTslIvySl.gif | https://www.bestbottles.com/images/store/depthview/GBDiva100AnSpTslLvn.gif | https://www.bestbottles.com/images/store/depthview/GBDiva100AnSpTslMtSl.gif | https://www.bestbottles.com/images/store/depthview/GBDiva100AnSpTslPnk.gif | https://www.bestbottles.com/images/store/depthview/GBDiva100AnSpTslRed.gif | https://www.bestbottles.com/images/store/depthview/GBDiva100AnSpTslWht.gif | https://www.bestbottles.com/images/store/depthview/GBDiva100AnSpWht.gif | https://www.bestbottles.com/images/store/depthview/GBDiva100RdcrBlkLthr.gif | https://www.bestbottles.com/images/store/depthview/GBDiva100RdcrBrwnLthr.gif | https://www.bestbottles.com/images/store/depthview/GBDiva100RdcrIvyLthr.gif | https://www.bestbottles.com/images/store/depthview/GBDiva100RdcrLBrwnLthr.gif | https://www.bestbottles.com/images/store/depthview/GBDiva100RdcrMtSl.gif | https://www.bestbottles.com/images/store/depthview/GBDiva100RdcrMtSlTall.gif | https://www.bestbottles.com/images/store/depthview/GBDiva100RdcrPnkLthr.gif | https://www.bestbottles.com/images/store/depthview/GBDiva100RdcrShnBlk.gif | https://www.bestbottles.com/images/store/depthview/GBDiva100RdcrShnBlkTall.gif | https://www.bestbottles.com/images/store/depthview/GBDiva100RdcrShnGl.gif | https://www.bestbottles.com/images/store/depthview/GBDiva100RdcrShnSl.gif | https://www.bestbottles.com/images/store/depthview/GBDiva100RdcrWht.gif | https://www.bestbottles.com/images/store/depthview/GBDiva100SpryCu.gif | https://www.bestbottles.com/images/store/depthview/GBDiva100SpryMtGl.gif | https://www.bestbottles.com/images/store/depthview/GBDiva100SpryMtSl.gif | https://www.bestbottles.com/images/store/depthview/GBDiva100SpryShnBlk.gif | https://www.bestbottles.com/images/store/depthview/GBDiva100SpryShnGl.gif | https://www.bestbottles.com/images/store/depthview/GBDiva100SpryShnSl.gif | https://www.bestbottles.com/images/store/depthview/LBDiva100LtnClOvrCap.gif | https://www.bestbottles.com/images/store/depthview/LBDiva100LtnCu.gif | https://www.bestbottles.com/images/store/depthview/LBDiva100LtnMtGl.gif | https://www.bestbottles.com/images/store/depthview/LBDiva100LtnMtSl.gif | https://www.bestbottles.com/images/store/depthview/LBDiva100LtnShnBlk.gif | https://www.bestbottles.com/images/store/depthview/LBDiva100LtnShnGl.gif | https://www.bestbottles.com/images/store/depthview/LBDiva100LtnShnSl.gif | https://www.bestbottles.com/images/store/enlarged_pics/GBDiva100AnSpBlk.gif | https://www.bestbottles.com/images/store/enlarged_pics/GBDiva100AnSpGl.gif | https://www.bestbottles.com/images/store/enlarged_pics/GBDiva100AnSpIvyGl.gif | https://www.bestbottles.com/images/store/enlarged_pics/GBDiva100AnSpIvySl.gif | https://www.bestbottles.com/images/store/enlarged_pics/GBDiva100AnSpLvn.gif | https://www.bestbottles.com/images/store/enlarged_pics/GBDiva100AnSpMtSl.gif | https://www.bestbottles.com/images/store/enlarged_pics/GBDiva100AnSpPnk.gif | https://www.bestbottles.com/images/store/enlarged_pics/GBDiva100AnSpRed.gif | https://www.bestbottles.com/images/store/enlarged_pics/GBDiva100AnSpTslBlk.gif | https://www.bestbottles.com/images/store/enlarged_pics/GBDiva100AnSpTslGl.gif | https://www.bestbottles.com/images/store/enlarged_pics/GBDiva100AnSpTslIvyGl.gif | https://www.bestbottles.com/images/store/enlarged_pics/GBDiva100AnSpTslIvySl.gif | https://www.bestbottles.com/images/store/enlarged_pics/GBDiva100AnSpTslLvn.gif | https://www.bestbottles.com/images/store/enlarged_pics/GBDiva100AnSpTslMtSl.gif | https://www.bestbottles.com/images/store/enlarged_pics/GBDiva100AnSpTslPnk.gif | https://www.bestbottles.com/images/store/enlarged_pics/GBDiva100AnSpTslRed.gif | https://www.bestbottles.com/images/store/enlarged_pics/GBDiva100AnSpTslWht.gif | https://www.bestbottles.com/images/store/enlarged_pics/GBDiva100AnSpWht.gif | https://www.bestbottles.com/images/store/enlarged_pics/GBDiva100RdcrBlkLthr.gif | https://www.bestbottles.com/images/store/enlarged_pics/GBDiva100RdcrBrwnLthr.gif | https://www.bestbottles.com/images/store/enlarged_pics/GBDiva100RdcrIvyLthr.gif | https://www.bestbottles.com/images/store/enlarged_pics/GBDiva100RdcrLBrwnLthr.gif | https://www.bestbottles.com/images/store/enlarged_pics/GBDiva100RdcrMtSl.gif | https://www.bestbottles.com/images/store/enlarged_pics/GBDiva100RdcrMtSlTall.gif | https://www.bestbottles.com/images/store/enlarged_pics/GBDiva100RdcrPnkLthr.gif | https://www.bestbottles.com/images/store/enlarged_pics/GBDiva100RdcrShnBlk.gif | https://www.bestbottles.com/images/store/enlarged_pics/GBDiva100RdcrShnBlkTall.gif | https://www.bestbottles.com/images/store/enlarged_pics/GBDiva100RdcrShnGl.gif | https://www.bestbottles.com/images/store/enlarged_pics/GBDiva100RdcrShnSl.gif | https://www.bestbottles.com/images/store/enlarged_pics/GBDiva100RdcrWht.gif | https://www.bestbottles.com/images/store/enlarged_pics/GBDiva100SpryCu.gif | https://www.bestbottles.com/images/store/enlarged_pics/GBDiva100SpryMtGl.gif | https://www.bestbottles.com/images/store/enlarged_pics/GBDiva100SpryMtSl.gif | https://www.bestbottles.com/images/store/enlarged_pics/GBDiva100SpryShnBlk.gif | https://www.bestbottles.com/images/store/enlarged_pics/GBDiva100SpryShnGl.gif | https://www.bestbottles.com/images/store/enlarged_pics/GBDiva100SpryShnSl.gif | https://www.bestbottles.com/images/store/enlarged_pics/LBDiva100LtnClOvrCap.gif | https://www.bestbottles.com/images/store/enlarged_pics/LBDiva100LtnCu.gif | https://www.bestbottles.com/images/store/enlarged_pics/LBDiva100LtnMtGl.gif | https://www.bestbottles.com/images/store/enlarged_pics/LBDiva100LtnMtSl.gif | https://www.bestbottles.com/images/store/enlarged_pics/LBDiva100LtnShnBlk.gif | https://www.bestbottles.com/images/store/enlarged_pics/LBDiva100LtnShnGl.gif | https://www.bestbottles.com/images/store/enlarged_pics/LBDiva100LtnShnSl.gif | https://www.bestbottles.com/images/store/measured/GBDiva100AnSpBlk.gif | https://www.bestbottles.com/images/store/measured/GBDiva100AnSpGl.gif | https://www.bestbottles.com/images/store/measured/GBDiva100AnSpIvyGl.gif | https://www.bestbottles.com/images/store/measured/GBDiva100AnSpIvySl.gif | https://www.bestbottles.com/images/store/measured/GBDiva100AnSpLvn.gif | https://www.bestbottles.com/images/store/measured/GBDiva100AnSpMtSl.gif | https://www.bestbottles.com/images/store/measured/GBDiva100AnSpPnk.gif | https://www.bestbottles.com/images/store/measured/GBDiva100AnSpRed.gif | https://www.bestbottles.com/images/store/measured/GBDiva100AnSpTslBlk.gif | https://www.bestbottles.com/images/store/measured/GBDiva100AnSpTslGl.gif | https://www.bestbottles.com/images/store/measured/GBDiva100AnSpTslIvyGl.gif | https://www.bestbottles.com/images/store/measured/GBDiva100AnSpTslIvySl.gif | https://www.bestbottles.com/images/store/measured/GBDiva100AnSpTslLvn.gif | https://www.bestbottles.com/images/store/measured/GBDiva100AnSpTslMtSl.gif | https://www.bestbottles.com/images/store/measured/GBDiva100AnSpTslPnk.gif | https://www.bestbottles.com/images/store/measured/GBDiva100AnSpTslRed.gif | https://www.bestbottles.com/images/store/measured/GBDiva100AnSpTslWht.gif | https://www.bestbottles.com/images/store/measured/GBDiva100AnSpWht.gif | https://www.bestbottles.com/images/store/measured/GBDiva100RdcrBlkLthr.gif | https://www.bestbottles.com/images/store/measured/GBDiva100RdcrBrwnLthr.gif | https://www.bestbottles.com/images/store/measured/GBDiva100RdcrIvyLthr.gif | https://www.bestbottles.com/images/store/measured/GBDiva100RdcrLBrwnLthr.gif | https://www.bestbottles.com/images/store/measured/GBDiva100RdcrMtSl.gif | https://www.bestbottles.com/images/store/measured/GBDiva100RdcrMtSlTall.gif | https://www.bestbottles.com/images/store/measured/GBDiva100RdcrPnkLthr.gif | https://www.bestbottles.com/images/store/measured/GBDiva100RdcrShnBlk.gif | https://www.bestbottles.com/images/store/measured/GBDiva100RdcrShnBlkTall.gif | https://www.bestbottles.com/images/store/measured/GBDiva100RdcrShnGl.gif | https://www.bestbottles.com/images/store/measured/GBDiva100RdcrShnSl.gif | https://www.bestbottles.com/images/store/measured/GBDiva100RdcrWht.gif | https://www.bestbottles.com/images/store/measured/GBDiva100SpryCu.gif | https://www.bestbottles.com/images/store/measured/GBDiva100SpryMtGl.gif | https://www.bestbottles.com/images/store/measured/GBDiva100SpryMtSl.gif | https://www.bestbottles.com/images/store/measured/GBDiva100SpryShnBlk.gif | https://www.bestbottles.com/images/store/measured/GBDiva100SpryShnGl.gif | https://www.bestbottles.com/images/store/measured/GBDiva100SpryShnSl.gif | https://www.bestbottles.com/images/store/measured/LBDiva100LtnClOvrCap.gif | https://www.bestbottles.com/images/store/measured/LBDiva100LtnCu.gif | https://www.bestbottles.com/images/store/measured/LBDiva100LtnMtGl.gif | https://www.bestbottles.com/images/store/measured/LBDiva100LtnMtSl.gif | https://www.bestbottles.com/images/store/measured/LBDiva100LtnShnBlk.gif | https://www.bestbottles.com/images/store/measured/LBDiva100LtnShnGl.gif | https://www.bestbottles.com/images/store/measured/LBDiva100LtnShnSl.gif,43,DIVA-100ML-18-415,needs-authority,P1-PRODUCE,missing,measured-body-geometry-only,"Register or render one clean body authority, then approve the body appearance plate.",,,
242,shot__body__elegant__15ml__61x30xunknown__f195b1ac19__clear,body-appearance,body,Elegant,15,13-415,body__elegant__15ml__61x30xunknown__f195b1ac19,Clear,Glass,,https://cdn.shopify.com/s/files/1/0739/9420/7524/files/GB-ELG-CLR-15ML-MNR-MCPR__GBElg15MinarCu__pdp-main__v001.png?v=1781252617,1,ELEGANT-15ML-13-415,needs-authority,P1-PRODUCE,missing,measured-body-geometry-only,"Register or render one clean body authority, then approve the body appearance plate.",,,
243,shot__body__elegant__100ml__109x35xunknown__13fd473763__clear,body-appearance,body,Elegant,100,18-415,body__elegant__100ml__109x35xunknown__13fd473763,Clear,Glass,,https://www.bestbottles.com/images/store/depthview/LBElg100WhtClOvrCp.gif | https://www.bestbottles.com/images/store/enlarged_pics/LBElg100WhtClOvrCp.gif | https://www.bestbottles.com/images/store/measured/LBElg100WhtClOvrCp.gif,1,ELEGANT-100ML-18-415,needs-authority,P1-PRODUCE,missing,measured-body-geometry-only,"Register or render one clean body authority, then approve the body appearance plate.",,,
244,shot__body__lotion-bottle__3ml__118x33x33.0__c89c56d253__clear,body-appearance,body,Lotion Bottle,3,snap,body__lotion-bottle__3ml__118x33x33.0__c89c56d253,Clear,Glass,,https://www.bestbottles.com/images/store/enlarged_pics/LB3mlClear.gif,1,LOTION-BOTTLE-3ML-SNAP,needs-authority,P1-PRODUCE,missing,measured-body-geometry-only,"Register or render one clean body authority, then approve the body appearance plate.",,,
245,shot__body__lotion-bottle__30ml__118x33x33.0__a8ce2e33c3__clear,body-appearance,body,Lotion Bottle,30,18mm,body__lotion-bottle__30ml__118x33x33.0__a8ce2e33c3,Clear,Glass,,https://www.bestbottles.com/images/store/enlarged_pics/LB1ozGl.gif | https://www.bestbottles.com/images/store/enlarged_pics/LB1ozSl.gif | https://www.bestbottles.com/images/store/enlarged_pics/LBMetalSilver1oz.gif,3,LOTION-BOTTLE-30ML-18MM | LOTION-BOTTLE-30ML-UNKNOWN,needs-authority,P1-PRODUCE,missing,measured-body-geometry-only,"Register or render one clean body authority, then approve the body appearance plate.",,,
246,shot__body__plastic-bottle__10ml__94x24x23.7__4496abfe61__clear,body-appearance,body,Plastic Bottle,10,,body__plastic-bottle__10ml__94x24x23.7__4496abfe61,Clear,Plastic,,https://www.bestbottles.com/images/store/enlarged_pics/PB10SpryNat.gif,1,PLASTIC-BOTTLE-10ML-UNKNOWN,needs-authority,P1-PRODUCE,missing,measured-body-geometry-only,"Register or render one clean body authority, then approve the body appearance plate.",,,
247,shot__body__plastic-bottle__30ml__68x24x23.7__82d69bffa6__clear,body-appearance,body,Plastic Bottle,30,13-415,body__plastic-bottle__30ml__68x24x23.7__82d69bffa6,Clear,Plastic,,https://www.bestbottles.com/images/store/enlarged_pics/PB1ozClearcap.gif | https://www.bestbottles.com/images/store/enlarged_pics/PB1ozSpryNat.gif | https://www.bestbottles.com/images/store/enlarged_pics/PB1ozSprySl.gif,3,PLASTIC-BOTTLE-30ML-13-415,needs-authority,P1-PRODUCE,missing,measured-body-geometry-only,"Register or render one clean body authority, then approve the body appearance plate.",,,
248,shot__body__round__128ml__84x69x69.0__c18d60e577__clear,body-appearance,body,Round,128,,body__round__128ml__84x69x69.0__c18d60e577,Clear,,,,0,,needs-authority,P1-PRODUCE,missing,measured-body-geometry-only,"Register or render one clean body authority, then approve the body appearance plate.",,,
249,shot__body__round__128ml__84x69x69.0__c18d60e577__frosted,body-appearance,body,Round,128,,body__round__128ml__84x69x69.0__c18d60e577,Frosted,,,,0,,needs-authority,P1-PRODUCE,missing,measured-body-geometry-only,"Register or render one clean body authority, then approve the body appearance plate.",,,
250,shot__body__royal__13ml__56x17x16.8__9b45629a67__clear,body-appearance,body,Royal,13,,body__royal__13ml__56x17x16.8__9b45629a67,Clear,,,,0,,needs-authority,P1-PRODUCE,missing,measured-body-geometry-only,"Register or render one clean body authority, then approve the body appearance plate.",,,
251,shot__body__royal__14ml__64x44x43.7__c7d5f03149__clear,body-appearance,body,Royal,14,11mm,body__royal__14ml__64x44x43.7__c7d5f03149,Clear,Glass,,https://www.bestbottles.com/images/store/enlarged_pics/GBMtlCylGl.gif,1,ROYAL-14ML-11MM,needs-authority,P1-PRODUCE,missing,measured-body-geometry-only,"Register or render one clean body authority, then approve the body appearance plate.",,,
252,shot__body__sleek__100ml__149x35x35.0__b3ca3de611__clear,body-appearance,body,Sleek,100,18-415,body__sleek__100ml__149x35x35.0__b3ca3de611,Clear,Glass,,https://www.bestbottles.com/images/store/depthview/LBSlk100LtnClOvrCap.gif | https://www.bestbottles.com/images/store/depthview/LBSlk100LtnCu.gif | https://www.bestbottles.com/images/store/depthview/LBSlk100LtnMtGl.gif | https://www.bestbottles.com/images/store/depthview/LBSlk100LtnMtSl.gif | https://www.bestbottles.com/images/store/depthview/LBSlk100LtnShnBlk.gif | https://www.bestbottles.com/images/store/depthview/LBSlk100LtnShnGl.gif | https://www.bestbottles.com/images/store/depthview/LBSlk100LtnShnSl.gif | https://www.bestbottles.com/images/store/depthview/LBSlk100WhtRectClOverCap.gif | https://www.bestbottles.com/images/store/enlarged_pics/LBSlk100LtnClOvrCap.gif | https://www.bestbottles.com/images/store/enlarged_pics/LBSlk100LtnCu.gif | https://www.bestbottles.com/images/store/enlarged_pics/LBSlk100LtnMtGl.gif | https://www.bestbottles.com/images/store/enlarged_pics/LBSlk100LtnMtSl.gif | https://www.bestbottles.com/images/store/enlarged_pics/LBSlk100LtnShnBlk.gif | https://www.bestbottles.com/images/store/enlarged_pics/LBSlk100LtnShnGl.gif | https://www.bestbottles.com/images/store/enlarged_pics/LBSlk100LtnShnSl.gif | https://www.bestbottles.com/images/store/enlarged_pics/LBSlk100WhtRectClOverCap.gif | https://www.bestbottles.com/images/store/measured/LBSlk100LtnClOvrCap.gif | https://www.bestbottles.com/images/store/measured/LBSlk100LtnCu.gif | https://www.bestbottles.com/images/store/measured/LBSlk100LtnMtGl.gif | https://www.bestbottles.com/images/store/measured/LBSlk100LtnMtSl.gif | https://www.bestbottles.com/images/store/measured/LBSlk100LtnShnBlk.gif | https://www.bestbottles.com/images/store/measured/LBSlk100LtnShnGl.gif | https://www.bestbottles.com/images/store/measured/LBSlk100LtnShnSl.gif | https://www.bestbottles.com/images/store/measured/LBSlk100WhtRectClOverCap.gif,8,SLEEK-100ML-18-415,needs-authority,P1-PRODUCE,missing,measured-body-geometry-only,"Register or render one clean body authority, then approve the body appearance plate.",,,
253,shot__body__slim__100ml__154x35x35.0__937ec63ece__clear,body-appearance,body,Slim,100,18-415,body__slim__100ml__154x35x35.0__937ec63ece,Clear,Glass,,https://www.bestbottles.com/images/store/depthview/LBSlm100LtnCu.gif | https://www.bestbottles.com/images/store/depthview/LBSlm100LtnMtGl.gif | https://www.bestbottles.com/images/store/depthview/LBSlm100LtnMtSl.gif | https://www.bestbottles.com/images/store/depthview/LBSlm100LtnShnBlk.gif | https://www.bestbottles.com/images/store/depthview/LBSlm100LtnShnGl.gif | https://www.bestbottles.com/images/store/depthview/LBSlm100LtnShnSl.gif | https://www.bestbottles.com/images/store/enlarged_pics/LBSlm100LtnCu.gif | https://www.bestbottles.com/images/store/enlarged_pics/LBSlm100LtnMtGl.gif | https://www.bestbottles.com/images/store/enlarged_pics/LBSlm100LtnMtSl.gif | https://www.bestbottles.com/images/store/enlarged_pics/LBSlm100LtnShnBlk.gif | https://www.bestbottles.com/images/store/enlarged_pics/LBSlm100LtnShnGl.gif | https://www.bestbottles.com/images/store/enlarged_pics/LBSlm100LtnShnSl.gif | https://www.bestbottles.com/images/store/measured/LBSlm100LtnCu.gif | https://www.bestbottles.com/images/store/measured/LBSlm100LtnMtGl.gif | https://www.bestbottles.com/images/store/measured/LBSlm100LtnMtSl.gif | https://www.bestbottles.com/images/store/measured/LBSlm100LtnShnBlk.gif | https://www.bestbottles.com/images/store/measured/LBSlm100LtnShnGl.gif | https://www.bestbottles.com/images/store/measured/LBSlm100LtnShnSl.gif,6,SLIM-100ML-18-415,needs-authority,P1-PRODUCE,missing,measured-body-geometry-only,"Register or render one clean body authority, then approve the body appearance plate.",,,
254,shot__body__tall-cylinder__9ml__106x18x18.0__f1131cd670__clear,body-appearance,body,Tall Cylinder,9,13-415,body__tall-cylinder__9ml__106x18x18.0__f1131cd670,Clear,Glass,,https://cdn.shopify.com/s/files/1/0739/9420/7524/files/GB-CYL-WHT-9ML-WHT-S__GBTallCyl9WhtSht__pdp-main__v001.png?v=1781252649 | https://cdn.shopify.com/s/files/1/0739/9420/7524/files/GB-CYL-WHT-9ML-WHT-S__GBTallCyl9WhtSht__pdp-main__v001_e6564141-2877-465b-b43b-3fc18fdb1e00.png?v=1781252679 | https://www.bestbottles.com/images/store/measured/GBTallCyl9WhtSht.gif,1,,needs-authority,P1-PRODUCE,missing,measured-body-geometry-only,"Register or render one clean body authority, then approve the body appearance plate.",,,
255,shot__body__teardrop__9ml__43x20x20.0__12c43a8e9d__clear,body-appearance,body,Teardrop,9,Ground,body__teardrop__9ml__43x20x20.0__12c43a8e9d,Clear,Glass,,https://www.bestbottles.com/images/store/enlarged_pics/GBTRDPClear.gif,1,TEARDROP-9ML-GROUND,needs-authority,P1-PRODUCE,missing,measured-body-geometry-only,"Register or render one clean body authority, then approve the body appearance plate.",,,
256,shot__body__teardrop__9ml__43x20x20.0__12c43a8e9d__cobalt-blue,body-appearance,body,Teardrop,9,Ground,body__teardrop__9ml__43x20x20.0__12c43a8e9d,Cobalt Blue,Glass,,https://www.bestbottles.com/images/store/enlarged_pics/GBTrdpBlue.gif,1,TEARDROP-9ML-GROUND,needs-authority,P1-PRODUCE,missing,measured-body-geometry-only,"Register or render one clean body authority, then approve the body appearance plate.",,,
257,shot__body__teardrop__9ml__43x20x20.0__12c43a8e9d__green,body-appearance,body,Teardrop,9,Ground,body__teardrop__9ml__43x20x20.0__12c43a8e9d,Green,Glass,,https://www.bestbottles.com/images/store/enlarged_pics/GBTRDPGreen.gif,1,TEARDROP-9ML-GROUND,needs-authority,P1-PRODUCE,missing,measured-body-geometry-only,"Register or render one clean body authority, then approve the body appearance plate.",,,
258,shot__body__vial__1ml__35x8x8.0__b6c6564a4c__amber,body-appearance,body,Vial,1,Plug,body__vial__1ml__35x8x8.0__b6c6564a4c,Amber,Glass,,https://www.bestbottles.com/images/store/enlarged_pics/GB1mlAmbVialWht.gif,1,VIAL-1ML-PLUG,needs-authority,P1-PRODUCE,missing,measured-body-geometry-only,"Register or render one clean body authority, then approve the body appearance plate.",,,
259,shot__body__vial__1ml__35x8x8.0__b6c6564a4c__clear,body-appearance,body,Vial,1,Plug,body__vial__1ml__35x8x8.0__b6c6564a4c,Clear,Glass,,https://www.bestbottles.com/images/store/enlarged_pics/GB1mlAmbVBlk.gif | https://www.bestbottles.com/images/store/enlarged_pics/GB1mlVBlk.gif | https://www.bestbottles.com/images/store/enlarged_pics/GB1mlVWht.gif,3,VIAL-1ML-PLUG,needs-authority,P1-PRODUCE,missing,measured-body-geometry-only,"Register or render one clean body authority, then approve the body appearance plate.",,,
260,shot__body__vial__2ml__22x16x16.0__3956cbf824__amber,body-appearance,body,Vial,2,13-425,body__vial__2ml__22x16x16.0__3956cbf824,Amber,Glass,,https://www.bestbottles.com/images/store/enlarged_pics/GBVialAmb1o5WhtCapSht.gif,1,VIAL-2ML-13-425,needs-authority,P1-PRODUCE,missing,measured-body-geometry-only,"Register or render one clean body authority, then approve the body appearance plate.",,,
261,shot__body__vial__2ml__35x12x12.0__170d8b7ea6__clear,body-appearance,body,Vial,2,8-425,body__vial__2ml__35x12x12.0__170d8b7ea6,Clear,Glass,,https://www.bestbottles.com/images/store/enlarged_pics/GBVAmb2BlackCap.gif | https://www.bestbottles.com/images/store/enlarged_pics/GBVAmb2WhtCap.gif | https://www.bestbottles.com/images/store/enlarged_pics/GBVClr2mlBlackCap.gif | https://www.bestbottles.com/images/store/enlarged_pics/GBVClr2mlWhtCap.gif,4,VIAL-2ML-8-425,needs-authority,P1-PRODUCE,missing,measured-body-geometry-only,"Register or render one clean body authority, then approve the body appearance plate.",,,
262,shot__component__cap__18-400__18-400cpappblk__f3ba178f,component-source,cap,Cap/Closure,,18-400,component__cap__18-400__18-400cpappblk__f3ba178f,Applicator · Black,Component (see capStyle/applicator),18-400CpAppBlk,https://www.bestbottles.com/images/store/enlarged_pics/CP18-400AppBlk.gif,,,needs-authority,P1-PRODUCE,missing,unverified,"Create one geometry authority, derive approved material pixels, then verify fit per cohort.",,,
263,shot__component__cap__18-415__cp18-415blklthr__3ffd5f47,component-source,cap,Cap/Closure,,18-415,component__cap__18-415__cp18-415blklthr__3ffd5f47,Black · Cap/Closure · Faux Leather,Component (see capStyle/applicator),CP18-415BlkLthr,https://www.bestbottles.com/images/store/enlarged_pics/CP18-415BlkLthr.gif,,,needs-authority,P1-PRODUCE,missing,unverified,"Create one geometry authority, derive approved material pixels, then verify fit per cohort.",,,
264,shot__component__cap__18-400__18-400cpshortblk__d404bea1,component-source,cap,Cap/Closure,,18-400,component__cap__18-400__18-400cpshortblk__d404bea1,Black · Cap/Closure · Short,Component (see capStyle/applicator),18-400CpShortBlk,https://www.bestbottles.com/images/store/enlarged_pics/CP18-400ShortBlk.gif,,,needs-authority,P1-PRODUCE,missing,unverified,"Create one geometry authority, derive approved material pixels, then verify fit per cohort.",,,
265,shot__component__cap__20-400__20-400cp1ozshortblk__d0353268,component-source,cap,Cap/Closure,,20-400,component__cap__20-400__20-400cp1ozshortblk__d0353268,Black · Cap/Closure · Short,Component (see capStyle/applicator),20-400cp1ozShortBlk,https://www.bestbottles.com/images/store/enlarged_pics/CP20-4001ozShortBlk.gif,,,needs-authority,P1-PRODUCE,missing,unverified,"Create one geometry authority, derive approved material pixels, then verify fit per cohort.",,,
266,shot__component__cap__20-400__20-400cp2ozshortblk__99d7e147,component-source,cap,Cap/Closure,,20-400,component__cap__20-400__20-400cp2ozshortblk__99d7e147,Black · Cap/Closure · Short,Component (see capStyle/applicator),20-400Cp2ozShortBlk,https://www.bestbottles.com/images/store/enlarged_pics/CP20-4002ozShortBlk.gif,,,needs-authority,P1-PRODUCE,missing,unverified,"Create one geometry authority, derive approved material pixels, then verify fit per cohort.",,,
267,shot__component__cap__8-425__8-425cpshortblack__013bc08b,component-source,cap,Cap/Closure,,8-425,component__cap__8-425__8-425cpshortblack__013bc08b,Black · Cap/Closure · Short,Component (see capStyle/applicator),8-425CpShortBlack,https://www.bestbottles.com/images/store/enlarged_pics/CP8-425ShortBlack.gif,,,needs-authority,P1-PRODUCE,dimension-calibrated-profile-review-candidate,unverified,"Review and name the dimension-calibrated profile authority; material pixels, family fit, and compatibility remain unapproved.",docs/paper-doll-rig/short-fluted-cap-8-425-family-recipe.json | outputs/paper-doll-parametric-overcaps/8-425-short-fluted-cap/candidate-v1/candidate-manifest.json | outputs/paper-doll-parametric-overcaps/8-425-short-fluted-cap/candidate-v1/review-contact-sheet.png,8e87dd4052efabf322d7162a1424b21c71cc97d708ba6ba50b9a8eac913da03d,Local candidate has exact shared alpha but is not geometry locked or production eligible.
268,shot__component__cap__8-425__cp8-425tallblack__87735a10,component-source,cap,Cap/Closure,,8-425,component__cap__8-425__cp8-425tallblack__87735a10,Black · Cap/Closure · Tall,Component (see capStyle/applicator),CP8-425TallBlack,https://www.bestbottles.com/images/store/enlarged_pics/CP8-425TallBlack.gif,,,needs-authority,P1-PRODUCE,dimension-calibrated-profile-review-candidate,unverified,"Review and name the dimension-calibrated profile authority; material pixels, family fit, and compatibility remain unapproved.",docs/paper-doll-rig/tall-cap-8-425-family-recipe.json | outputs/paper-doll-parametric-overcaps/8-425-tall-cap/candidate-v1/candidate-manifest.json | outputs/paper-doll-parametric-overcaps/8-425-tall-cap/candidate-v1/review-contact-sheet.png,39a7110e5d09a8c229e5d48ce5ca932cf7c02b1f69a94596305f34c89c622eb0,Local candidate has exact shared alpha but is not geometry locked or production eligible.
269,shot__component__cap__18-415__cp18-415brwnlthr__17ded312,component-source,cap,Cap/Closure,,18-415,component__cap__18-415__cp18-415brwnlthr__17ded312,Brown · Cap/Closure · Faux Leather,Component (see capStyle/applicator),CP18-415BrwnLthr,https://www.bestbottles.com/images/store/enlarged_pics/CP18-415BrwnLthr.gif,,,needs-authority,P1-PRODUCE,missing,unverified,"Create one geometry authority, derive approved material pixels, then verify fit per cohort.",,,
270,shot__component__cap__18-415__cp18-415lbrwnlthr__c19a715b,component-source,cap,Cap/Closure,,18-415,component__cap__18-415__cp18-415lbrwnlthr__c19a715b,Brown · Cap/Closure · Faux Leather,Component (see capStyle/applicator),CP18-415LBrwnLthr,https://www.bestbottles.com/images/store/enlarged_pics/CP18-415LBrwnLthr.gif,,,needs-authority,P1-PRODUCE,missing,unverified,"Create one geometry authority, derive approved material pixels, then verify fit per cohort.",,,
271,shot__component__cap__18-415__cp18-415livylthr__04aef214,component-source,cap,Cap/Closure,,18-415,component__cap__18-415__cp18-415livylthr__04aef214,Cap/Closure · Faux Leather · Ivory,Component (see capStyle/applicator),CP18-415LIvyLthr,https://www.bestbottles.com/images/store/enlarged_pics/CP18-415LIvyLthr.gif,,,needs-authority,P1-PRODUCE,missing,unverified,"Create one geometry authority, derive approved material pixels, then verify fit per cohort.",,,
272,shot__component__cap__18-415__cp18-415lpnklthr__692b4cf1,component-source,cap,Cap/Closure,,18-415,component__cap__18-415__cp18-415lpnklthr__692b4cf1,Cap/Closure · Faux Leather · Pink,Component (see capStyle/applicator),CP18-415LPnkLthr,https://www.bestbottles.com/images/store/enlarged_pics/CP18-415LPnkLthr.gif,,,needs-authority,P1-PRODUCE,missing,unverified,"Create one geometry authority, derive approved material pixels, then verify fit per cohort.",,,
273,shot__component__cap__8-425__cp8-425tallshngl__c218271e,component-source,cap,Cap/Closure,,8-425,component__cap__8-425__cp8-425tallshngl__c218271e,Cap/Closure · Gold · Tall,Component (see capStyle/applicator),CP8-425TallShnGl,https://www.bestbottles.com/images/store/enlarged_pics/CP8-425TallShnGl.gif,,,needs-authority,P1-PRODUCE,dimension-calibrated-profile-review-candidate,unverified,"Review and name the dimension-calibrated profile authority; material pixels, family fit, and compatibility remain unapproved.",docs/paper-doll-rig/tall-cap-8-425-family-recipe.json | outputs/paper-doll-parametric-overcaps/8-425-tall-cap/candidate-v1/candidate-manifest.json | outputs/paper-doll-parametric-overcaps/8-425-tall-cap/candidate-v1/review-contact-sheet.png,39a7110e5d09a8c229e5d48ce5ca932cf7c02b1f69a94596305f34c89c622eb0,Local candidate has exact shared alpha but is not geometry locked or production eligible.
274,shot__component__cap__18-415__cp18-415mtsl__37c93cc0,component-source,cap,Cap/Closure,,18-415,component__cap__18-415__cp18-415mtsl__37c93cc0,Cap/Closure · Matte Silver · Short,Component (see capStyle/applicator),CP18-415MtSl,https://www.bestbottles.com/images/store/enlarged_pics/CP18-415MtSl.gif,,,needs-authority,P1-PRODUCE,dimension-calibrated-profile-review-candidate,unverified,"Review and name the dimension-calibrated profile authority; material pixels, family fit, and compatibility remain unapproved.",docs/paper-doll-rig/short-cap-18-415-family-recipe.json | outputs/paper-doll-parametric-overcaps/18-415-short-cap/candidate-v1/candidate-manifest.json | outputs/paper-doll-parametric-overcaps/18-415-short-cap/candidate-v1/review-contact-sheet.png,ba96a07c9780e98e028fc8b0a0056f867518176d18ec20cb0a8ce96361f9b01e,Local candidate has exact shared alpha but is not geometry locked or production eligible.
275,shot__component__cap__18-415__cp18-415mtsltall__e0f88a1e,component-source,cap,Cap/Closure,,18-415,component__cap__18-415__cp18-415mtsltall__e0f88a1e,Cap/Closure · Matte Silver · Tall,Component (see capStyle/applicator),CP18-415MtSlTall,https://www.bestbottles.com/images/store/enlarged_pics/CP18-415MtSlTall.gif,,,needs-authority,P1-PRODUCE,dimension-calibrated-profile-review-candidate,unverified,"Review and name the dimension-calibrated profile authority; material pixels, family fit, and compatibility remain unapproved.",docs/paper-doll-rig/tall-cap-18-415-family-recipe.json | outputs/paper-doll-parametric-overcaps/18-415-tall-cap/candidate-v1/candidate-manifest.json | outputs/paper-doll-parametric-overcaps/18-415-tall-cap/candidate-v1/review-contact-sheet.png,627ef512ace5d913e691ddb45d987b61ecba24ae9d5eedad9770848bb37711e5,Local candidate has exact shared alpha but is not geometry locked or production eligible.
276,shot__component__cap__18-415__cp18-415shnblktall__cb32a7a2,component-source,cap,Cap/Closure,,18-415,component__cap__18-415__cp18-415shnblktall__cb32a7a2,Cap/Closure · Shiny Black · Tall,Component (see capStyle/applicator),CP18-415ShnBlkTall,https://www.bestbottles.com/images/store/enlarged_pics/CP18-415ShnBlkTall.gif,,,needs-authority,P1-PRODUCE,dimension-calibrated-profile-review-candidate,unverified,"Review and name the dimension-calibrated profile authority; material pixels, family fit, and compatibility remain unapproved.",docs/paper-doll-rig/tall-cap-18-415-family-recipe.json | outputs/paper-doll-parametric-overcaps/18-415-tall-cap/candidate-v1/candidate-manifest.json | outputs/paper-doll-parametric-overcaps/18-415-tall-cap/candidate-v1/review-contact-sheet.png,627ef512ace5d913e691ddb45d987b61ecba24ae9d5eedad9770848bb37711e5,Local candidate has exact shared alpha but is not geometry locked or production eligible.
277,shot__component__cap__18-415__cp18-415shngl__20b865b9,component-source,cap,Cap/Closure,,18-415,component__cap__18-415__cp18-415shngl__20b865b9,Cap/Closure · Shiny Gold · Short,Component (see capStyle/applicator),CP18-415ShnGl,https://www.bestbottles.com/images/store/enlarged_pics/CP18-415ShnGl.gif,,,needs-authority,P1-PRODUCE,dimension-calibrated-profile-review-candidate,unverified,"Review and name the dimension-calibrated profile authority; material pixels, family fit, and compatibility remain unapproved.",docs/paper-doll-rig/short-cap-18-415-family-recipe.json | outputs/paper-doll-parametric-overcaps/18-415-short-cap/candidate-v1/candidate-manifest.json | outputs/paper-doll-parametric-overcaps/18-415-short-cap/candidate-v1/review-contact-sheet.png,ba96a07c9780e98e028fc8b0a0056f867518176d18ec20cb0a8ce96361f9b01e,Local candidate has exact shared alpha but is not geometry locked or production eligible.
278,shot__component__cap__18-415__cp18-415shnsl__8ec98631,component-source,cap,Cap/Closure,,18-415,component__cap__18-415__cp18-415shnsl__8ec98631,Cap/Closure · Shiny Silver · Short,Component (see capStyle/applicator),CP18-415ShnSl,https://www.bestbottles.com/images/store/enlarged_pics/CP18-415ShnSl.gif,,,needs-authority,P1-PRODUCE,dimension-calibrated-profile-review-candidate,unverified,"Review and name the dimension-calibrated profile authority; material pixels, family fit, and compatibility remain unapproved.",docs/paper-doll-rig/short-cap-18-415-family-recipe.json | outputs/paper-doll-parametric-overcaps/18-415-short-cap/candidate-v1/candidate-manifest.json | outputs/paper-doll-parametric-overcaps/18-415-short-cap/candidate-v1/review-contact-sheet.png,ba96a07c9780e98e028fc8b0a0056f867518176d18ec20cb0a8ce96361f9b01e,Local candidate has exact shared alpha but is not geometry locked or production eligible.
279,shot__component__cap__8-425__8-425cpshortwhite__e36ca098,component-source,cap,Cap/Closure,,8-425,component__cap__8-425__8-425cpshortwhite__e36ca098,Cap/Closure · Short · White,Component (see capStyle/applicator),8-425CpShortWhite,https://www.bestbottles.com/images/store/enlarged_pics/CP8-425ShortWhite.gif,,,needs-authority,P1-PRODUCE,dimension-calibrated-profile-review-candidate,unverified,"Review and name the dimension-calibrated profile authority; material pixels, family fit, and compatibility remain unapproved.",docs/paper-doll-rig/short-fluted-cap-8-425-family-recipe.json | outputs/paper-doll-parametric-overcaps/8-425-short-fluted-cap/candidate-v1/candidate-manifest.json | outputs/paper-doll-parametric-overcaps/8-425-short-fluted-cap/candidate-v1/review-contact-sheet.png,8e87dd4052efabf322d7162a1424b21c71cc97d708ba6ba50b9a8eac913da03d,Local candidate has exact shared alpha but is not geometry locked or production eligible.
280,shot__component__cap__8-425__cp8-425tallshnsl__29b47d55,component-source,cap,Cap/Closure,,8-425,component__cap__8-425__cp8-425tallshnsl__29b47d55,Cap/Closure · Silver · Tall,Component (see capStyle/applicator),CP8-425TallShnSl,https://www.bestbottles.com/images/store/enlarged_pics/CP8-425TallShnSl.gif,,,needs-authority,P1-PRODUCE,dimension-calibrated-profile-review-candidate,unverified,"Review and name the dimension-calibrated profile authority; material pixels, family fit, and compatibility remain unapproved.",docs/paper-doll-rig/tall-cap-8-425-family-recipe.json | outputs/paper-doll-parametric-overcaps/8-425-tall-cap/candidate-v1/candidate-manifest.json | outputs/paper-doll-parametric-overcaps/8-425-tall-cap/candidate-v1/review-contact-sheet.png,39a7110e5d09a8c229e5d48ce5ca932cf7c02b1f69a94596305f34c89c622eb0,Local candidate has exact shared alpha but is not geometry locked or production eligible.
281,shot__component__cap__18-415__cp18-415wh__1d580ab1,component-source,cap,Cap/Closure,,18-415,component__cap__18-415__cp18-415wh__1d580ab1,Cap/Closure · White,Component (see capStyle/applicator),CP18-415Wh,https://www.bestbottles.com/images/store/enlarged_pics/CP18-415Wh.gif,,,needs-authority,P1-PRODUCE,missing,unverified,"Create one geometry authority, derive approved material pixels, then verify fit per cohort.",,,
282,shot__component__pump__18-415__ltn18-415mtslcl__b38e56db,component-source,pump,Lotion Pump,,18-415,component__pump__18-415__ltn18-415mtslcl__b38e56db,Matte Silver · Pump,Component (see capStyle/applicator),Ltn18-415MtSlCl,https://www.bestbottles.com/images/store/enlarged_pics/Ltn18-415MtSlCl.gif,,,needs-authority,P1-PRODUCE,missing,unverified,"Create one geometry authority, derive approved material pixels, then verify fit per cohort.",,,
283,shot__component__pump__18-415__ltn18-415shnblk__49984a22,component-source,pump,Lotion Pump,,18-415,component__pump__18-415__ltn18-415shnblk__49984a22,Pump · Shiny Black,Component (see capStyle/applicator),Ltn18-415ShnBlk,https://www.bestbottles.com/images/store/enlarged_pics/Ltn18-415ShnBlk.gif,,,needs-authority,P1-PRODUCE,missing,unverified,"Create one geometry authority, derive approved material pixels, then verify fit per cohort.",,,
284,shot__component__pump__18-415__ltn18-415shngl__793844bc,component-source,pump,Lotion Pump,,18-415,component__pump__18-415__ltn18-415shngl__793844bc,Pump · Shiny Gold,Component (see capStyle/applicator),Ltn18-415ShnGl,https://www.bestbottles.com/images/store/enlarged_pics/Ltn18-415ShnGl.gif,,,needs-authority,P1-PRODUCE,missing,unverified,"Create one geometry authority, derive approved material pixels, then verify fit per cohort.",,,
285,shot__component__pump__18-415__ltn18-415shnsl__de90abd7,component-source,pump,Lotion Pump,,18-415,component__pump__18-415__ltn18-415shnsl__de90abd7,Pump · Shiny Silver,Component (see capStyle/applicator),Ltn18-415ShnSl,https://www.bestbottles.com/images/store/enlarged_pics/Ltn18-415ShnSl.gif,,,needs-authority,P1-PRODUCE,missing,unverified,"Create one geometry authority, derive approved material pixels, then verify fit per cohort.",,,
286,shot__component__cap__13-415__cp13-415blksht__d0777c40,component-source,cap,Roll-On Cap,,13-415,component__cap__13-415__cp13-415blksht__d0777c40,Black · Cap/Closure · Short,Component (see capStyle/applicator),CP13-415BlkSht,https://www.bestbottles.com/images/store/enlarged_pics/CP13-415BlkSht.gif,,,needs-authority,P1-PRODUCE,missing,unverified,"Create one geometry authority, derive approved material pixels, then verify fit per cohort.",,,
287,shot__component__cap__13-415__cproll13-415blackdot__52d62a8d,component-source,cap,Roll-On Cap,,13-415,component__cap__13-415__cproll13-415blackdot__52d62a8d,Black · Plastic Roller Ball · Roll-On,Component (see capStyle/applicator),CPRoll13-415BlackDot,https://www.bestbottles.com/images/store/enlarged_pics/CPRoll13-415BlackDot.gif,,,needs-authority,P1-PRODUCE,dimension-calibrated-profile-review-candidate,unverified,"Review and name the dimension-calibrated profile authority; material pixels, family fit, and compatibility remain unapproved.",docs/paper-doll-rig/rollon-cap-13-415-family-recipe.json | outputs/paper-doll-parametric-overcaps/13-415-rollon-cap/candidate-v1/candidate-manifest.json | outputs/paper-doll-parametric-overcaps/13-415-rollon-cap/candidate-v1/review-contact-sheet.png,6f728d0e688166166632408e8523b4fcc6d1599d874112da278117bbb37621bf,Local candidate has exact shared alpha but is not geometry locked or production eligible.
288,shot__component__cap__13-415__cproll13-415blksh__e57dd393,component-source,cap,Roll-On Cap,,13-415,component__cap__13-415__cproll13-415blksh__e57dd393,Black · Plastic Roller Ball · Roll-On,Component (see capStyle/applicator),CPRoll13-415BlkSh,https://www.bestbottles.com/images/store/enlarged_pics/CPRoll13-415BlkSh.gif,,,needs-authority,P1-PRODUCE,dimension-calibrated-profile-review-candidate,unverified,"Review and name the dimension-calibrated profile authority; material pixels, family fit, and compatibility remain unapproved.",docs/paper-doll-rig/rollon-cap-13-415-family-recipe.json | outputs/paper-doll-parametric-overcaps/13-415-rollon-cap/candidate-v1/candidate-manifest.json | outputs/paper-doll-parametric-overcaps/13-415-rollon-cap/candidate-v1/review-contact-sheet.png,6f728d0e688166166632408e8523b4fcc6d1599d874112da278117bbb37621bf,Local candidate has exact shared alpha but is not geometry locked or production eligible.
289,shot__component__cap__20-400__cproll20-400tallmattblk__00fac76b,component-source,cap,Roll-On Cap,,20-400,component__cap__20-400__cproll20-400tallmattblk__00fac76b,Black · Plastic Roller Ball · Tall,Component (see capStyle/applicator),CPRoll20-400TallMattBlk,https://www.bestbottles.com/images/store/enlarged_pics/CPRoll20-400TallMattBlk.gif,,,needs-authority,P1-PRODUCE,missing,unverified,"Create one geometry authority, derive approved material pixels, then verify fit per cohort.",,,
290,shot__component__cap__20-400__cproll20-400tallshnblk__1bdb81a5,component-source,cap,Roll-On Cap,,20-400,component__cap__20-400__cproll20-400tallshnblk__1bdb81a5,Black · Plastic Roller Ball · Tall,Component (see capStyle/applicator),CPRoll20-400TallShnBlk,https://www.bestbottles.com/images/store/enlarged_pics/CPRoll20-400TallShnBlk.gif,,,needs-authority,P1-PRODUCE,missing,unverified,"Create one geometry authority, derive approved material pixels, then verify fit per cohort.",,,
291,shot__component__cap__13-415__cp13-415gl__066b574a,component-source,cap,Roll-On Cap,,13-415,component__cap__13-415__cp13-415gl__066b574a,Cap/Closure · Shiny Gold,Component (see capStyle/applicator),CP13-415Gl,https://www.bestbottles.com/images/store/enlarged_pics/CP13-415Gl.gif,,,needs-authority,P1-PRODUCE,dimension-calibrated-profile-review-candidate,unverified,"Review and name the dimension-calibrated profile authority; material pixels, family fit, and compatibility remain unapproved.",docs/paper-doll-rig/standard-cap-13-415-family-recipe.json | outputs/paper-doll-parametric-overcaps/13-415-standard-cap/candidate-v1/candidate-manifest.json | outputs/paper-doll-parametric-overcaps/13-415-standard-cap/candidate-v1/review-contact-sheet.png,f7ecb8a90be588236fae483fb1eab7fac0b672074c1d28e153137e933dade336,Local candidate has exact shared alpha but is not geometry locked or production eligible.
292,shot__component__cap__15-415__cp15-415shngl__fd6cf452,component-source,cap,Roll-On Cap,,15-415,component__cap__15-415__cp15-415shngl__fd6cf452,Cap/Closure · Shiny Gold,Component (see capStyle/applicator),CP15-415ShnGl,https://www.bestbottles.com/images/store/enlarged_pics/CP15-415ShnGl.gif,,,needs-authority,P1-PRODUCE,dimension-calibrated-profile-review-candidate,unverified,"Review and name the dimension-calibrated profile authority; material pixels, family fit, and compatibility remain unapproved.",docs/paper-doll-rig/standard-cap-15-415-family-recipe.json | outputs/paper-doll-parametric-overcaps/15-415-standard-cap/candidate-v1/candidate-manifest.json | outputs/paper-doll-parametric-overcaps/15-415-standard-cap/candidate-v1/review-contact-sheet.png,becbb25a0e5e6ef1c63d236d71edea1165704b8e392a6843f1da6d3a9408daeb,Local candidate has exact shared alpha but is not geometry locked or production eligible.
293,shot__component__cap__15-415__cp15-415shnsl__1b13e105,component-source,cap,Roll-On Cap,,15-415,component__cap__15-415__cp15-415shnsl__1b13e105,Cap/Closure · Shiny Silver,Component (see capStyle/applicator),CP15-415ShnSl,https://www.bestbottles.com/images/store/enlarged_pics/CP15-415ShnSl.gif,,,needs-authority,P1-PRODUCE,dimension-calibrated-profile-review-candidate,unverified,"Review and name the dimension-calibrated profile authority; material pixels, family fit, and compatibility remain unapproved.",docs/paper-doll-rig/standard-cap-15-415-family-recipe.json | outputs/paper-doll-parametric-overcaps/15-415-standard-cap/candidate-v1/candidate-manifest.json | outputs/paper-doll-parametric-overcaps/15-415-standard-cap/candidate-v1/review-contact-sheet.png,becbb25a0e5e6ef1c63d236d71edea1165704b8e392a6843f1da6d3a9408daeb,Local candidate has exact shared alpha but is not geometry locked or production eligible.
294,shot__component__cap__13-415__cp13-415whtsht__bc6e8b50,component-source,cap,Roll-On Cap,,13-415,component__cap__13-415__cp13-415whtsht__bc6e8b50,Cap/Closure · Short · White,Component (see capStyle/applicator),CP13-415WhtSht,https://www.bestbottles.com/images/store/enlarged_pics/CP13-415WhtSht.gif,,,needs-authority,P1-PRODUCE,missing,unverified,"Create one geometry authority, derive approved material pixels, then verify fit per cohort.",,,
295,shot__component__cap__13-415__cp13-415sl__ceb75964,component-source,cap,Roll-On Cap,,13-415,component__cap__13-415__cp13-415sl__ceb75964,Cap/Closure · Silver,Component (see capStyle/applicator),CP13-415Sl,https://www.bestbottles.com/images/store/enlarged_pics/CP13-415Sl.gif,,,needs-authority,P1-PRODUCE,dimension-calibrated-profile-review-candidate,unverified,"Review and name the dimension-calibrated profile authority; material pixels, family fit, and compatibility remain unapproved.",docs/paper-doll-rig/standard-cap-13-415-family-recipe.json | outputs/paper-doll-parametric-overcaps/13-415-standard-cap/candidate-v1/candidate-manifest.json | outputs/paper-doll-parametric-overcaps/13-415-standard-cap/candidate-v1/review-contact-sheet.png,f7ecb8a90be588236fae483fb1eab7fac0b672074c1d28e153137e933dade336,Local candidate has exact shared alpha but is not geometry locked or production eligible.
296,shot__component__cap__13-415__cproll13-415cu__b8e9dfe7,component-source,cap,Roll-On Cap,,13-415,component__cap__13-415__cproll13-415cu__b8e9dfe7,Copper · Plastic Roller Ball · Roll-On,Component (see capStyle/applicator),CPRoll13-415Cu,https://www.bestbottles.com/images/store/enlarged_pics/CPRoll13-415Cu.gif,,,needs-authority,P1-PRODUCE,dimension-calibrated-profile-review-candidate,unverified,"Review and name the dimension-calibrated profile authority; material pixels, family fit, and compatibility remain unapproved.",docs/paper-doll-rig/rollon-cap-13-415-family-recipe.json | outputs/paper-doll-parametric-overcaps/13-415-rollon-cap/candidate-v1/candidate-manifest.json | outputs/paper-doll-parametric-overcaps/13-415-rollon-cap/candidate-v1/review-contact-sheet.png,6f728d0e688166166632408e8523b4fcc6d1599d874112da278117bbb37621bf,Local candidate has exact shared alpha but is not geometry locked or production eligible.
297,shot__component__cap__20-400__cproll20-400tallmattgl__50792d55,component-source,cap,Roll-On Cap,,20-400,component__cap__20-400__cproll20-400tallmattgl__50792d55,Gold · Plastic Roller Ball · Tall,Component (see capStyle/applicator),CPRoll20-400TallMattGl,https://www.bestbottles.com/images/store/enlarged_pics/CPRoll20-400TallMattGl.gif,,,needs-authority,P1-PRODUCE,missing,unverified,"Create one geometry authority, derive approved material pixels, then verify fit per cohort.",,,
298,shot__component__cap__20-400__cproll20-400tallshngl__17d8c460,component-source,cap,Roll-On Cap,,20-400,component__cap__20-400__cproll20-400tallshngl__17d8c460,Gold · Plastic Roller Ball · Tall,Component (see capStyle/applicator),CPRoll20-400TallShnGl,https://www.bestbottles.com/images/store/enlarged_pics/CPRoll20-400TallShnGl.gif,,,needs-authority,P1-PRODUCE,missing,unverified,"Create one geometry authority, derive approved material pixels, then verify fit per cohort.",,,
299,shot__component__cap__13-415__cproll13-415pinkdot__942ed8df,component-source,cap,Roll-On Cap,,13-415,component__cap__13-415__cproll13-415pinkdot__942ed8df,Pink · Plastic Roller Ball · Roll-On,Component (see capStyle/applicator),CPRoll13-415PinkDot,https://www.bestbottles.com/images/store/enlarged_pics/CPRoll13-415PinkDot.gif,,,needs-authority,P1-PRODUCE,dimension-calibrated-profile-review-candidate,unverified,"Review and name the dimension-calibrated profile authority; material pixels, family fit, and compatibility remain unapproved.",docs/paper-doll-rig/rollon-cap-13-415-family-recipe.json | outputs/paper-doll-parametric-overcaps/13-415-rollon-cap/candidate-v1/candidate-manifest.json | outputs/paper-doll-parametric-overcaps/13-415-rollon-cap/candidate-v1/review-contact-sheet.png,6f728d0e688166166632408e8523b4fcc6d1599d874112da278117bbb37621bf,Local candidate has exact shared alpha but is not geometry locked or production eligible.
300,shot__component__cap__13-415__cproll13-415glmt__6d787cff,component-source,cap,Roll-On Cap,,13-415,component__cap__13-415__cproll13-415glmt__6d787cff,Plastic Roller Ball · Roll-On · Shiny Gold,Component (see capStyle/applicator),CPRoll13-415GlMt,https://www.bestbottles.com/images/store/enlarged_pics/CPRoll13-415GlMt.gif,,,needs-authority,P1-PRODUCE,dimension-calibrated-profile-review-candidate,unverified,"Review and name the dimension-calibrated profile authority; material pixels, family fit, and compatibility remain unapproved.",docs/paper-doll-rig/rollon-cap-13-415-family-recipe.json | outputs/paper-doll-parametric-overcaps/13-415-rollon-cap/candidate-v1/candidate-manifest.json | outputs/paper-doll-parametric-overcaps/13-415-rollon-cap/candidate-v1/review-contact-sheet.png,6f728d0e688166166632408e8523b4fcc6d1599d874112da278117bbb37621bf,Local candidate has exact shared alpha but is not geometry locked or production eligible.
301,shot__component__cap__13-415__cproll13-415glsh__55b102ef,component-source,cap,Roll-On Cap,,13-415,component__cap__13-415__cproll13-415glsh__55b102ef,Plastic Roller Ball · Roll-On · Shiny Gold,Component (see capStyle/applicator),CPRoll13-415GlSh,https://www.bestbottles.com/images/store/enlarged_pics/CPRoll13-415GlSh.gif,,,needs-authority,P1-PRODUCE,dimension-calibrated-profile-review-candidate,unverified,"Review and name the dimension-calibrated profile authority; material pixels, family fit, and compatibility remain unapproved.",docs/paper-doll-rig/rollon-cap-13-415-family-recipe.json | outputs/paper-doll-parametric-overcaps/13-415-rollon-cap/candidate-v1/candidate-manifest.json | outputs/paper-doll-parametric-overcaps/13-415-rollon-cap/candidate-v1/review-contact-sheet.png,6f728d0e688166166632408e8523b4fcc6d1599d874112da278117bbb37621bf,Local candidate has exact shared alpha but is not geometry locked or production eligible.
302,shot__component__cap__13-415__cproll13-415sldot__51bd30ce,component-source,cap,Roll-On Cap,,13-415,component__cap__13-415__cproll13-415sldot__51bd30ce,Plastic Roller Ball · Roll-On · Silver,Component (see capStyle/applicator),CPRoll13-415SlDot,https://www.bestbottles.com/images/store/enlarged_pics/CPRoll13-415SlDot.gif,,,needs-authority,P1-PRODUCE,dimension-calibrated-profile-review-candidate,unverified,"Review and name the dimension-calibrated profile authority; material pixels, family fit, and compatibility remain unapproved.",docs/paper-doll-rig/rollon-cap-13-415-family-recipe.json | outputs/paper-doll-parametric-overcaps/13-415-rollon-cap/candidate-v1/candidate-manifest.json | outputs/paper-doll-parametric-overcaps/13-415-rollon-cap/candidate-v1/review-contact-sheet.png,6f728d0e688166166632408e8523b4fcc6d1599d874112da278117bbb37621bf,Local candidate has exact shared alpha but is not geometry locked or production eligible.
303,shot__component__cap__13-415__cproll13-415slmt__2822f1b2,component-source,cap,Roll-On Cap,,13-415,component__cap__13-415__cproll13-415slmt__2822f1b2,Plastic Roller Ball · Roll-On · Silver,Component (see capStyle/applicator),CPRoll13-415SlMt,https://www.bestbottles.com/images/store/enlarged_pics/CPRoll13-415SlMt.gif,,,needs-authority,P1-PRODUCE,dimension-calibrated-profile-review-candidate,unverified,"Review and name the dimension-calibrated profile authority; material pixels, family fit, and compatibility remain unapproved.",docs/paper-doll-rig/rollon-cap-13-415-family-recipe.json | outputs/paper-doll-parametric-overcaps/13-415-rollon-cap/candidate-v1/candidate-manifest.json | outputs/paper-doll-parametric-overcaps/13-415-rollon-cap/candidate-v1/review-contact-sheet.png,6f728d0e688166166632408e8523b4fcc6d1599d874112da278117bbb37621bf,Local candidate has exact shared alpha but is not geometry locked or production eligible.
304,shot__component__cap__13-415__cproll13-415slsh__47b34149,component-source,cap,Roll-On Cap,,13-415,component__cap__13-415__cproll13-415slsh__47b34149,Plastic Roller Ball · Roll-On · Silver,Component (see capStyle/applicator),CPRoll13-415SlSh,https://www.bestbottles.com/images/store/enlarged_pics/CPRoll13-415SlSh.gif,,,needs-authority,P1-PRODUCE,dimension-calibrated-profile-review-candidate,unverified,"Review and name the dimension-calibrated profile authority; material pixels, family fit, and compatibility remain unapproved.",docs/paper-doll-rig/rollon-cap-13-415-family-recipe.json | outputs/paper-doll-parametric-overcaps/13-415-rollon-cap/candidate-v1/candidate-manifest.json | outputs/paper-doll-parametric-overcaps/13-415-rollon-cap/candidate-v1/review-contact-sheet.png,6f728d0e688166166632408e8523b4fcc6d1599d874112da278117bbb37621bf,Local candidate has exact shared alpha but is not geometry locked or production eligible.
305,shot__component__cap__20-400__cproll20-400tallmattsl__4d38e5e2,component-source,cap,Roll-On Cap,,20-400,component__cap__20-400__cproll20-400tallmattsl__4d38e5e2,Plastic Roller Ball · Silver · Tall,Component (see capStyle/applicator),CPRoll20-400TallMattSl,https://www.bestbottles.com/images/store/enlarged_pics/CPRoll20-400TallMattSl.gif,,,needs-authority,P1-PRODUCE,missing,unverified,"Create one geometry authority, derive approved material pixels, then verify fit per cohort.",,,
306,shot__component__cap__20-400__cproll20-400tallshnsl__0e46c1c0,component-source,cap,Roll-On Cap,,20-400,component__cap__20-400__cproll20-400tallshnsl__0e46c1c0,Plastic Roller Ball · Silver · Tall,Component (see capStyle/applicator),CPRoll20-400TallShnSl,https://www.bestbottles.com/images/store/enlarged_pics/CPRoll20-400TallShnSl.gif,,,needs-authority,P1-PRODUCE,missing,unverified,"Create one geometry authority, derive approved material pixels, then verify fit per cohort.",,,
307,shot__component__sprayer__15-415__spry15-415blk__58b11410,component-source,sprayer,Sprayer,,15-415,component__sprayer__15-415__spry15-415blk__58b11410,Black · Fine Mist Sprayer · Spray,Component (see capStyle/applicator),Spry15-415Blk,https://www.bestbottles.com/images/store/enlarged_pics/Spry15-415Blk.gif,,,needs-authority,P1-PRODUCE,missing,unverified,"Create one geometry authority, derive approved material pixels, then verify fit per cohort.",,,
308,shot__component__sprayer__13-415__cp13-415sprycumt__c3ef6172,component-source,sprayer,Sprayer,,13-415,component__sprayer__13-415__cp13-415sprycumt__c3ef6172,Copper · Spray,Component (see capStyle/applicator),CP13-415SpryCuMt,https://www.bestbottles.com/images/store/enlarged_pics/CP13-415SpryCuMt.gif,,,needs-authority,P1-PRODUCE,missing,unverified,"Create one geometry authority, derive approved material pixels, then verify fit per cohort.",,,
309,shot__component__sprayer__18-415__spry18-415cu__248a10fd,component-source,sprayer,Sprayer,,18-415,component__sprayer__18-415__spry18-415cu__248a10fd,Copper · Spray,Component (see capStyle/applicator),Spry18-415Cu,https://www.bestbottles.com/images/store/enlarged_pics/Spry18-415Cu.gif,,,needs-authority,P1-PRODUCE,missing,unverified,"Create one geometry authority, derive approved material pixels, then verify fit per cohort.",,,
310,shot__component__sprayer__15-415__spry15-415mattgl__3271e4dc,component-source,sprayer,Sprayer,,15-415,component__sprayer__15-415__spry15-415mattgl__3271e4dc,Fine Mist Sprayer · Matte Gold · Spray,Component (see capStyle/applicator),Spry15-415MattGl,https://www.bestbottles.com/images/store/enlarged_pics/Spry15-415MattGl.gif,,,needs-authority,P1-PRODUCE,missing,unverified,"Create one geometry authority, derive approved material pixels, then verify fit per cohort.",,,
311,shot__component__sprayer__15-415__spry15-415mattsl__d197f650,component-source,sprayer,Sprayer,,15-415,component__sprayer__15-415__spry15-415mattsl__d197f650,Fine Mist Sprayer · Matte Silver · Spray,Component (see capStyle/applicator),Spry15-415MattSl,https://www.bestbottles.com/images/store/enlarged_pics/Spry15-415MattSl.gif,,,needs-authority,P1-PRODUCE,missing,unverified,"Create one geometry authority, derive approved material pixels, then verify fit per cohort.",,,
312,shot__component__sprayer__15-415__spry15-415shngl__a82ba263,component-source,sprayer,Sprayer,,15-415,component__sprayer__15-415__spry15-415shngl__a82ba263,Fine Mist Sprayer · Shiny Gold · Spray,Component (see capStyle/applicator),Spry15-415ShnGl,https://www.bestbottles.com/images/store/enlarged_pics/Spry15-415ShnGl.gif,,,needs-authority,P1-PRODUCE,missing,unverified,"Create one geometry authority, derive approved material pixels, then verify fit per cohort.",,,
313,shot__component__sprayer__15-415__spry15-415shnsl__98ff4e6f,component-source,sprayer,Sprayer,,15-415,component__sprayer__15-415__spry15-415shnsl__98ff4e6f,Fine Mist Sprayer · Shiny Silver · Spray,Component (see capStyle/applicator),Spry15-415ShnSl,https://www.bestbottles.com/images/store/enlarged_pics/Spry15-415ShnSl.gif,,,needs-authority,P1-PRODUCE,missing,unverified,"Create one geometry authority, derive approved material pixels, then verify fit per cohort.",,,
314,shot__component__sprayer__18-415__spry18-415mtgl__b5d3e914,component-source,sprayer,Sprayer,,18-415,component__sprayer__18-415__spry18-415mtgl__b5d3e914,Matte Gold · Spray,Component (see capStyle/applicator),Spry18-415MtGl,https://www.bestbottles.com/images/store/enlarged_pics/Spry18-415MtGl.gif,,,needs-authority,P1-PRODUCE,missing,unverified,"Create one geometry authority, derive approved material pixels, then verify fit per cohort.",,,
315,shot__component__sprayer__18-415__spry18-415mtsl__8f261412,component-source,sprayer,Sprayer,,18-415,component__sprayer__18-415__spry18-415mtsl__8f261412,Matte Silver · Spray,Component (see capStyle/applicator),Spry18-415MtSl,https://www.bestbottles.com/images/store/enlarged_pics/Spry18-415MtSl.gif,,,needs-authority,P1-PRODUCE,missing,unverified,"Create one geometry authority, derive approved material pixels, then verify fit per cohort.",,,
316,shot__component__sprayer__18-415__spry18-415shnblk__5390bd36,component-source,sprayer,Sprayer,,18-415,component__sprayer__18-415__spry18-415shnblk__5390bd36,Shiny Black · Spray,Component (see capStyle/applicator),Spry18-415ShnBlk,https://www.bestbottles.com/images/store/enlarged_pics/Spry18-415ShnBlk.gif,,,needs-authority,P1-PRODUCE,missing,unverified,"Create one geometry authority, derive approved material pixels, then verify fit per cohort.",,,
317,shot__component__sprayer__18-415__spry18-415shngl__b015837a,component-source,sprayer,Sprayer,,18-415,component__sprayer__18-415__spry18-415shngl__b015837a,Shiny Gold · Spray,Component (see capStyle/applicator),Spry18-415ShnGl,https://www.bestbottles.com/images/store/enlarged_pics/Spry18-415ShnGl.gif,,,needs-authority,P1-PRODUCE,missing,unverified,"Create one geometry authority, derive approved material pixels, then verify fit per cohort.",,,
318,shot__component__sprayer__18-415__spry18-415shnsl__aaa42a6a,component-source,sprayer,Sprayer,,18-415,component__sprayer__18-415__spry18-415shnsl__aaa42a6a,Shiny Silver · Spray,Component (see capStyle/applicator),Spry18-415ShnSl,https://www.bestbottles.com/images/store/enlarged_pics/Spry18-415ShnSl.gif,,,needs-authority,P1-PRODUCE,missing,unverified,"Create one geometry authority, derive approved material pixels, then verify fit per cohort.",,,
